type,subtype,mensaje,jugador,de_equipo,a_equipo,precio,posicionJugador,puntosJugador,equipoLiga,name,money,position,aciertos,points,jornada,date,idTransfer
marks,start_mercado,,,,,,,,,,,,,,,2025-11-17,
transfer,mercado,,Sofyan Amrabat,Mister,Los marinero,9.994.909,3,39,4,,,,,,,2025-11-17,67b8036511de85e10e366d382376e8c6
transfer,Puja,,Sofyan Amrabat,Mister,Dani,9.355.360,3,39,4,,,,,,,2025-11-17,490d746f5f98bb3be5a0ca898f184943
transfer,Puja,,Sofyan Amrabat,Mister,Chamac√≥nicos,9.034.000,3,39,4,,,,,,,2025-11-17,50cdfb4e47dae4553da5a3f3ed634871
marks,start_mercado,,,,,,,,,,,,,,,2025-11-17,
transfer,mercado,,Moi G√≥mez,Chamac√≥nicos,Mister,5.572.350,3,37,50,,,,,,,2025-11-17,de37257303380d79eb813ea660610476
marks,start_mercado,,,,,,,,,,,,,,,2025-11-17,
transfer,mercado,,Adri√°n Liso,Maldinillo üí•,Mister,6.481.650,3,51,9,,,,,,,2025-11-17,5c0cb49ce5922fc46d8efb721cdb67f8
marks,start_mercado,,,,,,,,,,,,,,,2025-11-17,
transfer,mercado,,Borja Mayoral,Mister,Dani,9.707.080,4.0,42.0,9.0,,,,,,,2025-11-16,26ee89ed2c3331cd80454e039c53e096
transfer,Puja,,Borja Mayoral,Mister,Libre,9.551.010,4.0,42.0,9.0,,,,,,,2025-11-16,4ef20d6b86e24740b31092411e15cba9
marks,start_mercado,,,,,,,,,,,,,,,2025-11-16,
transfer,mercado,,Aymeric Laporte,Maldinillo üí•,Mister,10.764.000,2.0,33.0,1.0,,,,,,,2025-11-16,938b970f53d289cea7944867f54868d9
marks,start_mercado,,,,,,,,,,,,,,,2025-11-16,
transfer,mercado,,Antonio Blanco,Mister,Libre,5.524.390,3.0,46.0,48.0,,,,,,,2025-11-15,51ff3996e7dcdd40549481de5649acfb
transfer,Puja,,Antonio Blanco,Mister,Dani,5.498.810,3.0,46.0,48.0,,,,,,,2025-11-15,869dc1eba773f282a4ee6f057f953565
transfer,mercado,,Santiago Colombatto,Mister,Libre,1.710.000,3.0,27.0,1370.0,,,,,,,2025-11-15,4d8f0725e54fae445ffcfa797e098ecd
marks,start_mercado,,,,,,,,,,,,,,,2025-11-15,
transfer,mercado,,Ferm√≠n L√≥pez,Mister,Maldinillo üí•,13.860.000,3.0,57.0,3.0,,,,,,,2025-11-14,8594fe303ad307c6bf9e509545d1a6d2
transfer,Puja,,Ferm√≠n L√≥pez,Mister,Dani,13.179.890,3.0,57.0,3.0,,,,,,,2025-11-14,7d6efd7976d9adb9dc8eb4818e023eef
transfer,Puja,,Ferm√≠n L√≥pez,Mister,Los marinero,12.990.090,3.0,57.0,3.0,,,,,,,2025-11-14,916d5cb5181ffc3993311ff4811d1f93
marks,start_mercado,,,,,,,,,,,,,,,2025-11-14,
transfer,mercado,,Chidera Ejuke,Libre,Mister,435.840,3.0,19.0,17.0,,,,,,,2025-11-14,29631bc71991271d5994308751acb5c6
marks,start_mercado,,,,,,,,,,,,,,,2025-11-14,
transfer,mercado,,√Ålvaro Carreras,Mister,Libre,12.736.140,2.0,61.0,15.0,,,,,,,2025-11-13,cde91d39faa64c595a9273d9fb1da9b7
transfer,Puja,,√Ålvaro Carreras,Mister,Dani,12.387.670,2.0,61.0,15.0,,,,,,,2025-11-13,bb1ef05365e78c4e9acd768a03c44e82
transfer,mercado,,Jon Aramburu,Mister,Libre,2.281.940,2.0,31.0,16.0,,,,,,,2025-11-13,1c1bb313cee0a85a6fc19ed6b69bc897
transfer,Puja,,Jon Aramburu,Mister,Chamac√≥nicos,2.277.020,2.0,31.0,16.0,,,,,,,2025-11-13,9daf53ac0ba8cceab05d94c94f78020d
transfer,mercado,,Viktor Tsygankov,Mister,Chamac√≥nicos,4.893.000,3.0,24.0,222.0,,,,,,,2025-11-13,127b04d3c29086aaff1c728c53d25bfa
transfer,Puja,,Viktor Tsygankov,Mister,Libre,4.850.000,3.0,24.0,222.0,,,,,,,2025-11-13,b10b053e7ad4249a02e7321f2d630e1c
transfer,Puja,,Viktor Tsygankov,Mister,Dani,4.837.830,3.0,24.0,222.0,,,,,,,2025-11-13,fc18267c43127ef2a5a2dead39ffa525
marks,start_mercado,,,,,,,,,,,,,,,2025-11-13,
transfer,mercado,,Javi Gal√°n,De la Guettir FC,Mister,164.800,2.0,12.0,2.0,,,,,,,2025-11-13,2eeeefc840c86de72327642899aeece3
marks,start_mercado,,,,,,,,,,,,,,,2025-11-13,
transfer,mercado,,Luis Rioja,Mister,Los marinero,5.325.000,3.0,46.0,19.0,,,,,,,2025-11-12,556d6b156458570309dcc6b4e59acb25
marks,start_mercado,,,,,,,,,,,,,,,2025-11-12,
transfer,mercado,,Pol Lozano,Libre,Mister,5.364.320,3.0,46.0,8.0,,,,,,,2025-11-12,d7e5aacb399b6c8da0fcc959fcccbc82
marks,start_mercado,,,,,,,,,,,,,,,2025-11-12,
transfer,mercado,,Roony Bardghji,Libre,Mister,2.954.640,4.0,22.0,3.0,,,,,,,2025-11-12,3321b98afeeac4fd626e47fdb9adfd92
marks,start_mercado,,,,,,,,,,,,,,,2025-11-12,
transfer,mercado,,Pedro D√≠az,Chamac√≥nicos,Mister,872.000,3.0,33.0,14.0,,,,,,,2025-11-12,d7273b9ea16a6cd66bf2e26069d7773a
marks,start_mercado,,,,,,,,,,,,,,,2025-11-12,
transfer,clausula,,Matteo Ruggeri,Dani,Jotabetrbb,1.117.500,2.0,26.0,2.0,,,,,,,2025-11-12,6720a28b8532383e7ece40a4b0f223fd
marks,start_mercado,,,,,,,,,,,,,,,2025-11-12,
transfer,mercado,,Sergi Cardona,De la Guettir FC,Mister,5.432.640,2.0,37.0,20.0,,,,,,,2025-11-11,defb7dbffd88588aae1ce64ec68439fb
marks,start_mercado,,,,,,,,,,,,,,,2025-11-11,
transfer,mercado,,Juan Iglesias,Mister,Libre,5.642.000,2.0,49.0,9.0,,,,,,,2025-11-11,64706383a058cd6c4f2df28cfea06c6b
transfer,mercado,,Pep Chavarr√≠a,Mister,De la Guettir FC,11.411.211,2.0,63.0,14.0,,,,,,,2025-11-11,2bbb3783428611bf2e6bf513309938b3
transfer,Puja,,Pep Chavarr√≠a,Mister,Dani,10.914.180,2.0,63.0,14.0,,,,,,,2025-11-11,6a0370a21ccf5a3a70078b132637e85c
transfer,Puja,,Pep Chavarr√≠a,Mister,Libre,10.686.920,2.0,63.0,14.0,,,,,,,2025-11-11,acb24354661dd65a98531cf62dd19554
transfer,Puja,,Pep Chavarr√≠a,Mister,Maldinillo üí•,10.653.160,2.0,63.0,14.0,,,,,,,2025-11-11,2e727131801b204d1c0e1a0f62efb0da
transfer,mercado,,Moi G√≥mez,Mister,Chamac√≥nicos,5.219.000,3.0,37.0,50.0,,,,,,,2025-11-11,0c1df8bb8c2dc559151580fd2cebeaca
transfer,Puja,,Moi G√≥mez,Mister,Maldinillo üí•,5.100.000,3.0,37.0,50.0,,,,,,,2025-11-11,b4fd1be1e58008b849065f637da633c4
transfer,Puja,,Moi G√≥mez,Mister,Libre,4.920.410,3.0,37.0,50.0,,,,,,,2025-11-11,95a141803bb02ab60d5f03737f1e598f
transfer,Puja,,Moi G√≥mez,Mister,Los marinero,4.919.000,3.0,37.0,50.0,,,,,,,2025-11-11,eaa66dfbfb574682f933ee2fac06dec3
transfer,mercado,,Andrei Ra»õiu,Mister,Dani,7.154.240,2.0,48.0,14.0,,,,,,,2025-11-11,e101554c52058c95a5a8664507c57db1
transfer,Puja,,Andrei Ra»õiu,Mister,Libre,6.926.600,2.0,48.0,14.0,,,,,,,2025-11-11,b505cf420e5488a340e12184b7ee5188
transfer,Puja,,Andrei Ra»õiu,Mister,Chamac√≥nicos,6.888.000,2.0,48.0,14.0,,,,,,,2025-11-11,d64673750a4f1fb3a3fbd110f6bd19a7
bonificacion,quiniela,,,,,,,,,Jotabetrbb,+700.000,1¬∫,7.0,,,2025-11-11,
bonificacion,quiniela,,,,,,,,,Maldinillo üí•,+700.000,2¬∫,7.0,,,2025-11-11,
bonificacion,quiniela,,,,,,,,,Juanba,+600.000,3¬∫,6.0,,,2025-11-11,
bonificacion,quiniela,,,,,,,,,Los marinero,+600.000,4¬∫,6.0,,,2025-11-11,
bonificacion,quiniela,,,,,,,,,MuchaSalsa,+600.000,5¬∫,6.0,,,2025-11-11,
bonificacion,quiniela,,,,,,,,,De la Guettir FC,+500.000,6¬∫,5.0,,,2025-11-11,
bonificacion,quiniela,,,,,,,,,Libre,+500.000,7¬∫,5.0,,,2025-11-11,
bonificacion,quiniela,,,,,,,,,Chamac√≥nicos,+300.000,8¬∫,3.0,,,2025-11-11,
bonificacion,quiniela,,,,,,,,,Dani,+300.000,9¬∫,3.0,,,2025-11-11,
bonificacion,clasificacion,,,,,,,,,Maldinillo üí•,1.770.000,1,,56.0,,2025-11-11,
bonificacion,clasificacion,,,,,,,,,Dani,1.700.000,2,,55.0,,2025-11-11,
bonificacion,clasificacion,,,,,,,,,Chamac√≥nicos,1.830.000,3,,49.0,,2025-11-11,
bonificacion,clasificacion,,,,,,,,,Jotabetrbb,1.800.000,4,,45.0,,2025-11-11,
bonificacion,clasificacion,,,,,,,,,Los marinero,2.150.000,5,,45.0,,2025-11-11,
bonificacion,clasificacion,,,,,,,,,Libre,2.330.000,6,,44.0,,2025-11-11,
bonificacion,clasificacion,,,,,,,,,MuchaSalsa,2.240.000,7,,42.0,,2025-11-11,
bonificacion,clasificacion,,,,,,,,,De la Guettir FC,2.140.000,8,,27.0,,2025-11-11,
bonificacion,clasificacion,,,,,,,,,Juanba,2.300.000,9,,25.0,,2025-11-11,
marks,start_mercado,,,,,,,,,,,,,,,2025-11-11,
transfer,mercado,,Ronald Ara√∫jo,Mister,Dani,9.540.200,2.0,53.0,3.0,,,,,,,2025-11-10,394b481cc7d3171a2fbdf1a5f3247475
marks,start_mercado,,,,,,,,,,,,,,,2025-11-10,
transfer,mercado,,√ìscar Valent√≠n,Los marinero,Mister,2.044.550,3.0,30.0,14.0,,,,,,,2025-11-10,4ad9e46cf997e64b58eb57eb28a6ec01
marks,start_mercado,,,,,,,,,,,,,,,2025-11-10,
transfer,mercado,,Alex Baena,Mister,De la Guettir FC,16.899.899,3.0,40.0,2.0,,,,,,,2025-11-09,472bec8d45dc85f5d8392772f0cfa087
transfer,Puja,,Alex Baena,Mister,MuchaSalsa,16.191.000,3.0,40.0,2.0,,,,,,,2025-11-09,806ea8b07f4215b1c919d4030233f771
transfer,Puja,,Alex Baena,Mister,Chamac√≥nicos,15.791.000,3.0,40.0,2.0,,,,,,,2025-11-09,d414570c3ef3d25b387b0214700ed47b
transfer,Puja,,Alex Baena,Mister,Dani,15.736.820,3.0,40.0,2.0,,,,,,,2025-11-09,25c72e53c7753f905e8b05529249c619
transfer,mercado,,Carlos √Ålvarez,Mister,De la Guettir FC,7.889.989,3.0,55.0,12.0,,,,,,,2025-11-09,4cfbdb24b4533efe6bda0d43841c8932
transfer,mercado,,Renato Veiga,Mister,De la Guettir FC,7.335.333,2.0,38.0,20.0,,,,,,,2025-11-09,d99e240441cddcbb7d03e4c9051dd8f8
transfer,Puja,,Renato Veiga,Mister,Libre,7.055.710,2.0,38.0,20.0,,,,,,,2025-11-09,5d07b77706b5c2568f28cfaae3e83f83
marks,start_mercado,,,,,,,,,,,,,,,2025-11-09,
transfer,mercado,,Chidera Ejuke,Mister,Libre,550.000,3.0,18.0,17.0,,,,,,,2025-11-08,02806e7616b8b72fb1782cecc3e8a80a
transfer,mercado,,Pedro D√≠az,Mister,Chamac√≥nicos,1.219.000,3.0,31.0,14.0,,,,,,,2025-11-08,ae9c5452db1e1cd04c00e48399b4f3bb
transfer,mercado,,David Alaba,Mister,Chamac√≥nicos,160.001,2.0,6.0,15.0,,,,,,,2025-11-08,6984b2b5951b48c80f9e05f11ac4cdca
transfer,mercado,,Pepelu,Mister,Dani,5.269.820,3.0,22.0,19.0,,,,,,,2025-11-08,dd3ccfc720b5278c28fe22906c54accc
transfer,Puja,,Pepelu,Mister,Libre,5.246.070,3.0,22.0,19.0,,,,,,,2025-11-08,6a5612bce25cc881175781e1d5062610
transfer,mercado,,Adri√°n Liso,Mister,Maldinillo üí•,6.144.110,3.0,49.0,9.0,,,,,,,2025-11-08,6b6ac91d1b0b08b32160c2712e39f4f6
transfer,Puja,,Adri√°n Liso,Mister,Dani,6.082.290,3.0,49.0,9.0,,,,,,,2025-11-08,ae6d95fdb074a9e8550214787bc269d6
transfer,Puja,,Adri√°n Liso,Mister,Libre,5.803.130,3.0,49.0,9.0,,,,,,,2025-11-08,2d3c293e22fcdf05963123d65b15ce6a
marks,start_mercado,,,,,,,,,,,,,,,2025-11-08,
transfer,mercado,,Victor Chust,Dani,Mister,3.628.800,2.0,34.0,23.0,,,,,,,2025-11-08,80cd3b17f82ca24e08a8f5a3dae7c7cc
marks,start_jornada,,,,,,,,,,,,,,12.0,2025-11-08,
marks,start_mercado,,,,,,,,,,,,,,,2025-11-08,
transfer,mercado,,Trent Alexander-Arnold,Chamac√≥nicos,Mister,6.702.420,2.0,10.0,15.0,,,,,,,2025-11-08,1db367dc1ac86dbfa54750a659189b63
marks,start_mercado,,,,,,,,,,,,,,,2025-11-08,
transfer,mercado,,Adri√°n de la Fuente,De la Guettir FC,Mister,2.115.360,2.0,28.0,12.0,,,,,,,2025-11-08,a5005bad2152e9b3babaeedc311e1b4f
marks,start_mercado,,,,,,,,,,,,,,,2025-11-08,
transfer,mercado,,Goduine Koyalipou,Libre,Mister,478.800,4.0,22.0,12.0,,,,,,,2025-11-08,e51e53724016b3814a6976000e4a669e
marks,start_mercado,,,,,,,,,,,,,,,2025-11-08,
transfer,mercado,,Paulo Gazzaniga,Maldinillo üí•,Mister,7.564.850,1.0,38.0,222.0,,,,,,,2025-11-07,073e4ca8aff4b46cbfe44830e59eed4e
marks,start_mercado,,,,,,,,,,,,,,,2025-11-07,
transfer,mercado,,Eric Garc√≠a,Maldinillo üí•,Mister,12.257.890,2.0,65.0,3.0,,,,,,,2025-11-07,4ed0f0caf5ccd731c2c1dbaf03b8471b
marks,start_mercado,,,,,,,,,,,,,,,2025-11-07,
transfer,mercado,,Iv√°n Balliu,Mister,Libre,179.000,2.0,12.0,14.0,,,,,,,2025-11-07,043e7ab3f8d755f6f5a9f87e0c7fbb4a
transfer,mercado,,Nacho Vidal,Mister,De la Guettir FC,1.175.557,2.0,21.0,1370.0,,,,,,,2025-11-07,36f61e07e50445a096185af4552870bb
transfer,Puja,,Nacho Vidal,Mister,Dani,828.380,2.0,21.0,1370.0,,,,,,,2025-11-07,9228a64243a8446f60786651f0c91f82
transfer,Puja,,Nacho Vidal,Mister,Libre,778.020,2.0,21.0,1370.0,,,,,,,2025-11-07,e7e66d5febdb67f3229a395a49379ff6
transfer,mercado,,Aleix Febas,Mister,Maldinillo üí•,10.010.000,3.0,49.0,23.0,,,,,,,2025-11-07,3fc772780a1cae7429e2e4c7137f4078
transfer,Puja,,Aleix Febas,Mister,De la Guettir FC,9.688.825,3.0,49.0,23.0,,,,,,,2025-11-07,a37857cfcb0b7b996501d296eed6a121
transfer,mercado,,Thiago Almada,Mister,Maldinillo üí•,8.360.000,3.0,37.0,2.0,,,,,,,2025-11-07,aef4e9b7359d3dbb45316683b1a95c50
transfer,Puja,,Thiago Almada,Mister,Dani,8.201.630,3.0,37.0,2.0,,,,,,,2025-11-07,6e8d3b6a5ac374d529cdee6006697af3
transfer,Puja,,Thiago Almada,Mister,Libre,7.839.450,3.0,37.0,2.0,,,,,,,2025-11-07,886caaa00d1c9d0677e51e1770229756
transfer,mercado,,Luiz J√∫nior,Mister,Maldinillo üí•,5.170.000,1.0,35.0,20.0,,,,,,,2025-11-07,793268652883d180f5de6e948035c0c7
transfer,Puja,,Luiz J√∫nior,Mister,Libre,4.789.000,1.0,35.0,20.0,,,,,,,2025-11-07,89b7227fb61fe64b663e6f6bf556ec9e
marks,start_mercado,,,,,,,,,,,,,,,2025-11-07,
transfer,clausula,,Andr√© Silva,Dani,Juanba,12.511.500,4.0,50.0,23.0,,,,,,,2025-11-07,a8c6290e652e12ec76977847c5f1c7a6
marks,start_mercado,,,,,,,,,,,,,,,2025-11-07,
transfer,mercado,,Borja Iglesias,MuchaSalsa,Mister,12.318.970,4.0,59.0,5.0,,,,,,,2025-11-07,fcc7ed94d678224e3c7be8f9be274cc1
marks,start_mercado,,,,,,,,,,,,,,,2025-11-07,
transfer,mercado,,Marc Roca,Jotabetrbb,Mister,1.452.480,3.0,14.0,4.0,,,,,,,2025-11-07,40e7e7344b9e76b7c9cb08ca2b5232e7
marks,start_mercado,,,,,,,,,,,,,,,2025-11-07,
transfer,mercado,,Adri√°n San Miguel,Mister,Libre,174.020,1.0,0.0,4.0,,,,,,,2025-11-06,e0eda0fb3746b14a43440cad35753a26
transfer,mercado,,Luis Milla,Mister,MuchaSalsa,16.409.000,3.0,63.0,9.0,,,,,,,2025-11-06,4b80d3caae33440eb8248feef792b889
transfer,Puja,,Luis Milla,Mister,Maldinillo üí•,14.914.410,3.0,63.0,9.0,,,,,,,2025-11-06,c80a3a6b78703c41d1f541d17885f508
transfer,Puja,,Luis Milla,Mister,De la Guettir FC,14.355.500,3.0,63.0,9.0,,,,,,,2025-11-06,6540220ea12a0a0ea07c62ca531341f5
transfer,Puja,,Luis Milla,Mister,Dani,14.215.190,3.0,63.0,9.0,,,,,,,2025-11-06,8315bca1a77b6f90146eb073afddeca5
transfer,Puja,,Luis Milla,Mister,Libre,13.553.030,3.0,63.0,9.0,,,,,,,2025-11-06,fadf5309da7b9bc462cf7fd20e8acc87
transfer,mercado,,Nicolas P√©p√©,Mister,De la Guettir FC,15.487.850,4.0,64.0,20.0,,,,,,,2025-11-06,e1a3919a8b9cad48cb900d10d0f976a1
transfer,mercado,,Santi Cazorla,Mister,Chamac√≥nicos,166.666,3.0,19.0,1370.0,,,,,,,2025-11-06,388b4a0f0bfcfed153365e731cf0e848
transfer,mercado,,Matteo Ruggeri,Mister,Dani,595.820,2.0,22.0,2.0,,,,,,,2025-11-06,0f02af5d66492b70b56958299ec071f5
transfer,Puja,,Matteo Ruggeri,Mister,Chamac√≥nicos,576.000,2.0,22.0,2.0,,,,,,,2025-11-06,bc8863091c342e9485c7f5ed8f9c7396
transfer,mercado,,Mario Mart√≠n,Mister,Maldinillo üí•,2.015.778,3.0,44.0,9.0,,,,,,,2025-11-06,4f3301c7d0c7c1c38c332fcabae00a54
transfer,Puja,,Mario Mart√≠n,Mister,MuchaSalsa,1.903.000,3.0,44.0,9.0,,,,,,,2025-11-06,7dbb1b454a65a2c3771b4e33109e854e
transfer,Puja,,Mario Mart√≠n,Mister,Libre,1.876.710,3.0,44.0,9.0,,,,,,,2025-11-06,c4c569a0af34906b46244851b026f2b3
marks,start_mercado,,,,,,,,,,,,,,,2025-11-06,
transfer,mercado,,Yuri Berchiche,Libre,Mister,6.656.520,2.0,35.0,1.0,,,,,,,2025-11-06,cbc1a6d6cb6f7422d2add9c92282ac31
marks,start_mercado,,,,,,,,,,,,,,,2025-11-06,
transfer,mercado,,Nikola Mara≈°,Dani,Mister,216.320,2.0,0.0,48.0,,,,,,,2025-11-06,7c6a4d0678496dd2089e08890fa29275
marks,start_mercado,,,,,,,,,,,,,,,2025-11-06,
transfer,mercado,,Unai G√≥mez,Maldinillo üí•,Mister,195.840,3.0,10.0,1.0,,,,,,,2025-11-06,4b81739dc6edde4e3ebbe7a26328f851
marks,start_mercado,,,,,,,,,,,,,,,2025-11-06,
transfer,mercado,,C√©sar Azpilicueta,Mister,De la Guettir FC,2.999.970,2.0,26.0,17.0,,,,,,,2025-11-05,2b3fa788cc1bc99f40030f1ea1bd70af
transfer,Puja,,C√©sar Azpilicueta,Mister,Dani,2.935.900,2.0,26.0,17.0,,,,,,,2025-11-05,f09c0164ca14aa11109c725c4c430b30
transfer,Puja,,C√©sar Azpilicueta,Mister,Libre,2.232.780,2.0,26.0,17.0,,,,,,,2025-11-05,b670814fc9bdbe3f44c07890aaf7055d
transfer,mercado,,Jon Martin,Mister,De la Guettir FC,923.005,2.0,13.0,16.0,,,,,,,2025-11-05,7f9c72acaaa79b933e01e7460696cc32
transfer,Puja,,Jon Martin,Mister,Los marinero,899.000,2.0,13.0,16.0,,,,,,,2025-11-05,8d46fb2609575b5d33a92603da64cb47
transfer,Puja,,Jon Martin,Mister,Libre,639.000,2.0,13.0,16.0,,,,,,,2025-11-05,dcb19b65d3e1f0960fa3f1d1e51a987b
transfer,mercado,,Rafa Mir,Mister,Maldinillo üí•,7.160.250,4.0,58.0,23.0,,,,,,,2025-11-05,a59c36fa7096f687403380ee0052677a
transfer,Puja,,Rafa Mir,Mister,Dani,7.115.100,4.0,58.0,23.0,,,,,,,2025-11-05,308d920384d0e9889ec56e8df2498080
transfer,Puja,,Rafa Mir,Mister,De la Guettir FC,7.078.500,4.0,58.0,23.0,,,,,,,2025-11-05,dea5b83144977094aa123f39495a39d8
transfer,Puja,,Rafa Mir,Mister,Libre,6.690.160,4.0,58.0,23.0,,,,,,,2025-11-05,d16cc00b5ea63ab05bc91a3f0838b59f
marks,start_mercado,,,,,,,,,,,,,,,2025-11-05,
transfer,mercado,,Pau L√≥pez,Los marinero,Mister,5.227.500,1.0,33.0,4.0,,,,,,,2025-11-05,e5cdfb4a05500cb6529c598ea09647ab
marks,start_mercado,,,,,,,,,,,,,,,2025-11-05,
transfer,clausula,,Odysseas Vlachodimos,Chamac√≥nicos,Los marinero,9.750.000,1.0,38.0,17.0,,,,,,,2025-11-05,168d184ae454e1a0aed22c7d58d8b39b
marks,start_mercado,,,,,,,,,,,,,,,2025-11-05,
transfer,mercado,,Alejandro Rego,Libre,Mister,1.017.640,3.0,23.0,1.0,,,,,,,2025-11-05,ccf6e48ad1ebd5928003fc7c0c19d979
marks,start_mercado,,,,,,,,,,,,,,,2025-11-05,
transfer,mercado,,Samuel Costa,Libre,Mister,4.557.980,3.0,34.0,408.0,,,,,,,2025-11-05,7bde7ecad86a48bfbc86669c82f2fe5a
marks,start_mercado,,,,,,,,,,,,,,,2025-11-05,
transfer,mercado,,Pablo Torre,Los marinero,Mister,1.765.420,3.0,30.0,408.0,,,,,,,2025-11-05,d1f74c4f99aa9c7e46158fa99cc061ee
bonificacion,quiniela,,,,,,,,,Jotabetrbb,+700.000,1¬∫,7.0,,,2025-11-05,
bonificacion,quiniela,,,,,,,,,Libre,+700.000,2¬∫,7.0,,,2025-11-05,
bonificacion,quiniela,,,,,,,,,Maldinillo üí•,+700.000,3¬∫,7.0,,,2025-11-05,
bonificacion,quiniela,,,,,,,,,De la Guettir FC,+600.000,4¬∫,6.0,,,2025-11-05,
bonificacion,quiniela,,,,,,,,,Los marinero,+600.000,5¬∫,6.0,,,2025-11-05,
bonificacion,quiniela,,,,,,,,,Chamac√≥nicos,+500.000,6¬∫,5.0,,,2025-11-05,
bonificacion,quiniela,,,,,,,,,Dani,+500.000,7¬∫,5.0,,,2025-11-05,
bonificacion,quiniela,,,,,,,,,MuchaSalsa,+500.000,8¬∫,5.0,,,2025-11-05,
bonificacion,quiniela,,,,,,,,,Juanba,,9¬∫,0.0,,,2025-11-05,
bonificacion,clasificacion,,,,,,,,,Libre,1.480.000,1,,54.0,,2025-11-05,
bonificacion,clasificacion,,,,,,,,,Chamac√≥nicos,1.420.000,2,,46.0,,2025-11-05,
bonificacion,clasificacion,,,,,,,,,Juanba,1.640.000,3,,42.0,,2025-11-05,
bonificacion,clasificacion,,,,,,,,,Dani,1.750.000,4,,40.0,,2025-11-05,
bonificacion,clasificacion,,,,,,,,,Jotabetrbb,1.880.000,5,,39.0,,2025-11-05,
bonificacion,clasificacion,,,,,,,,,MuchaSalsa,1.920.000,6,,36.0,,2025-11-05,
bonificacion,clasificacion,,,,,,,,,De la Guettir FC,2.470.000,7,,36.0,,2025-11-05,
bonificacion,clasificacion,,,,,,,,,Los marinero,2.380.000,8,,34.0,,2025-11-05,
bonificacion,clasificacion,,,,,,,,,Maldinillo üí•,2.380.000,9,,29.0,,2025-11-05,
marks,start_mercado,,,,,,,,,,,,,,,2025-11-05,
transfer,clausula,,Kylian Mbapp√©,De la Guettir FC,Chamac√≥nicos,43.800.000,4.0,125.0,15.0,,,,,,,2025-11-05,68556ae22abf9d7cc6b447c6390dfdb7
marks,start_mercado,,,,,,,,,,,,,,,2025-11-05,
transfer,mercado,,Jules Kound√©,Chamac√≥nicos,Mister,12.104.560,2.0,42.0,3.0,,,,,,,2025-11-05,57885ef41fe30d7242bf3eb72d73bf85
marks,start_mercado,,,,,,,,,,,,,,,2025-11-05,
transfer,mercado,,Georges Mikautadze,Chamac√≥nicos,Mister,11.089.050,4.0,33.0,20.0,,,,,,,2025-11-05,5d0ef5638f7eed6607f90d30b3faf1af
marks,start_mercado,,,,,,,,,,,,,,,2025-11-05,
transfer,mercado,,Viktor Tsygankov,Chamac√≥nicos,Mister,3.804.150,3.0,12.0,222.0,,,,,,,2025-11-05,4e5ea61347443a5b4e5e60e79e4b4c2f
marks,start_mercado,,,,,,,,,,,,,,,2025-11-05,
transfer,mercado,,Nico Williams,Maldinillo üí•,Mister,15.413.840,4.0,29.0,1.0,,,,,,,2025-11-04,219b448907fd2125399545befb0dbc5f
marks,start_mercado,,,,,,,,,,,,,,,2025-11-04,
transfer,mercado,,Goduine Koyalipou,Mister,Libre,553.250,4.0,22.0,12.0,,,,,,,2025-11-04,c14ff7b87ab7580fd357af2beb612a5a
transfer,Puja,,Goduine Koyalipou,Mister,Chamac√≥nicos,551.000,4.0,22.0,12.0,,,,,,,2025-11-04,436cc9f0c8273fb812e9d3d81a0ad29e
transfer,mercado,,Javi Mu√±oz,Mister,Libre,207.000,3.0,9.0,9.0,,,,,,,2025-11-04,8e5ea5ed13c6d1bde78595404da58a9a
transfer,mercado,,Dakonam Djen√©,Mister,Jotabetrbb,3.001.000,2.0,34.0,9.0,,,,,,,2025-11-04,da06ef6f75f3318e49d45a4f14b9b2a8
transfer,Puja,,Dakonam Djen√©,Mister,Dani,2.910.600,2.0,34.0,9.0,,,,,,,2025-11-04,6a45c0eacdf6b810ae367d612a10ca89
transfer,Puja,,Dakonam Djen√©,Mister,Libre,2.766.100,2.0,34.0,9.0,,,,,,,2025-11-04,f7f035801c4fb9379ca920a739eb4f0f
transfer,mercado,,Jon Ander Olasagasti,Mister,Chamac√≥nicos,216.000,3.0,19.0,12.0,,,,,,,2025-11-04,be20e72740caec6d120182d396e26acd
transfer,mercado,,Victor Chust,Mister,Dani,3.462.910,2.0,30.0,23.0,,,,,,,2025-11-04,fff80a1b4f8b80ebff4484d345098f85
marks,start_mercado,,,,,,,,,,,,,,,2025-11-04,
transfer,clausula,,Giuliano Simeone,MuchaSalsa,Juanba,16.648.500,3.0,66.0,2.0,,,,,,,2025-11-04,84ac53bd4e81c716e453658d76bd90a1
marks,start_mercado,,,,,,,,,,,,,,,2025-11-04,
transfer,clausula,,Abde Ezzalzouli,Juanba,MuchaSalsa,13.228.500,4.0,55.0,4.0,,,,,,,2025-11-04,325722eda3dfddfb54da4e76e0028d7c
marks,start_mercado,,,,,,,,,,,,,,,2025-11-04,
transfer,mercado,,Ander Barrenetxea,Maldinillo üí•,Mister,11.220.820,3.0,57.0,16.0,,,,,,,2025-11-03,abf3ed35cafb822802510a840a0ea657
marks,start_mercado,,,,,,,,,,,,,,,2025-11-03,
transfer,mercado,,Odysseas Vlachodimos,Mister,Chamac√≥nicos,6.500.000,1.0,38.0,17.0,,,,,,,2025-11-03,6455abf2e554d8f11bfcddbd4433f648
transfer,Puja,,Odysseas Vlachodimos,Mister,Los marinero,5.759.000,1.0,38.0,17.0,,,,,,,2025-11-03,9c39ebbbc6692bdbb50951c1233ec1a4
transfer,Puja,,Odysseas Vlachodimos,Mister,De la Guettir FC,5.688.898,1.0,38.0,17.0,,,,,,,2025-11-03,8f927f16df657ccd6e1f8480e5ad592a
transfer,Puja,,Odysseas Vlachodimos,Mister,Dani,5.307.830,1.0,38.0,17.0,,,,,,,2025-11-03,d2cf1a5a9022a42a0ca767785ee441ed
marks,start_mercado,,,,,,,,,,,,,,,2025-11-03,
transfer,mercado,,Jos√© Copete,Los marinero,Mister,682.890,2.0,12.0,19.0,,,,,,,2025-11-02,3d380e716a789b2c90dc28d93f13e349
marks,start_mercado,,,,,,,,,,,,,,,2025-11-02,
transfer,mercado,,Pablo Garc√≠a,Mister,Los marinero,580.000,4.0,18.0,4.0,,,,,,,2025-11-02,3c860fc213f4656c4bf7962ad48716cb
transfer,mercado,,Aymeric Laporte,Mister,Maldinillo üí•,9.072.000,2.0,27.0,1.0,,,,,,,2025-11-02,75ef264acb6f2a3ead77731d6025eba1
transfer,mercado,,Juan Foyth,Mister,Maldinillo üí•,7.572.000,2.0,35.0,20.0,,,,,,,2025-11-02,4e37929a54498238f3960ef748d81ae3
transfer,Puja,,Juan Foyth,Mister,Dani,7.543.830,2.0,35.0,20.0,,,,,,,2025-11-02,2328d8c926e65a293b62c41c01665c48
transfer,Puja,,Juan Foyth,Mister,MuchaSalsa,7.372.000,2.0,35.0,20.0,,,,,,,2025-11-02,51d3dd41411e7a7de1bdf6ea9db2e363
transfer,Puja,,Juan Foyth,Mister,Libre,7.214.950,2.0,35.0,20.0,,,,,,,2025-11-02,18109f9978799af0225b209bfaef97d5
marks,start_mercado,,,,,,,,,,,,,,,2025-11-02,
transfer,mercado,,Pau Navarro,Libre,Mister,186.430,2.0,7.0,20.0,,,,,,,2025-11-02,32fe3bf0ffeb410b4b1827776a001e54
marks,start_mercado,,,,,,,,,,,,,,,2025-11-02,
transfer,mercado,,Filip Ugrinic,Libre,Mister,164.800,3.0,8.0,19.0,,,,,,,2025-11-02,86d85bbaa823aa34628bcd8beade6273
marks,start_mercado,,,,,,,,,,,,,,,2025-11-02,
transfer,mercado,,Cristian Portu,Dani,Mister,912.000,3.0,26.0,222.0,,,,,,,2025-11-01,f95807e5dc32f5ad9bc914d40514e96d
marks,start_mercado,,,,,,,,,,,,,,,2025-11-01,
transfer,mercado,,Leo Rom√°n,Los marinero,Mister,9.095.840,1.0,50.0,408.0,,,,,,,2025-11-01,e505a699053e2c208628b355b65fa382
marks,start_mercado,,,,,,,,,,,,,,,2025-11-01,
transfer,mercado,,Jon Moncayola,Mister,Libre,7.210.780,3.0,44.0,50.0,,,,,,,2025-11-01,f90e9ec1c2d4285eed12c26dd280c72c
transfer,Puja,,Jon Moncayola,Mister,Chamac√≥nicos,7.162.000,3.0,44.0,50.0,,,,,,,2025-11-01,a08be66dff1880153705185b4d062d74
transfer,mercado,,Pau L√≥pez,Mister,Los marinero,5.684.000,1.0,33.0,4.0,,,,,,,2025-11-01,ef6b5c2151a453a2725dc3fec0e085b4
transfer,Puja,,Pau L√≥pez,Mister,Chamac√≥nicos,5.144.000,1.0,33.0,4.0,,,,,,,2025-11-01,f776f3b894b9570c8b23ed6a041eefbc
transfer,mercado,,Pablo Torre,Mister,Los marinero,1.898.000,3.0,27.0,408.0,,,,,,,2025-11-01,09a8ae7b0700eab62662fba12a90818a
transfer,mercado,,Nemanja Gudelj,Mister,Los marinero,1.737.000,3.0,30.0,17.0,,,,,,,2025-11-01,950f516ebea434af28215181f9bb78cb
transfer,Puja,,Nemanja Gudelj,Mister,Dani,1.682.660,3.0,30.0,17.0,,,,,,,2025-11-01,0dc243a9d893521a55c80cd2a4e71f1f
transfer,Puja,,Nemanja Gudelj,Mister,Chamac√≥nicos,1.637.020,3.0,30.0,17.0,,,,,,,2025-11-01,5c09854f2460e2481b833e306ecbe9dd
transfer,Puja,,Nemanja Gudelj,Mister,Libre,1.637.000,3.0,30.0,17.0,,,,,,,2025-11-01,0f7bc3d805c8faea4bf28fa699ba9701
transfer,mercado,,√ç√±igo Lekue,Mister,Chamac√≥nicos,206.010,2.0,2.0,1.0,,,,,,,2025-11-01,274267513568ef420ac9a1bf2e2bfd03
transfer,mercado,,D√°vid Hancko,Mister,Dani,7.588.830,2.0,40.0,2.0,,,,,,,2025-11-01,000428f1f791c05c0bfe7a8c899e4a33
transfer,Puja,,D√°vid Hancko,Mister,Libre,7.434.260,2.0,40.0,2.0,,,,,,,2025-11-01,3c976d065e5946db0652c1966d10a9a6
transfer,Puja,,D√°vid Hancko,Mister,Chamac√≥nicos,7.368.000,2.0,40.0,2.0,,,,,,,2025-11-01,51835014c816c88c383881236b7e7e10
marks,start_jornada,,,,,,,,,,,,,,11.0,2025-11-01,
marks,start_mercado,,,,,,,,,,,,,,,2025-11-01,
transfer,mercado,,Rafa Mir,Dani,Mister,6.407.750,4.0,47.0,23.0,,,,,,,2025-10-31,eb4f8b2f665ce5a2c5627327515b7ff3
marks,start_mercado,,,,,,,,,,,,,,,2025-10-31,
transfer,mercado,,Antonio Ra√≠llo,Dani,Mister,6.875.440,2.0,34.0,408.0,,,,,,,2025-10-31,2c361f3dee9ba62a233bcaccb103f60b
marks,start_mercado,,,,,,,,,,,,,,,2025-10-31,
transfer,mercado,,Thiago Almada,Maldinillo üí•,Mister,6.472.350,3.0,26.0,2.0,,,,,,,2025-10-31,21fa2ec0c474af4646fc583467e21483
marks,start_mercado,,,,,,,,,,,,,,,2025-10-31,
transfer,mercado,,Eduardo Camavinga,Jotabetrbb,Mister,6.379.820,3.0,19.0,15.0,,,,,,,2025-10-31,3ae87eb41336d09decf039648731ad46
transfer,acuerdo,,√âder Milit√£o,Los marinero,,"‚Üì 6,01M",2.0,55.0,15.0,,,,,,,2025-10-31,a66e953bd654af78f7df4cb510bcf21c
marks,start_mercado,,,,,,,,,,,,,,,2025-10-31,
transfer,mercado,,Pau Navarro,Mister,Libre,210.000,2.0,7.0,20.0,,,,,,,2025-10-31,ed1453cabe562a7860764a8a298dbec0
transfer,Puja,,Pau Navarro,Mister,Jotabetrbb,210.000 (realizada m√°s tarde),2.0,7.0,20.0,,,,,,,2025-10-31,25f7b272b0d41b75e11bf35d19c8326e
transfer,mercado,,Javi Gal√°n,Mister,De la Guettir FC,389.500,2.0,12.0,2.0,,,,,,,2025-10-31,3028d8b237a5b2a25f511809ea829ff7
transfer,Puja,,Javi Gal√°n,Mister,Jotabetrbb,269.000,2.0,12.0,2.0,,,,,,,2025-10-31,136c1fa9052d45d6bec8e512d1f8241d
transfer,mercado,,Andr√© Silva,Mister,Dani,8.208.860,4.0,47.0,23.0,,,,,,,2025-10-31,e7b6a71c87e50705f601d68edfe4d65f
transfer,Puja,,Andr√© Silva,Mister,Libre,7.660.720,4.0,47.0,23.0,,,,,,,2025-10-31,1ed30c961b3b48f19ad8a01e9c2c21db
marks,start_mercado,,,,,,,,,,,,,,,2025-10-31,
transfer,clausula,,Iv√°n Mart√≠n,Dani,Jotabetrbb,3.290.920,3.0,27.0,222.0,,,,,,,2025-10-31,a4547923b6dfc2776ace0880f674fdc9
marks,start_mercado,,,,,,,,,,,,,,,2025-10-31,
transfer,mercado,,Yangel Herrera,Chamac√≥nicos,Mister,2.682.160,3.0,6.0,16.0,,,,,,,2025-11-01,19b82a915ce6664c999a8cfa8dc26e08
marks,start_mercado,,,,,,,,,,,,,,,2025-10-31,
transfer,mercado,,Fernando Calero,MuchaSalsa,Mister,2.636.460,2.0,31.0,8.0,,,,,,,2025-10-30,373683da65e4fdc0641a8a8840c4b5cd
marks,start_mercado,,,,,,,,,,,,,,,2025-10-30,
transfer,mercado,,Arsen Zakharyan,Libre,Mister,196.800,3.0,7.0,16.0,,,,,,,2025-10-30,587d10dfc5bb1265ccf6de6954bbd5f3
marks,start_mercado,,,,,,,,,,,,,,,2025-10-30,
transfer,mercado,,Alejandro Iturbe,Libre,Mister,194.040,1.0,0.0,23.0,,,,,,,2025-10-30,388a30ae1829a6bd0b25e86f31a29224
marks,start_mercado,,,,,,,,,,,,,,,2025-10-30,
transfer,mercado,,Adri√°n San Miguel,Libre,Mister,190.080,1.0,0.0,4.0,,,,,,,2025-10-30,ef9d8d1e7ba9a8ddb27701d81c8348a1
marks,start_mercado,,,,,,,,,,,,,,,2025-10-30,
transfer,mercado,,David Soria,Mister,MuchaSalsa,6.865.000,1.0,41.0,9.0,,,,,,,2025-10-30,6d30605ae2dda200d7041d15ace9f6c7
transfer,Puja,,David Soria,Mister,Libre,6.794.655,1.0,41.0,9.0,,,,,,,2025-10-30,5683dd629bb696fa71a28d4e192f5fd1
transfer,mercado,,Trent Alexander-Arnold,Mister,Chamac√≥nicos,7.000.000,2.0,10.0,15.0,,,,,,,2025-10-30,b9a4bbea413ecb323b5ca7d2eb12b100
transfer,Puja,,Trent Alexander-Arnold,Mister,MuchaSalsa,6.800.000,2.0,10.0,15.0,,,,,,,2025-10-30,943a9d7ebcf232ffb15ebed71beec934
transfer,Puja,,Trent Alexander-Arnold,Mister,Maldinillo üí•,5.940.050,2.0,10.0,15.0,,,,,,,2025-10-30,b330b95b0861172936b37b97e2c6e53f
transfer,mercado,,Nikola Mara≈°,Mister,Dani,160.000,2.0,0.0,48.0,,,,,,,2025-10-30,4b54ced366f27a2e3c08101bf8526248
transfer,mercado,,Thiago Almada,Mister,Maldinillo üí•,6.773.430,3.0,26.0,2.0,,,,,,,2025-10-30,b4f7801e7726e0e6809d9cffea293bce
transfer,Puja,,Thiago Almada,Mister,Libre,6.749.010,3.0,26.0,2.0,,,,,,,2025-10-30,ca828bcdafdfd0653c4621cb892bf03b
marks,start_mercado,,,,,,,,,,,,,,,,
transfer,mercado,,√Ålex Moreno,Libre,Mister,3.176.750,2.0,24.0,222.0,,,,,,,,
marks,start_mercado,,,,,,,,,,,,,,,,
transfer,mercado,,Antoine Griezmann,Libre,Mister,10.445.820,4.0,37.0,2.0,,,,,,,,
marks,start_mercado,,,,,,,,,,,,,,,,
transfer,mercado,,Valent√≠n G√≥mez,Jotabetrbb,Mister,1.754.400,2.0,21.0,4.0,,,,,,,,
marks,start_mercado,,,,,,,,,,,,,,,,
transfer,mercado,,Jon Pacheco,De la Guettir FC,Mister,1.650.360,2.0,22.0,48.0,,,,,,,,
marks,start_mercado,,,,,,,,,,,,,,,,
transfer,mercado,,Marcus Rashford,Mister,Libre,13.256.330,4.0,47.0,3.0,,,,,,,,
transfer,Puja,,Marcus Rashford,Mister,MuchaSalsa,13.255.000,4.0,47.0,3.0,,,,,,,,
transfer,Puja,,Marcus Rashford,Mister,Dani,13.056.010,4.0,47.0,3.0,,,,,,,,
transfer,Puja,,Marcus Rashford,Mister,Chamac√≥nicos,13.050.505,4.0,47.0,3.0,,,,,,,,
transfer,mercado,,Mathew Ryan,Mister,Libre,6.671.319,1.0,35.0,12.0,,,,,,,,
transfer,Puja,,Mathew Ryan,Mister,MuchaSalsa,5.540.000,1.0,35.0,12.0,,,,,,,,
transfer,Puja,,Mathew Ryan,Mister,Jotabetrbb,5.240.000,1.0,35.0,12.0,,,,,,,,
transfer,mercado,,Filip Ugrinic,Mister,Libre,206.040,3.0,8.0,19.0,,,,,,,,
transfer,mercado,,V√≠ctor Parada,Mister,Libre,184.000,2.0,15.0,48.0,,,,,,,,
transfer,mercado,,Vitor Reis,Mister,MuchaSalsa,2.235.000,2.0,20.0,222.0,,,,,,,,
transfer,Puja,,Vitor Reis,Mister,De la Guettir FC,2.222.223,2.0,20.0,222.0,,,,,,,,
transfer,Puja,,Vitor Reis,Mister,Dani,2.212.720,2.0,20.0,222.0,,,,,,,,
transfer,Puja,,Vitor Reis,Mister,Libre,2.111.560,2.0,20.0,222.0,,,,,,,,
marks,start_mercado,,,,,,,,,,,,,,,,
transfer,mercado,,Kike Barja,Libre,Mister,169.050,3.0,9.0,50.0,,,,,,,,
marks,start_mercado,,,,,,,,,,,,,,,,
transfer,mercado,,Arnau Tenas,Jotabetrbb,Mister,1.892.100,1.0,14.0,20.0,,,,,,,,
bonificacion,quiniela,,,,,,,,,Maldinillo üí•,+600.000,1¬∫,6.0,,,,
bonificacion,quiniela,,,,,,,,,Dani,+500.000,2¬∫,5.0,,,,
bonificacion,quiniela,,,,,,,,,Libre,+400.000,3¬∫,4.0,,,,
bonificacion,quiniela,,,,,,,,,Los marinero,+400.000,4¬∫,4.0,,,,
bonificacion,quiniela,,,,,,,,,MuchaSalsa,+400.000,5¬∫,4.0,,,,
bonificacion,quiniela,,,,,,,,,Chamac√≥nicos,+300.000,6¬∫,3.0,,,,
bonificacion,quiniela,,,,,,,,,De la Guettir FC,+300.000,7¬∫,3.0,,,,
bonificacion,quiniela,,,,,,,,,Jotabetrbb,+200.000,8¬∫,2.0,,,,
bonificacion,quiniela,,,,,,,,,Juanba,+200.000,9¬∫,2.0,,,,
bonificacion,clasificacion,,,,,,,,,Maldinillo üí•,1.860.000,1,,53.0,,,
bonificacion,clasificacion,,,,,,,,,Los marinero,1.420.000,2,,46.0,,,
bonificacion,clasificacion,,,,,,,,,Chamac√≥nicos,1.750.000,3,,45.0,,,
bonificacion,clasificacion,,,,,,,,,Libre,1.990.000,4,,42.0,,,
bonificacion,clasificacion,,,,,,,,,De la Guettir FC,1.990.000,5,,37.0,,,
bonificacion,clasificacion,,,,,,,,,MuchaSalsa,2.170.000,6,,36.0,,,
bonificacion,clasificacion,,,,,,,,,Dani,2.100.000,7,,35.0,,,
bonificacion,clasificacion,,,,,,,,,Juanba,2.120.000,8,,26.0,,,
bonificacion,clasificacion,,,,,,,,,Jotabetrbb,2.240.000,9,,22.0,,,
marks,start_mercado,,,,,,,,,,,,,,,,
transfer,mercado,,Alexis S√°nchez,Maldinillo üí•,Mister,5.878.950,4.0,33.0,17.0,,,,,,,,
marks,start_mercado,,,,,,,,,,,,,,,,
transfer,mercado,,Yuri Berchiche,Mister,Libre,6.099.000,2.0,32.0,1.0,,,,,,,,
transfer,mercado,,Be√±at Turrientes,Mister,Maldinillo üí•,252.310,3.0,20.0,16.0,,,,,,,,
marks,start_mercado,,,,,,,,,,,,,,,,
transfer,mercado,,Hugo Rinc√≥n,Libre,Mister,1.049.360,2.0,20.0,222.0,,,,,,,,
marks,start_mercado,,,,,,,,,,,,,,,,
transfer,mercado,,Andreas Christensen,De la Guettir FC,Mister,3.739.840,2.0,24.0,3.0,,,,,,,,
marks,start_mercado,,,,,,,,,,,,,,,,
transfer,mercado,,Igor Zubeldia,Libre,Mister,4.773.000,2.0,30.0,16.0,,,,,,,,
marks,start_mercado,,,,,,,,,,,,,,,,
transfer,mercado,,Oihan Sancet,Maldinillo üí•,Mister,10.486.350,3.0,22.0,1.0,,,,,,,,
marks,start_mercado,,,,,,,,,,,,,,,,
transfer,mercado,,Franco Mastantuono,De la Guettir FC,Mister,9.978.000,3.0,31.0,15.0,,,,,,,,
marks,start_mercado,,,,,,,,,,,,,,,,
transfer,mercado,,Germ√°n Valera,Mister,De la Guettir FC,10.699.999,3.0,51.0,23.0,,,,,,,,
transfer,Puja,,Germ√°n Valera,Mister,Dani,10.202.730,3.0,51.0,23.0,,,,,,,,
transfer,Puja,,Germ√°n Valera,Mister,Libre,9.839.060,3.0,51.0,23.0,,,,,,,,
transfer,mercado,,Calebe Gon√ßalves,Mister,De la Guettir FC,344.050,3.0,14.0,48.0,,,,,,,,
transfer,Puja,,Calebe Gon√ßalves,Mister,Maldinillo üí•,321.080,3.0,14.0,48.0,,,,,,,,
transfer,Puja,,Calebe Gon√ßalves,Mister,Libre,321.010,3.0,14.0,48.0,,,,,,,,
transfer,mercado,,Marc Bartra,Mister,Dani,8.000.390,2.0,32.0,4.0,,,,,,,,
transfer,Puja,,Marc Bartra,Mister,Libre,7.795.850,2.0,32.0,4.0,,,,,,,,
transfer,mercado,,Robert Lewandowski,Mister,Maldinillo üí•,17.151.870,4.0,42.0,3.0,,,,,,,,
marks,start_mercado,,,,,,,,,,,,,,,,
transfer,acuerdo,,√Ålex Moreno,Los marinero,Libre,3.400.000,2.0,24.0,222.0,,,,,,,,
marks,start_mercado,,,,,,,,,,,,,,,,
transfer,mercado,,Daniel Vivian,Mister,Los marinero,6.839.000,2.0,28.0,1.0,,,,,,,,
transfer,Puja,,Daniel Vivian,Mister,Libre,6.777.210,2.0,28.0,1.0,,,,,,,,
transfer,Puja,,Daniel Vivian,Mister,Chamac√≥nicos,6.719.000,2.0,28.0,1.0,,,,,,,,
transfer,Puja,,Daniel Vivian,Mister,Dani,6.625.340,2.0,28.0,1.0,,,,,,,,
transfer,Puja,,Daniel Vivian,Mister,Maldinillo üí•,6.519.550,2.0,28.0,1.0,,,,,,,,
marks,start_mercado,,,,,,,,,,,,,,,,
transfer,mercado,,Gabriel Suazo,Libre,Mister,5.934.240,2.0,30.0,17.0,,,,,,,,
marks,start_mercado,,,,,,,,,,,,,,,,
transfer,mercado,,Logan Costa,Libre,Mister,208.000,2.0,0.0,20.0,,,,,,,,
marks,start_mercado,,,,,,,,,,,,,,,,
transfer,mercado,,Omar Falah,Dani,Mister,153.600,2.0,1.0,1370.0,,,,,,,,
marks,start_mercado,,,,,,,,,,,,,,,,
transfer,mercado,,David L√≥pez,Dani,Mister,205.800,2.0,2.0,408.0,,,,,,,,
marks,start_mercado,,,,,,,,,,,,,,,,
transfer,mercado,,Aritz Elustondo,Dani,Mister,176.400,2.0,4.0,16.0,,,,,,,,
marks,start_mercado,,,,,,,,,,,,,,,,
transfer,mercado,,Jan Oblak,Mister,Jotabetrbb,9.040.000,1.0,48.0,2.0,,,,,,,,
transfer,Puja,,Jan Oblak,Mister,Libre,8.890.910,1.0,48.0,2.0,,,,,,,,
transfer,mercado,,Sergio Carreira,Mister,Chamac√≥nicos,700.000,2.0,20.0,5.0,,,,,,,,
transfer,Puja,,Sergio Carreira,Mister,Libre,496.090,2.0,20.0,5.0,,,,,,,,
transfer,mercado,,Iv√°n Mart√≠n,Mister,Dani,1.645.460,3.0,27.0,222.0,,,,,,,,
transfer,Puja,,Iv√°n Mart√≠n,Mister,Chamac√≥nicos,1.579.000,3.0,27.0,222.0,,,,,,,,
transfer,Puja,,Iv√°n Mart√≠n,Mister,Libre,1.381.760,3.0,27.0,222.0,,,,,,,,
marks,start_jornada,,,,,,,,,,,,,,10.0,,
marks,start_mercado,,,,,,,,,,,,,,,,
transfer,acuerdo,,Marc Roca,Chamac√≥nicos,Jotabetrbb,2.700.000,3.0,12.0,4.0,,,,,,,,
marks,start_mercado,,,,,,,,,,,,,,,,
transfer,acuerdo,,Eduardo Camavinga,Chamac√≥nicos,Jotabetrbb,6.000.000,3.0,19.0,15.0,,,,,,,,
marks,start_mercado,,,,,,,,,,,,,,,,
transfer,mercado,,Sergi Altimira,MuchaSalsa,Mister,8.751.650,3.0,31.0,4.0,,,,,,,,
marks,start_mercado,,,,,,,,,,,,,,,,
transfer,mercado,,Iago Aspas,Maldinillo üí•,Mister,9.644.000,4.0,34.0,5.0,,,,,,,,
marks,start_mercado,,,,,,,,,,,,,,,,
transfer,mercado,,Igor Zubeldia,Mister,Libre,5.037.060,2.0,30.0,16.0,,,,,,,,
transfer,mercado,,Pedro Bigas,Mister,MuchaSalsa,7.302.000,2.0,41.0,23.0,,,,,,,,
transfer,Puja,,Pedro Bigas,Mister,Libre,6.786.410,2.0,41.0,23.0,,,,,,,,
transfer,mercado,,Aritz Elustondo,Mister,Dani,372.530,2.0,4.0,16.0,,,,,,,,
transfer,mercado,,Omar Falah,Mister,Dani,237.470,2.0,1.0,1370.0,,,,,,,,
transfer,mercado,,David L√≥pez,Mister,Dani,214.890,2.0,2.0,408.0,,,,,,,,
transfer,mercado,,Oihan Sancet,Mister,Maldinillo üí•,10.132.070,3.0,22.0,1.0,,,,,,,,
marks,start_mercado,,,,,,,,,,,,,,,,
transfer,clausula,,Marc Roca,Jotabetrbb,Chamac√≥nicos,2.127.000,3.0,12.0,4.0,,,,,,,,
marks,start_mercado,,,,,,,,,,,,,,,,
transfer,clausula,,Jos√© Copete,Dani,Los marinero,1.226.565,2.0,13.0,19.0,,,,,,,,
marks,start_mercado,,,,,,,,,,,,,,,,
transfer,clausula,,Cristian Portu,MuchaSalsa,Dani,1.371.000,3.0,26.0,222.0,,,,,,,,
marks,start_mercado,,,,,,,,,,,,,,,,
transfer,mercado,,Viktor Tsygankov,Mister,Chamac√≥nicos,3.434.343,3.0,10.0,222.0,,,,,,,,
transfer,Puja,,Viktor Tsygankov,Mister,Libre,2.819.510,3.0,10.0,222.0,,,,,,,,
transfer,mercado,,Nobel Mendy,Mister,Chamac√≥nicos,888.000,2.0,12.0,14.0,,,,,,,,
transfer,Puja,,Nobel Mendy,Mister,Dani,803.960,2.0,12.0,14.0,,,,,,,,
transfer,Puja,,Nobel Mendy,Mister,Jotabetrbb,710.000,2.0,12.0,14.0,,,,,,,,
transfer,Puja,,Nobel Mendy,Mister,Maldinillo üí•,553.450,2.0,12.0,14.0,,,,,,,,
transfer,Puja,,Nobel Mendy,Mister,Libre,407.010,2.0,12.0,14.0,,,,,,,,
transfer,mercado,,Antonio Ra√≠llo,Mister,Dani,6.301.520,2.0,34.0,408.0,,,,,,,,
transfer,Puja,,Antonio Ra√≠llo,Mister,Libre,6.170.010,2.0,34.0,408.0,,,,,,,,
marks,start_mercado,,,,,,,,,,,,,,,,
transfer,mercado,,Unai L√≥pez,Maldinillo üí•,Mister,5.330.850,3.0,31.0,14.0,,,,,,,,
marks,start_mercado,,,,,,,,,,,,,,,,
transfer,mercado,,Tyrhys Dolan,Maldinillo üí•,Mister,7.455.000,3.0,45.0,8.0,,,,,,,,
marks,start_mercado,,,,,,,,,,,,,,,,
transfer,mercado,,Iker Losada,Libre,Mister,191.360,4.0,4.0,12.0,,,,,,,,
marks,start_mercado,,,,,,,,,,,,,,,,
transfer,mercado,,Pol Lozano,Mister,Libre,3.850.558,3.0,41.0,8.0,,,,,,,,
transfer,Puja,,Pol Lozano,Mister,Dani,3.427.720,3.0,41.0,8.0,,,,,,,,
transfer,Puja,,Pol Lozano,Mister,Chamac√≥nicos,3.207.000,3.0,41.0,8.0,,,,,,,,
transfer,Puja,,Pol Lozano,Mister,MuchaSalsa,3.206.000,3.0,41.0,8.0,,,,,,,,
transfer,mercado,,Nico Williams,Mister,Maldinillo üí•,15.278.590,4.0,28.0,1.0,,,,,,,,
transfer,Puja,,Nico Williams,Mister,Chamac√≥nicos,15.127.000,4.0,28.0,1.0,,,,,,,,
transfer,Puja,,Nico Williams,Mister,Libre,15.026.000,4.0,28.0,1.0,,,,,,,,
marks,start_mercado,,,,,,,,,,,,,,,,
transfer,clausula,,Koke,Chamac√≥nicos,MuchaSalsa,6.499.999,3.0,47.0,2.0,,,,,,,,
bonificacion,quiniela,,,,,,,,,Dani,+700.000,1¬∫,7.0,,,,
bonificacion,quiniela,,,,,,,,,De la Guettir FC,+700.000,2¬∫,7.0,,,,
bonificacion,quiniela,,,,,,,,,Juanba,+500.000,3¬∫,5.0,,,,
bonificacion,quiniela,,,,,,,,,Libre,+500.000,4¬∫,5.0,,,,
bonificacion,quiniela,,,,,,,,,Los marinero,+500.000,5¬∫,5.0,,,,
bonificacion,quiniela,,,,,,,,,Maldinillo üí•,+500.000,6¬∫,5.0,,,,
bonificacion,quiniela,,,,,,,,,Chamac√≥nicos,+300.000,7¬∫,3.0,,,,
bonificacion,quiniela,,,,,,,,,Jotabetrbb,,8¬∫,0.0,,,,
bonificacion,quiniela,,,,,,,,,MuchaSalsa,,9¬∫,0.0,,,,
bonificacion,clasificacion,,,,,,,,,Dani,1.650.000,1,,60.0,,,
bonificacion,clasificacion,,,,,,,,,Maldinillo üí•,1.780.000,2,,49.0,,,
bonificacion,clasificacion,,,,,,,,,Juanba,1.580.000,3,,44.0,,,
bonificacion,clasificacion,,,,,,,,,De la Guettir FC,1.990.000,4,,42.0,,,
bonificacion,clasificacion,,,,,,,,,Jotabetrbb,1.820.000,5,,36.0,,,
bonificacion,clasificacion,,,,,,,,,Chamac√≥nicos,1.900.000,6,,35.0,,,
bonificacion,clasificacion,,,,,,,,,Libre,2.190.000,7,,32.0,,,
bonificacion,clasificacion,,,,,,,,,Los marinero,2.200.000,8,,30.0,,,
bonificacion,clasificacion,,,,,,,,,MuchaSalsa,2.320.000,9,,26.0,,,
marks,start_mercado,,,,,,,,,,,,,,,,
transfer,mercado,,Gorka Guruzeta,Maldinillo üí•,Mister,2.364.880,4.0,15.0,1.0,,,,,,,,
marks,start_mercado,,,,,,,,,,,,,,,,
transfer,mercado,,C√©sar Azpilicueta,Jotabetrbb,Mister,3.465.960,2.0,21.0,17.0,,,,,,,,
marks,start_mercado,,,,,,,,,,,,,,,,
transfer,mercado,,Carlos √Ålvarez,Maldinillo üí•,Mister,7.551.440,3.0,47.0,12.0,,,,,,,,
marks,start_mercado,,,,,,,,,,,,,,,,
transfer,mercado,,Marc Bernal,De la Guettir FC,Mister,907.000,3.0,6.0,3.0,,,,,,,,
marks,start_mercado,,,,,,,,,,,,,,,,
transfer,mercado,,David Costas,De la Guettir FC,Mister,183.600,2.0,16.0,1370.0,,,,,,,,
marks,start_mercado,,,,,,,,,,,,,,,,
transfer,mercado,,Batista Mendy,Los marinero,Mister,4.275.440,3.0,24.0,17.0,,,,,,,,
marks,start_mercado,,,,,,,,,,,,,,,,
transfer,mercado,,Logan Costa,Mister,Libre,203.050,2.0,0.0,20.0,,,,,,,,
transfer,mercado,,Iker Losada,Mister,Libre,189.060,4.0,4.0,12.0,,,,,,,,
transfer,mercado,,Adri√°n de la Fuente,Mister,De la Guettir FC,3.411.120,2.0,26.0,12.0,,,,,,,,
transfer,Puja,,Adri√°n de la Fuente,Mister,Dani,3.302.160,2.0,26.0,12.0,,,,,,,,
transfer,Puja,,Adri√°n de la Fuente,Mister,Libre,3.241.080,2.0,26.0,12.0,,,,,,,,
transfer,mercado,,Carlos Soler,Mister,Los marinero,5.885.000,3.0,26.0,16.0,,,,,,,,
transfer,Puja,,Carlos Soler,Mister,Libre,5.359.400,3.0,26.0,16.0,,,,,,,,
transfer,Puja,,Carlos Soler,Mister,Dani,5.311.430,3.0,26.0,16.0,,,,,,,,
transfer,Puja,,Carlos Soler,Mister,Maldinillo üí•,4.995.160,3.0,26.0,16.0,,,,,,,,
transfer,mercado,,Iago Aspas,Mister,Maldinillo üí•,9.856.900,4.0,34.0,5.0,,,,,,,,
transfer,Puja,,Iago Aspas,Mister,Libre,9.758.670,4.0,34.0,5.0,,,,,,,,
marks,start_mercado,,,,,,,,,,,,,,,,
transfer,mercado,,Luis Rioja,Libre,Mister,7.247.100,3.0,35.0,19.0,,,,,,,,
marks,start_mercado,,,,,,,,,,,,,,,,
transfer,mercado,,Ricardo Rodr√≠guez,Los marinero,Mister,1.096.920,2.0,15.0,4.0,,,,,,,,
marks,start_mercado,,,,,,,,,,,,,,,,
transfer,mercado,,Roger Brugu√©,Dani,Mister,885.770,3.0,21.0,12.0,,,,,,,,
marks,start_mercado,,,,,,,,,,,,,,,,
transfer,mercado,,Manu S√°nchez,Dani,Mister,5.165.450,2.0,37.0,12.0,,,,,,,,
marks,start_mercado,,,,,,,,,,,,,,,,
transfer,mercado,,Dani Ceballos,Libre,Mister,4.769.440,3.0,24.0,15.0,,,,,,,,
transfer,acuerdo,,Youssef Enr√≠quez,Libre,,"‚Üì 0,73M",2.0,23.0,48.0,,,,,,,,
marks,start_jornada,,,,,,,,,,,,,,9.0,,
marks,start_mercado,,,,,,,,,,,,,,,,
transfer,mercado,,Johan Mojica,Libre,Mister,5.875.750,2.0,40.0,408.0,,,,,,,,
marks,start_mercado,,,,,,,,,,,,,,,,
transfer,mercado,,Mat√≠as Moreno,Libre,Mister,1.143.660,2.0,21.0,12.0,,,,,,,,
marks,start_mercado,,,,,,,,,,,,,,,,
transfer,mercado,,Adri√°n de la Fuente,Libre,Mister,3.188.850,2.0,26.0,12.0,,,,,,,,
marks,start_mercado,,,,,,,,,,,,,,,,
transfer,mercado,,Igor Zubeldia,Libre,Mister,4.621.610,2.0,30.0,16.0,,,,,,,,
marks,start_mercado,,,,,,,,,,,,,,,,
transfer,mercado,,Jeremy Toljan,Dani,Mister,5.241.670,2.0,41.0,12.0,,,,,,,,
transfer,acuerdo,,√Ålvaro N√∫√±ez,MuchaSalsa,,"‚Üì 2,04M",2.0,33.0,23.0,,,,,,,,
marks,start_mercado,,,,,,,,,,,,,,,,
transfer,mercado,,Dani Ceballos,Mister,Libre,4.950.000,3.0,24.0,15.0,,,,,,,,
transfer,mercado,,Alexis S√°nchez,Mister,Maldinillo üí•,6.666.669,4.0,33.0,17.0,,,,,,,,
transfer,Puja,,Alexis S√°nchez,Mister,MuchaSalsa,6.035.000,4.0,33.0,17.0,,,,,,,,
marks,start_mercado,,,,,,,,,,,,,,,,
transfer,acuerdo,,Samuel Costa,Maldinillo üí•,Libre,4.000.000,3.0,31.0,408.0,,,,,,,,
marks,start_mercado,,,,,,,,,,,,,,,,
transfer,acuerdo,,Jon Gorrotxategi,Maldinillo üí•,Libre,3.400.000,3.0,31.0,16.0,,,,,,,,
marks,start_mercado,,,,,,,,,,,,,,,,
transfer,mercado,,Omar El Hilali,Dani,Mister,7.543.920,2.0,40.0,8.0,,,,,,,,
marks,start_mercado,,,,,,,,,,,,,,,,
transfer,mercado,,David L√≥pez,Libre,Mister,167.580,2.0,2.0,408.0,,,,,,,,
marks,start_mercado,,,,,,,,,,,,,,,,
transfer,mercado,,Alejandro Rego,Mister,Libre,576.040,3.0,20.0,1.0,,,,,,,,
transfer,mercado,,Manu S√°nchez,Mister,Dani,5.536.750,2.0,37.0,12.0,,,,,,,,
transfer,Puja,,Manu S√°nchez,Mister,Maldinillo üí•,5.168.910,2.0,37.0,12.0,,,,,,,,
transfer,Puja,,Manu S√°nchez,Mister,Libre,5.127.030,2.0,37.0,12.0,,,,,,,,
marks,start_mercado,,,,,,,,,,,,,,,,
transfer,mercado,,Aitor Paredes,Dani,Mister,7.359.350,2.0,35.0,1.0,,,,,,,,
marks,start_mercado,,,,,,,,,,,,,,,,
transfer,mercado,,Pere Milla,Chamac√≥nicos,Mister,6.121.610,4.0,50.0,8.0,,,,,,,,
marks,start_mercado,,,,,,,,,,,,,,,,
transfer,mercado,,Haissem Hassan,Chamac√≥nicos,Mister,6.274.320,4.0,41.0,1370.0,,,,,,,,
marks,start_mercado,,,,,,,,,,,,,,,,
transfer,mercado,,Roony Bardghji,Mister,Libre,2.141.080,4.0,22.0,3.0,,,,,,,,
transfer,Puja,,Roony Bardghji,Mister,Maldinillo üí•,2.141.070,4.0,22.0,3.0,,,,,,,,
transfer,mercado,,Edu Exp√≥sito,Mister,Dani,11.721.280,3.0,54.0,8.0,,,,,,,,
transfer,mercado,,Jos√© Copete,Mister,Dani,817.710,2.0,13.0,19.0,,,,,,,,
transfer,mercado,,Federico Vi√±as,Mister,Maldinillo üí•,162.000,4.0,16.0,1370.0,,,,,,,,
marks,start_mercado,,,,,,,,,,,,,,,,
transfer,mercado,,Manu Morlanes,Libre,Mister,862.050,3.0,19.0,408.0,,,,,,,,
marks,start_mercado,,,,,,,,,,,,,,,,
transfer,mercado,,Toni Lato,Libre,Mister,176.800,2.0,7.0,408.0,,,,,,,,
marks,start_mercado,,,,,,,,,,,,,,,,
transfer,mercado,,Jorge Cabello,Jotabetrbb,Mister,163.000,2.0,5.0,12.0,,,,,,,,
marks,start_mercado,,,,,,,,,,,,,,,,
transfer,clausula,,Thierry Correia,Jotabetrbb,Los marinero,1.000.000,2.0,9.0,19.0,,,,,,,,
marks,start_mercado,,,,,,,,,,,,,,,,
transfer,acuerdo,,Tyrhys Dolan,Los marinero,Maldinillo üí•,8.000.000,3.0,45.0,8.0,,,,,,,,
marks,start_mercado,,,,,,,,,,,,,,,,
transfer,mercado,,Alberto Moleiro,Maldinillo üí•,Mister,7.028.700,3.0,43.0,20.0,,,,,,,,
marks,start_mercado,,,,,,,,,,,,,,,,
transfer,mercado,,Igor Zubeldia,Mister,Libre,4.516.850,2.0,30.0,16.0,,,,,,,,
transfer,Puja,,Igor Zubeldia,Mister,Dani,4.402.140,2.0,30.0,16.0,,,,,,,,
transfer,Puja,,Igor Zubeldia,Mister,MuchaSalsa,4.293.000,2.0,30.0,16.0,,,,,,,,
transfer,Puja,,Igor Zubeldia,Mister,Maldinillo üí•,4.260.860,2.0,30.0,16.0,,,,,,,,
transfer,mercado,,√ìscar Valent√≠n,Mister,Los marinero,1.456.000,3.0,26.0,14.0,,,,,,,,
transfer,Puja,,√ìscar Valent√≠n,Mister,Libre,1.234.380,3.0,26.0,14.0,,,,,,,,
transfer,mercado,,Roger Brugu√©,Mister,Dani,988.900,3.0,21.0,12.0,,,,,,,,
marks,start_mercado,,,,,,,,,,,,,,,,
transfer,mercado,,Antonio Blanco,Chamac√≥nicos,Mister,6.415.000,3.0,37.0,48.0,,,,,,,,
marks,start_mercado,,,,,,,,,,,,,,,,
transfer,mercado,,Jorge de Frutos,Los marinero,Mister,10.035.800,3.0,62.0,14.0,,,,,,,,
marks,start_mercado,,,,,,,,,,,,,,,,
transfer,mercado,,Ander Barrenetxea,Mister,Maldinillo üí•,10.885.830,3.0,54.0,16.0,,,,,,,,
transfer,Puja,,Ander Barrenetxea,Mister,Libre,10.500.000,3.0,54.0,16.0,,,,,,,,
transfer,Puja,,Ander Barrenetxea,Mister,Dani,10.022.660,3.0,54.0,16.0,,,,,,,,
transfer,mercado,,Unai L√≥pez,Mister,Maldinillo üí•,4.957.550,3.0,31.0,14.0,,,,,,,,
transfer,Puja,,Unai L√≥pez,Mister,Libre,4.199.760,3.0,31.0,14.0,,,,,,,,
transfer,Puja,,Unai L√≥pez,Mister,Los marinero,4.199.000,3.0,31.0,14.0,,,,,,,,
marks,start_mercado,,,,,,,,,,,,,,,,
transfer,mercado,,Eduardo Camavinga,Mister,Chamac√≥nicos,5.432.000,3.0,19.0,15.0,,,,,,,,
transfer,Puja,,Eduardo Camavinga,Mister,Dani,5.409.790,3.0,19.0,15.0,,,,,,,,
transfer,Puja,,Eduardo Camavinga,Mister,Maldinillo üí•,5.398.260,3.0,19.0,15.0,,,,,,,,
transfer,Puja,,Eduardo Camavinga,Mister,Libre,5.348.312,3.0,19.0,15.0,,,,,,,,
transfer,mercado,,Aitor Paredes,Mister,Dani,7.203.820,2.0,35.0,1.0,,,,,,,,
transfer,Puja,,Aitor Paredes,Mister,Maldinillo üí•,7.172.500,2.0,35.0,1.0,,,,,,,,
transfer,Puja,,Aitor Paredes,Mister,Libre,7.122.000,2.0,35.0,1.0,,,,,,,,
marks,start_mercado,,,,,,,,,,,,,,,,
transfer,mercado,,Alexander S√∏rloth,Libre,Mister,9.319.860,4.0,16.0,2.0,,,,,,,,
marks,start_mercado,,,,,,,,,,,,,,,,
transfer,mercado,,Hugo Sotelo,Jotabetrbb,Mister,6.408.480,3.0,38.0,5.0,,,,,,,,
marks,start_mercado,,,,,,,,,,,,,,,,
transfer,mercado,,Sergio Herrera,Mister,Chamac√≥nicos,9.696.969,1.0,43.0,50.0,,,,,,,,
marks,start_mercado,,,,,,,,,,,,,,,,
transfer,mercado,,Jon Moncayola,Jotabetrbb,Mister,7.501.200,3.0,44.0,50.0,,,,,,,,
marks,start_mercado,,,,,,,,,,,,,,,,
transfer,mercado,,Mikel Oyarzabal,Mister,Libre,12.219.490,4.0,59.0,16.0,,,,,,,,
transfer,Puja,,Mikel Oyarzabal,Mister,Maldinillo üí•,10.809.910,4.0,59.0,16.0,,,,,,,,
transfer,Puja,,Mikel Oyarzabal,Mister,Dani,10.603.500,4.0,59.0,16.0,,,,,,,,
transfer,Puja,,Mikel Oyarzabal,Mister,Chamac√≥nicos,10.568.000,4.0,59.0,16.0,,,,,,,,
transfer,mercado,,Cristian Portu,Mister,MuchaSalsa,914.000,3.0,26.0,222.0,,,,,,,,
transfer,mercado,,Giovani Lo Celso,Mister,Chamac√≥nicos,16.666.666,3.0,49.0,4.0,,,,,,,,
transfer,Puja,,Giovani Lo Celso,Mister,Maldinillo üí•,15.035.710,3.0,49.0,4.0,,,,,,,,
transfer,mercado,,Koke,Mister,Chamac√≥nicos,4.333.333,3.0,47.0,2.0,,,,,,,,
transfer,Puja,,Koke,Mister,Libre,4.000.069,3.0,47.0,2.0,,,,,,,,
transfer,Puja,,Koke,Mister,De la Guettir FC,3.112.233,3.0,47.0,2.0,,,,,,,,
transfer,Puja,,Koke,Mister,MuchaSalsa,3.080.000,3.0,47.0,2.0,,,,,,,,
transfer,Puja,,Koke,Mister,Dani,3.073.450,3.0,47.0,2.0,,,,,,,,
transfer,Puja,,Koke,Mister,Jotabetrbb,2.934.000,3.0,47.0,2.0,,,,,,,,
transfer,Puja,,Koke,Mister,Los marinero,2.735.000,3.0,47.0,2.0,,,,,,,,
transfer,Puja,,Koke,Mister,Maldinillo üí•,2.535.000,3.0,47.0,2.0,,,,,,,,
transfer,mercado,,Pablo Maffeo,Mister,Maldinillo üí•,2.091.000,2.0,29.0,408.0,,,,,,,,
transfer,Puja,,Pablo Maffeo,Mister,MuchaSalsa,2.000.999,2.0,29.0,408.0,,,,,,,,
transfer,Puja,,Pablo Maffeo,Mister,Dani,1.576.600,2.0,29.0,408.0,,,,,,,,
transfer,Puja,,Pablo Maffeo,Mister,Chamac√≥nicos,1.530.000,2.0,29.0,408.0,,,,,,,,
marks,start_mercado,,,,,,,,,,,,,,,,
transfer,clausula,,Clemens Riedel,Jotabetrbb,Dani,1.676.250,2.0,25.0,8.0,,,,,,,,
marks,start_mercado,,,,,,,,,,,,,,,,
transfer,mercado,,Johan Mojica,Mister,Libre,6.400.000,2.0,40.0,408.0,,,,,,,,
transfer,Puja,,Johan Mojica,Mister,Chamac√≥nicos,5.930.000,2.0,40.0,408.0,,,,,,,,
transfer,Puja,,Johan Mojica,Mister,Maldinillo üí•,5.836.960,2.0,40.0,408.0,,,,,,,,
transfer,mercado,,Mat√≠as Moreno,Mister,Libre,1.200.000,2.0,21.0,12.0,,,,,,,,
transfer,Puja,,Mat√≠as Moreno,Mister,Maldinillo üí•,908.950,2.0,21.0,12.0,,,,,,,,
transfer,mercado,,Hugo Rinc√≥n,Mister,Libre,738.970,2.0,20.0,222.0,,,,,,,,
transfer,mercado,,Arnau Tenas,Mister,Jotabetrbb,3.955.000,1.0,14.0,20.0,,,,,,,,
transfer,Puja,,Arnau Tenas,Mister,Libre,1.310.000,1.0,14.0,20.0,,,,,,,,
transfer,Puja,,Arnau Tenas,Mister,Maldinillo üí•,1.216.560,1.0,14.0,20.0,,,,,,,,
transfer,Puja,,Arnau Tenas,Mister,Los marinero,1.165.000,1.0,14.0,20.0,,,,,,,,
transfer,mercado,,Luka Suƒçiƒá,Mister,Los marinero,232.000,3.0,1.0,16.0,,,,,,,,
transfer,mercado,,Carlos Romero,Mister,Maldinillo üí•,10.868.490,2.0,70.0,8.0,,,,,,,,
transfer,Puja,,Carlos Romero,Mister,Dani,10.804.520,2.0,70.0,8.0,,,,,,,,
transfer,Puja,,Carlos Romero,Mister,Chamac√≥nicos,10.474.000,2.0,70.0,8.0,,,,,,,,
transfer,Puja,,Carlos Romero,Mister,Libre,10.313.250,2.0,70.0,8.0,,,,,,,,
transfer,mercado,,Alberto Moleiro,Mister,Maldinillo üí•,6.707.760,3.0,43.0,20.0,,,,,,,,
transfer,Puja,,Alberto Moleiro,Mister,Libre,6.705.000,3.0,43.0,20.0,,,,,,,,
transfer,Puja,,Alberto Moleiro,Mister,Dani,6.415.940,3.0,43.0,20.0,,,,,,,,
marks,start_mercado,,,,,,,,,,,,,,,,
transfer,mercado,,Antonio Sivera,Chamac√≥nicos,Mister,10.435.950,1.0,47.0,48.0,,,,,,,,
marks,start_mercado,,,,,,,,,,,,,,,,
transfer,mercado,,Rodrygo,Juanba,Mister,6.313.230,4.0,21.0,15.0,,,,,,,,
marks,start_mercado,,,,,,,,,,,,,,,,
transfer,mercado,,Aur√©lien Tchouam√©ni,Libre,Mister,12.637.800,3.0,51.0,15.0,,,,,,,,
marks,start_mercado,,,,,,,,,,,,,,,,
transfer,mercado,,David Affengruber,Dani,Mister,9.248.720,2.0,30.0,23.0,,,,,,,,
marks,start_mercado,,,,,,,,,,,,,,,,
transfer,mercado,,Franco Mastantuono,Mister,De la Guettir FC,10.731.400,3.0,31.0,15.0,,,,,,,,
transfer,Puja,,Franco Mastantuono,Mister,Chamac√≥nicos,10.631.000,3.0,31.0,15.0,,,,,,,,
transfer,Puja,,Franco Mastantuono,Mister,Maldinillo üí•,10.531.360,3.0,31.0,15.0,,,,,,,,
transfer,mercado,,Cucho Hern√°ndez,Mister,Dani,15.128.510,4.0,58.0,4.0,,,,,,,,
transfer,Puja,,Cucho Hern√°ndez,Mister,Chamac√≥nicos,13.673.000,4.0,58.0,4.0,,,,,,,,
transfer,Puja,,Cucho Hern√°ndez,Mister,Libre,12.569.600,4.0,58.0,4.0,,,,,,,,
transfer,Puja,,Cucho Hern√°ndez,Mister,Maldinillo üí•,12.089.530,4.0,58.0,4.0,,,,,,,,
marks,start_mercado,,,,,,,,,,,,,,,,
transfer,mercado,,Ante Budimir,Maldinillo üí•,Mister,14.133.600,4.0,48.0,50.0,,,,,,,,
marks,start_mercado,,,,,,,,,,,,,,,,
transfer,mercado,,Path√© Ciss,Chamac√≥nicos,Mister,10.463.770,3.0,40.0,14.0,,,,,,,,
transfer,acuerdo,,Etta Eyong,Los marinero,,"‚Üì 6,30M",4.0,73.0,12.0,,,,,,,,
marks,start_mercado,,,,,,,,,,,,,,,,
transfer,mercado,,Luis Rioja,Mister,Libre,6.568.860,3.0,35.0,19.0,,,,,,,,
transfer,mercado,,Lamine Yamal,Mister,Los marinero,31.033.710,4.0,44.0,3.0,,,,,,,,
transfer,Puja,,Lamine Yamal,Mister,Maldinillo üí•,30.400.277,4.0,44.0,3.0,,,,,,,,
transfer,Puja,,Lamine Yamal,Mister,Dani,28.202.000,4.0,44.0,3.0,,,,,,,,
marks,start_mercado,,,,,,,,,,,,,,,,
transfer,mercado,,Carlos Romero,Maldinillo üí•,Mister,10.630.200,2.0,70.0,8.0,,,,,,,,
marks,start_mercado,,,,,,,,,,,,,,,,
transfer,mercado,,Iv√°n Balliu,Chamac√≥nicos,Mister,474.050,2.0,10.0,14.0,,,,,,,,
marks,start_mercado,,,,,,,,,,,,,,,,
transfer,mercado,,Mario Mart√≠n,Chamac√≥nicos,Mister,3.122.430,3.0,33.0,9.0,,,,,,,,
marks,start_mercado,,,,,,,,,,,,,,,,
transfer,acuerdo,,Haissem Hassan,Los marinero,Chamac√≥nicos,5.409.000,4.0,41.0,1370.0,,,,,,,,
bonificacion,quiniela,,,,,,,,,Jotabetrbb,+500.000,1¬∫,5.0,,,,
bonificacion,quiniela,,,,,,,,,Juanba,+500.000,2¬∫,5.0,,,,
bonificacion,quiniela,,,,,,,,,Chamac√≥nicos,+400.000,3¬∫,4.0,,,,
bonificacion,quiniela,,,,,,,,,Dani,+400.000,4¬∫,4.0,,,,
bonificacion,quiniela,,,,,,,,,Libre,+400.000,5¬∫,4.0,,,,
bonificacion,quiniela,,,,,,,,,Maldinillo üí•,+400.000,6¬∫,4.0,,,,
bonificacion,quiniela,,,,,,,,,De la Guettir FC,+300.000,7¬∫,3.0,,,,
bonificacion,quiniela,,,,,,,,,Los marinero,+300.000,8¬∫,3.0,,,,
bonificacion,quiniela,,,,,,,,,MuchaSalsa,+200.000,9¬∫,2.0,,,,
bonificacion,clasificacion,,,,,,,,,Jotabetrbb,1.760.000,1,,48.0,,,
bonificacion,clasificacion,,,,,,,,,Maldinillo üí•,1.700.000,2,,45.0,,,
bonificacion,clasificacion,,,,,,,,,Dani,1.650.000,3,,40.0,,,
bonificacion,clasificacion,,,,,,,,,Los marinero,1.660.000,4,,38.0,,,
bonificacion,clasificacion,,,,,,,,,Chamac√≥nicos,1.840.000,5,,37.0,,,
bonificacion,clasificacion,,,,,,,,,De la Guettir FC,2.120.000,6,,36.0,,,
bonificacion,clasificacion,,,,,,,,,Juanba,2.370.000,7,,36.0,,,
bonificacion,clasificacion,,,,,,,,,Libre,2.260.000,8,,33.0,,,
bonificacion,clasificacion,,,,,,,,,MuchaSalsa,2.480.000,9,,29.0,,,
marks,start_mercado,,,,,,,,,,,,,,,,
transfer,mercado,,L√©o P√©trot,Jotabetrbb,Mister,377.400,2.0,17.0,23.0,,,,,,,,
marks,start_mercado,,,,,,,,,,,,,,,,
transfer,mercado,,Pedro Bigas,Maldinillo üí•,Mister,6.642.300,2.0,41.0,23.0,,,,,,,,
marks,start_mercado,,,,,,,,,,,,,,,,
transfer,mercado,,Adri√°n San Miguel,Mister,Libre,188.000,1.0,0.0,4.0,,,,,,,,
transfer,mercado,,Rub√©n Vargas,Mister,Jotabetrbb,9.000.000,3.0,50.0,17.0,,,,,,,,
transfer,Puja,,Rub√©n Vargas,Mister,De la Guettir FC,8.155.551,3.0,50.0,17.0,,,,,,,,
transfer,Puja,,Rub√©n Vargas,Mister,Dani,7.755.620,3.0,50.0,17.0,,,,,,,,
transfer,Puja,,Rub√©n Vargas,Mister,Los marinero,7.669.000,3.0,50.0,17.0,,,,,,,,
transfer,Puja,,Rub√©n Vargas,Mister,Chamac√≥nicos,7.375.000,3.0,50.0,17.0,,,,,,,,
transfer,Puja,,Rub√©n Vargas,Mister,Maldinillo üí•,7.119.250,3.0,50.0,17.0,,,,,,,,
transfer,Puja,,Rub√©n Vargas,Mister,Libre,7.040.510,3.0,50.0,17.0,,,,,,,,
transfer,mercado,,Haissem Hassan,Mister,Los marinero,5.884.000,4.0,41.0,1370.0,,,,,,,,
transfer,Puja,,Haissem Hassan,Mister,Chamac√≥nicos,5.684.000,4.0,41.0,1370.0,,,,,,,,
transfer,Puja,,Haissem Hassan,Mister,Dani,5.509.300,4.0,41.0,1370.0,,,,,,,,
transfer,Puja,,Haissem Hassan,Mister,Maldinillo üí•,5.314.030,4.0,41.0,1370.0,,,,,,,,
transfer,Puja,,Haissem Hassan,Mister,Libre,5.285.780,4.0,41.0,1370.0,,,,,,,,
transfer,mercado,,Yangel Herrera,Mister,Chamac√≥nicos,1.801.000,3.0,6.0,16.0,,,,,,,,
transfer,Puja,,Yangel Herrera,Mister,Maldinillo üí•,1.501.080,3.0,6.0,16.0,,,,,,,,
marks,start_mercado,,,,,,,,,,,,,,,,
transfer,clausula,,Clemens Riedel,Maldinillo üí•,Jotabetrbb,1.117.500,2.0,25.0,8.0,,,,,,,,
marks,start_mercado,,,,,,,,,,,,,,,,
transfer,mercado,,Mat√≠as Dituro,Libre,Mister,6.182.800,1.0,19.0,23.0,,,,,,,,
marks,start_mercado,,,,,,,,,,,,,,,,
transfer,mercado,,C√©sar T√°rrega,Maldinillo üí•,Mister,6.127.670,2.0,38.0,19.0,,,,,,,,
marks,start_mercado,,,,,,,,,,,,,,,,
transfer,mercado,,Abel Ruiz,Dani,Mister,171.600,4.0,0.0,222.0,,,,,,,,
marks,start_mercado,,,,,,,,,,,,,,,,
transfer,mercado,,Mateu Morey,Chamac√≥nicos,Mister,2.251.140,2.0,30.0,408.0,,,,,,,,
marks,start_mercado,,,,,,,,,,,,,,,,
transfer,mercado,,Pedri,Mister,Maldinillo üí•,30.147.510,3.0,83.0,3.0,,,,,,,,
transfer,Puja,,Pedri,Mister,Dani,28.717.430,3.0,83.0,3.0,,,,,,,,
transfer,Puja,,Pedri,Mister,Los marinero,25.689.000,3.0,83.0,3.0,,,,,,,,
marks,start_mercado,,,,,,,,,,,,,,,,
transfer,mercado,,Aitor Paredes,Dani,Mister,6.435.950,2.0,35.0,1.0,,,,,,,,
marks,start_mercado,,,,,,,,,,,,,,,,
transfer,mercado,,Sergi Darder,Maldinillo üí•,Mister,10.106.060,3.0,38.0,408.0,,,,,,,,
marks,start_mercado,,,,,,,,,,,,,,,,
transfer,mercado,,Franco Cervi,Chamac√≥nicos,Mister,205.020,3.0,0.0,5.0,,,,,,,,
marks,start_mercado,,,,,,,,,,,,,,,,
transfer,mercado,,Pablo Mart√≠nez,Dani,Mister,2.472.080,3.0,26.0,12.0,,,,,,,,
marks,start_mercado,,,,,,,,,,,,,,,,
transfer,mercado,,Javi Guerra,Los marinero,Mister,6.653.760,3.0,32.0,19.0,,,,,,,,
marks,start_mercado,,,,,,,,,,,,,,,,
transfer,mercado,,Diego Rico,Los marinero,Mister,3.818.880,2.0,27.0,9.0,,,,,,,,
marks,start_mercado,,,,,,,,,,,,,,,,
transfer,mercado,,Be√±at Prados,Dani,Mister,171.150,3.0,4.0,1.0,,,,,,,,
transfer,acuerdo,,Marcos Llorente,Libre,,"‚Üì 5,76M",2.0,50.0,2.0,,,,,,,,
marks,start_mercado,,,,,,,,,,,,,,,,
transfer,mercado,,Lucas Torr√≥,De la Guettir FC,Mister,5.604.560,3.0,37.0,50.0,,,,,,,,
marks,start_mercado,,,,,,,,,,,,,,,,
transfer,mercado,,Nico Gonz√°lez,Mister,Jotabetrbb,10.000.000,3.0,37.0,2.0,,,,,,,,
transfer,Puja,,Nico Gonz√°lez,Mister,Los marinero,9.453.000,3.0,37.0,2.0,,,,,,,,
transfer,Puja,,Nico Gonz√°lez,Mister,De la Guettir FC,8.898.450,3.0,37.0,2.0,,,,,,,,
transfer,Puja,,Nico Gonz√°lez,Mister,Chamac√≥nicos,8.843.000,3.0,37.0,2.0,,,,,,,,
transfer,Puja,,Nico Gonz√°lez,Mister,Dani,8.742.520,3.0,37.0,2.0,,,,,,,,
transfer,Puja,,Nico Gonz√°lez,Mister,Libre,8.500.000,3.0,37.0,2.0,,,,,,,,
transfer,Puja,,Nico Gonz√°lez,Mister,Maldinillo üí•,8.372.380,3.0,37.0,2.0,,,,,,,,
transfer,mercado,,Carlos √Ålvarez,Mister,Maldinillo üí•,5.849.520,3.0,47.0,12.0,,,,,,,,
transfer,Puja,,Carlos √Ålvarez,Mister,Chamac√≥nicos,5.655.000,3.0,47.0,12.0,,,,,,,,
transfer,Puja,,Carlos √Ålvarez,Mister,Dani,5.503.200,3.0,47.0,12.0,,,,,,,,
transfer,mercado,,Gorka Guruzeta,Mister,Maldinillo üí•,1.938.070,4.0,15.0,1.0,,,,,,,,
transfer,Puja,,Gorka Guruzeta,Mister,Los marinero,1.765.000,4.0,15.0,1.0,,,,,,,,
marks,start_mercado,,,,,,,,,,,,,,,,
transfer,clausula,,Abel Bretones,Dani,Chamac√≥nicos,3.829.800,2.0,29.0,50.0,,,,,,,,
marks,start_mercado,,,,,,,,,,,,,,,,
transfer,mercado,,Flavien Boyomo,Maldinillo üí•,Mister,10.224.230,2.0,38.0,50.0,,,,,,,,
marks,start_jornada,,,,,,,,,,,,,,8.0,,
marks,start_mercado,,,,,,,,,,,,,,,,
transfer,mercado,,Andr√©s Castr√≠n,Libre,Mister,1.468.700,2.0,16.0,17.0,,,,,,,,
marks,start_mercado,,,,,,,,,,,,,,,,
transfer,mercado,,Dani Parejo,Libre,Mister,4.697.550,3.0,27.0,20.0,,,,,,,,
marks,start_mercado,,,,,,,,,,,,,,,,
transfer,acuerdo,,Abdel Abqar,Dani,Jotabetrbb,1.907.000,2.0,15.0,9.0,,,,,,,,
marks,start_mercado,,,,,,,,,,,,,,,,
transfer,acuerdo,,Samuel Costa,Dani,Maldinillo üí•,2.492.000,3.0,31.0,408.0,,,,,,,,
marks,start_mercado,,,,,,,,,,,,,,,,
transfer,mercado,,Oihan Sancet,Los marinero,Mister,12.515.530,3.0,22.0,1.0,,,,,,,,
marks,start_mercado,,,,,,,,,,,,,,,,
transfer,mercado,,L√©o P√©trot,Mister,Jotabetrbb,460.000,2.0,17.0,23.0,,,,,,,,
transfer,Puja,,L√©o P√©trot,Mister,Dani,427.850,2.0,17.0,23.0,,,,,,,,
transfer,mercado,,Pablo Fornals,Mister,Dani,13.519.820,3.0,65.0,4.0,,,,,,,,
transfer,Puja,,Pablo Fornals,Mister,Maldinillo üí•,12.972.955,3.0,65.0,4.0,,,,,,,,
transfer,Puja,,Pablo Fornals,Mister,MuchaSalsa,12.331.000,3.0,65.0,4.0,,,,,,,,
transfer,Puja,,Pablo Fornals,Mister,Chamac√≥nicos,12.131.000,3.0,65.0,4.0,,,,,,,,
transfer,mercado,,Jeremy Toljan,Mister,Dani,4.511.740,2.0,41.0,12.0,,,,,,,,
transfer,Puja,,Jeremy Toljan,Mister,Libre,4.224.970,2.0,41.0,12.0,,,,,,,,
transfer,mercado,,Pablo Mart√≠nez,Mister,Dani,2.523.370,3.0,26.0,12.0,,,,,,,,
transfer,mercado,,Be√±at Prados,Mister,Dani,232.980,3.0,4.0,1.0,,,,,,,,
transfer,mercado,,Abel Ruiz,Mister,Dani,181.630,4.0,0.0,222.0,,,,,,,,
marks,start_mercado,,,,,,,,,,,,,,,,
transfer,mercado,,Luis Milla,MuchaSalsa,Mister,12.640.950,3.0,56.0,9.0,,,,,,,,
marks,start_mercado,,,,,,,,,,,,,,,,
transfer,clausula,,Tyrhys Dolan,Dani,Los marinero,9.612.000,3.0,45.0,8.0,,,,,,,,
marks,start_mercado,,,,,,,,,,,,,,,,
transfer,mercado,,Marcos Alonso,Maldinillo üí•,Mister,4.935.280,2.0,27.0,5.0,,,,,,,,
marks,start_mercado,,,,,,,,,,,,,,,,
transfer,mercado,,Isaac Romero,Maldinillo üí•,Mister,5.996.660,4.0,41.0,17.0,,,,,,,,
marks,start_mercado,,,,,,,,,,,,,,,,
transfer,clausula,,Marc Roca,Los marinero,Jotabetrbb,1.003.500,3.0,12.0,4.0,,,,,,,,
marks,start_mercado,,,,,,,,,,,,,,,,
transfer,mercado,,Borja Iglesias,Mister,MuchaSalsa,11.253.000,4.0,57.0,5.0,,,,,,,,
transfer,Puja,,Borja Iglesias,Mister,Maldinillo üí•,10.742.490,4.0,57.0,5.0,,,,,,,,
transfer,mercado,,Jos√© √Ångel Carmona,Mister,Jotabetrbb,4.315.000,2.0,42.0,17.0,,,,,,,,
transfer,Puja,,Jos√© √Ångel Carmona,Mister,Libre,4.000.068,2.0,42.0,17.0,,,,,,,,
transfer,Puja,,Jos√© √Ångel Carmona,Mister,Maldinillo üí•,3.953.990,2.0,42.0,17.0,,,,,,,,
transfer,mercado,,Javi Guerra,Mister,Los marinero,7.085.000,3.0,32.0,19.0,,,,,,,,
transfer,mercado,,Jon Gorrotxategi,Mister,Maldinillo üí•,2.636.000,3.0,31.0,16.0,,,,,,,,
transfer,Puja,,Jon Gorrotxategi,Mister,Libre,2.137.530,3.0,31.0,16.0,,,,,,,,
transfer,mercado,,Clemens Riedel,Mister,Maldinillo üí•,645.450,2.0,25.0,8.0,,,,,,,,
marks,start_mercado,,,,,,,,,,,,,,,,
transfer,mercado,,Hector Fort,De la Guettir FC,Mister,1.050.700,2.0,7.0,23.0,,,,,,,,
marks,start_mercado,,,,,,,,,,,,,,,,
transfer,clausula,,Pablo Ib√°√±ez,Jotabetrbb,Juanba,3.844.500,3.0,33.0,48.0,,,,,,,,
marks,start_mercado,,,,,,,,,,,,,,,,
transfer,mercado,,Jos√© Luis Morales,Juanba,Mister,4.411.800,4.0,28.0,12.0,,,,,,,,
bonificacion,quiniela,,,,,,,,,De la Guettir FC,+500.000,1¬∫,5.0,,,,
bonificacion,quiniela,,,,,,,,,Maldinillo üí•,+500.000,2¬∫,5.0,,,,
bonificacion,quiniela,,,,,,,,,Chamac√≥nicos,+400.000,3¬∫,4.0,,,,
bonificacion,quiniela,,,,,,,,,Dani,+400.000,4¬∫,4.0,,,,
bonificacion,quiniela,,,,,,,,,Los marinero,+300.000,5¬∫,3.0,,,,
bonificacion,quiniela,,,,,,,,,MuchaSalsa,+300.000,6¬∫,3.0,,,,
bonificacion,quiniela,,,,,,,,,Jotabetrbb,,7¬∫,0.0,,,,
bonificacion,quiniela,,,,,,,,,Juanba,,8¬∫,0.0,,,,
bonificacion,quiniela,,,,,,,,,Libre,,9¬∫,0.0,,,,
bonificacion,clasificacion,,,,,,,,,Dani,1.460.000,1,,58.0,,,
bonificacion,clasificacion,,,,,,,,,Chamac√≥nicos,2.140.000,2,,57.0,,,
bonificacion,clasificacion,,,,,,,,,Maldinillo üí•,1.600.000,3,,40.0,,,
bonificacion,clasificacion,,,,,,,,,Libre,1.850.000,4,,40.0,,,
bonificacion,clasificacion,,,,,,,,,Juanba,1.840.000,5,,37.0,,,
bonificacion,clasificacion,,,,,,,,,MuchaSalsa,2.020.000,6,,36.0,,,
bonificacion,clasificacion,,,,,,,,,De la Guettir FC,2.300.000,7,,35.0,,,
bonificacion,clasificacion,,,,,,,,,Jotabetrbb,2.280.000,8,,34.0,,,
bonificacion,clasificacion,,,,,,,,,Los marinero,2.360.000,9,,28.0,,,
marks,start_mercado,,,,,,,,,,,,,,,,
transfer,mercado,,Jonny Otto,Libre,Mister,5.068.800,2.0,41.0,48.0,,,,,,,,
marks,start_mercado,,,,,,,,,,,,,,,,
transfer,mercado,,I√±igo Ruiz De Galarreta,Mister,MuchaSalsa,7.479.000,3.0,37.0,1.0,,,,,,,,
transfer,mercado,,Pedro Bigas,Mister,Maldinillo üí•,6.315.400,2.0,41.0,23.0,,,,,,,,
transfer,mercado,,C√©sar T√°rrega,Mister,Maldinillo üí•,5.940.000,2.0,38.0,19.0,,,,,,,,
marks,start_mercado,,,,,,,,,,,,,,,,
transfer,mercado,,Lucas Boy√©,Chamac√≥nicos,Mister,1.211.700,4.0,29.0,48.0,,,,,,,,
marks,start_mercado,,,,,,,,,,,,,,,,
transfer,clausula,,Abde Ezzalzouli,Maldinillo üí•,Juanba,7.804.908,4.0,45.0,4.0,,,,,,,,
marks,start_mercado,,,,,,,,,,,,,,,,
transfer,mercado,,Takuma Asano,Libre,Mister,595.900,4.0,19.0,408.0,,,,,,,,
marks,start_mercado,,,,,,,,,,,,,,,,
transfer,mercado,,Dani Carvajal,Maldinillo üí•,Mister,7.160.000,2.0,24.0,15.0,,,,,,,,
marks,start_mercado,,,,,,,,,,,,,,,,
transfer,mercado,,Denis Su√°rez,Dani,Mister,1.471.600,3.0,25.0,48.0,,,,,,,,
marks,start_mercado,,,,,,,,,,,,,,,,
transfer,mercado,,Alexander S√∏rloth,Mister,Libre,11.355.990,4.0,16.0,2.0,,,,,,,,
transfer,mercado,,Youssef Enr√≠quez,Mister,Libre,296.660,2.0,23.0,48.0,,,,,,,,
transfer,mercado,,Marcos Alonso,Mister,Maldinillo üí•,5.052.350,2.0,27.0,5.0,,,,,,,,
marks,start_mercado,,,,,,,,,,,,,,,,
transfer,mercado,,Isi Palaz√≥n,Libre,Mister,9.808.000,3.0,33.0,14.0,,,,,,,,
marks,start_mercado,,,,,,,,,,,,,,,,
transfer,mercado,,Leandro Cabrera,Los marinero,Mister,8.204.230,2.0,41.0,8.0,,,,,,,,
marks,start_mercado,,,,,,,,,,,,,,,,
transfer,mercado,,√Ålvaro Garc√≠a,Mister,De la Guettir FC,11.111.133,3.0,44.0,14.0,,,,,,,,
transfer,mercado,,Azzedine Ounahi,Mister,Chamac√≥nicos,6.622.000,3.0,25.0,222.0,,,,,,,,
transfer,mercado,,Coba da Costa,Mister,Maldinillo üí•,370.120,3.0,17.0,9.0,,,,,,,,
marks,start_mercado,,,,,,,,,,,,,,,,
transfer,mercado,,Pablo Torre,De la Guettir FC,Mister,5.265.360,3.0,22.0,408.0,,,,,,,,
marks,start_mercado,,,,,,,,,,,,,,,,
transfer,mercado,,Mikel Vesga,Maldinillo üí•,Mister,987.840,3.0,14.0,1.0,,,,,,,,
marks,start_mercado,,,,,,,,,,,,,,,,
transfer,mercado,,Mariano D√≠az,Los marinero,Mister,1.253.340,4.0,14.0,48.0,,,,,,,,
marks,start_mercado,,,,,,,,,,,,,,,,
transfer,mercado,,Antoine Griezmann,Mister,Libre,11.050.000,4.0,32.0,2.0,,,,,,,,
transfer,mercado,,Ricardo Rodr√≠guez,Mister,Los marinero,209.000,2.0,13.0,4.0,,,,,,,,
marks,start_mercado,,,,,,,,,,,,,,,,
transfer,mercado,,Luka Ilic,Maldinillo üí•,Mister,1.361.220,3.0,12.0,1370.0,,,,,,,,
marks,start_mercado,,,,,,,,,,,,,,,,
transfer,mercado,,Adri√°n Liso,Chamac√≥nicos,Mister,4.250.080,3.0,35.0,9.0,,,,,,,,
marks,start_mercado,,,,,,,,,,,,,,,,
transfer,mercado,,Pichu Cu√©llar,Libre,Mister,185.850,1.0,0.0,408.0,,,,,,,,
marks,start_mercado,,,,,,,,,,,,,,,,
transfer,mercado,,Leandro Cabrera,Mister,Los marinero,8.253.000,2.0,41.0,8.0,,,,,,,,
transfer,mercado,,Marc Roca,Mister,Los marinero,556.000,3.0,9.0,4.0,,,,,,,,
transfer,mercado,,Iv√°n Balliu,Mister,Chamac√≥nicos,609.000,2.0,8.0,14.0,,,,,,,,
marks,start_jornada,,,,,,,,,,,,,,7.0,,
marks,start_mercado,,,,,,,,,,,,,,,,
transfer,mercado,,Thibaut Courtois,Jotabetrbb,Mister,10.716.160,1.0,28.0,15.0,,,,,,,,
marks,start_mercado,,,,,,,,,,,,,,,,
transfer,mercado,,Kelechi Iheanacho,Libre,Mister,185.270,4.0,0.0,0.0,,,,,,,,
marks,start_mercado,,,,,,,,,,,,,,,,
transfer,mercado,,Kike Salas,Libre,Mister,7.081.000,2.0,17.0,17.0,,,,,,,,
bonificacion,quiniela,,,,,,,,,De la Guettir FC,+800.000,1¬∫,8.0,,,,
bonificacion,quiniela,,,,,,,,,Dani,+700.000,2¬∫,7.0,,,,
bonificacion,quiniela,,,,,,,,,Jotabetrbb,+700.000,3¬∫,7.0,,,,
bonificacion,quiniela,,,,,,,,,Juanba,+600.000,4¬∫,6.0,,,,
bonificacion,quiniela,,,,,,,,,Maldinillo üí•,+600.000,5¬∫,6.0,,,,
bonificacion,quiniela,,,,,,,,,MuchaSalsa,+400.000,6¬∫,4.0,,,,
bonificacion,quiniela,,,,,,,,,Chamac√≥nicos,,7¬∫,0.0,,,,
bonificacion,quiniela,,,,,,,,,Libre,,8¬∫,0.0,,,,
bonificacion,quiniela,,,,,,,,,Los marinero,,9¬∫,0.0,,,,
bonificacion,clasificacion,,,,,,,,,De la Guettir FC,1.570.000,1,,51.0,,,
bonificacion,clasificacion,,,,,,,,,Jotabetrbb,1.310.000,2,,33.0,,,
bonificacion,clasificacion,,,,,,,,,Dani,1.160.000,3,,28.0,,,
bonificacion,clasificacion,,,,,,,,,Maldinillo üí•,1.440.000,4,,27.0,,,
bonificacion,clasificacion,,,,,,,,,Los marinero,1.580.000,5,,24.0,,,
bonificacion,clasificacion,,,,,,,,,Chamac√≥nicos,1.660.000,6,,23.0,,,
bonificacion,clasificacion,,,,,,,,,MuchaSalsa,1.780.000,7,,19.0,,,
bonificacion,clasificacion,,,,,,,,,Libre,1.980.000,8,,19.0,,,
bonificacion,clasificacion,,,,,,,,,Juanba,2.060.000,9,,13.0,,,
marks,start_mercado,,,,,,,,,,,,,,,,
transfer,acuerdo,,Isaac Romero,Jotabetrbb,Maldinillo üí•,6.000.000,4.0,38.0,17.0,,,,,,,,
marks,start_mercado,,,,,,,,,,,,,,,,
transfer,mercado,,Gabriel Suazo,Mister,Libre,4.173.796,2.0,25.0,17.0,,,,,,,,
transfer,mercado,,Pichu Cu√©llar,Mister,Libre,189.010,1.0,0.0,408.0,,,,,,,,
transfer,mercado,,Hora»õiu Moldovan,Mister,Jotabetrbb,193.000,1.0,0.0,1370.0,,,,,,,,
transfer,mercado,,Luka Ilic,Mister,Maldinillo üí•,1.436.030,3.0,12.0,1370.0,,,,,,,,
marks,start_mercado,,,,,,,,,,,,,,,,
transfer,mercado,,Carlos Soler,Dani,Mister,6.325.020,3.0,14.0,16.0,,,,,,,,
marks,start_mercado,,,,,,,,,,,,,,,,
transfer,mercado,,Domingos Duarte,Los marinero,Mister,1.237.850,2.0,16.0,9.0,,,,,,,,
marks,start_mercado,,,,,,,,,,,,,,,,
transfer,clausula,,Rafa Mir,Maldinillo üí•,Dani,8.271.165,4.0,42.0,23.0,,,,,,,,
marks,start_mercado,,,,,,,,,,,,,,,,
transfer,mercado,,Alejandro Catena,Chamac√≥nicos,Mister,6.977.360,2.0,38.0,50.0,,,,,,,,
marks,start_mercado,,,,,,,,,,,,,,,,
transfer,mercado,,Rodrigo Mendoza,De la Guettir FC,Mister,4.730.250,3.0,29.0,23.0,,,,,,,,
marks,start_mercado,,,,,,,,,,,,,,,,
transfer,mercado,,Ferran Torres,Mister,Jotabetrbb,14.738.000,4.0,54.0,3.0,,,,,,,,
transfer,mercado,,Diego Rico,Mister,Los marinero,4.269.000,2.0,21.0,9.0,,,,,,,,
transfer,mercado,,Djibril Sow,Mister,Chamac√≥nicos,888.000,3.0,20.0,17.0,,,,,,,,
transfer,mercado,,Abdel Abqar,Mister,Dani,1.700.550,2.0,15.0,9.0,,,,,,,,
marks,start_mercado,,,,,,,,,,,,,,,,
transfer,mercado,,Sergio Carreira,Jotabetrbb,Mister,1.185.240,2.0,15.0,5.0,,,,,,,,
marks,start_mercado,,,,,,,,,,,,,,,,
transfer,clausula,,Valent√≠n G√≥mez,Chamac√≥nicos,Jotabetrbb,2.000.000,2.0,18.0,4.0,,,,,,,,
marks,start_mercado,,,,,,,,,,,,,,,,
transfer,mercado,,Marko Dmitroviƒá,Chamac√≥nicos,Mister,10.377.250,1.0,36.0,8.0,,,,,,,,
marks,start_mercado,,,,,,,,,,,,,,,,
transfer,mercado,,Unai L√≥pez,Libre,Mister,5.134.550,3.0,25.0,14.0,,,,,,,,
marks,start_mercado,,,,,,,,,,,,,,,,
transfer,mercado,,Aur√©lien Tchouam√©ni,Mister,Libre,12.003.710,3.0,35.0,15.0,,,,,,,,
transfer,mercado,,Marcos Llorente,Mister,Libre,8.833.400,2.0,37.0,2.0,,,,,,,,
transfer,mercado,,Dani Parejo,Mister,Libre,5.235.230,3.0,21.0,20.0,,,,,,,,
transfer,mercado,,Lucas Boy√©,Mister,Chamac√≥nicos,1.207.000,4.0,18.0,48.0,,,,,,,,
marks,start_mercado,,,,,,,,,,,,,,,,
transfer,clausula,,Valent√≠n G√≥mez,Libre,Chamac√≥nicos,1.000.000,2.0,18.0,4.0,,,,,,,,
marks,start_mercado,,,,,,,,,,,,,,,,
transfer,mercado,,Gerard Moreno,Libre,Mister,4.406.490,4.0,5.0,20.0,,,,,,,,
marks,start_mercado,,,,,,,,,,,,,,,,
transfer,mercado,,Joel Roca,Jotabetrbb,Mister,2.447.550,3.0,19.0,222.0,,,,,,,,
marks,start_mercado,,,,,,,,,,,,,,,,
transfer,mercado,,Batista Mendy,Mister,Los marinero,4.124.000,3.0,21.0,17.0,,,,,,,,
transfer,mercado,,Marko Dmitroviƒá,Mister,Chamac√≥nicos,10.155.000,1.0,36.0,8.0,,,,,,,,
transfer,mercado,,Omar El Hilali,Mister,Dani,6.244.880,2.0,33.0,8.0,,,,,,,,
marks,start_mercado,,,,,,,,,,,,,,,,
transfer,mercado,,Hugo Duro,Maldinillo üí•,Mister,8.680.350,4.0,33.0,19.0,,,,,,,,
bonificacion,quiniela,,,,,,,,,Chamac√≥nicos,+700.000,1¬∫,7.0,,,,
bonificacion,quiniela,,,,,,,,,Jotabetrbb,+700.000,2¬∫,7.0,,,,
bonificacion,quiniela,,,,,,,,,MuchaSalsa,+700.000,3¬∫,7.0,,,,
bonificacion,quiniela,,,,,,,,,Dani,+600.000,4¬∫,6.0,,,,
bonificacion,quiniela,,,,,,,,,De la Guettir FC,+600.000,5¬∫,6.0,,,,
bonificacion,quiniela,,,,,,,,,Juanba,+500.000,6¬∫,5.0,,,,
bonificacion,quiniela,,,,,,,,,Libre,+500.000,7¬∫,5.0,,,,
bonificacion,quiniela,,,,,,,,,Los marinero,+400.000,8¬∫,4.0,,,,
bonificacion,quiniela,,,,,,,,,Maldinillo üí•,+400.000,9¬∫,4.0,,,,
bonificacion,clasificacion,,,,,,,,,Los marinero,2.270.000,1,,66.0,,,
bonificacion,clasificacion,,,,,,,,,Maldinillo üí•,1.690.000,2,,47.0,,,
bonificacion,clasificacion,,,,,,,,,Dani,1.580.000,3,,44.0,,,
bonificacion,clasificacion,,,,,,,,,De la Guettir FC,1.830.000,4,,39.0,,,
bonificacion,clasificacion,,,,,,,,,Jotabetrbb,1.740.000,5,,37.0,,,
bonificacion,clasificacion,,,,,,,,,Chamac√≥nicos,1.700.000,6,,25.0,,,
bonificacion,clasificacion,,,,,,,,,Juanba,1.860.000,7,,23.0,,,
bonificacion,clasificacion,,,,,,,,,MuchaSalsa,2.040.000,8,,22.0,,,
bonificacion,clasificacion,,,,,,,,,Libre,2.040.000,9,,12.0,,,
marks,start_mercado,,,,,,,,,,,,,,,,
transfer,clausula,,Tanguy Nianzou,Los marinero,Jotabetrbb,1.029.000,2.0,10.0,17.0,,,,,,,,
marks,start_mercado,,,,,,,,,,,,,,,,
transfer,mercado,,Lucas Ahijado,Dani,Mister,197.000,2.0,16.0,1370.0,,,,,,,,
marks,start_mercado,,,,,,,,,,,,,,,,
transfer,mercado,,Takefusa Kubo,Dani,Mister,13.449.000,3.0,30.0,16.0,,,,,,,,
marks,start_mercado,,,,,,,,,,,,,,,,
transfer,mercado,,Andreas Christensen,Mister,De la Guettir FC,2.898.989,2.0,22.0,3.0,,,,,,,,
transfer,mercado,,Alejandro Catena,Mister,Chamac√≥nicos,6.448.000,2.0,38.0,50.0,,,,,,,,
transfer,mercado,,David Affengruber,Mister,Dani,7.536.410,2.0,28.0,23.0,,,,,,,,
transfer,mercado,,Denis Su√°rez,Mister,Dani,1.512.030,3.0,18.0,48.0,,,,,,,,
transfer,mercado,,Rafa Mir,Mister,Maldinillo üí•,5.514.110,4.0,42.0,23.0,,,,,,,,
transfer,mercado,,Mikel Vesga,Mister,Maldinillo üí•,890.860,3.0,14.0,1.0,,,,,,,,
marks,start_mercado,,,,,,,,,,,,,,,,
transfer,mercado,,Carles Ale√±√°,Maldinillo üí•,Mister,5.145.000,3.0,27.0,48.0,,,,,,,,
marks,start_mercado,,,,,,,,,,,,,,,,
marks,start_mercado,,,,,,,,,,,,,,,,
transfer,mercado,,Axel Witsel,Chamac√≥nicos,Mister,1.703.520,3.0,9.0,222.0,,,,,,,,
marks,start_mercado,,,,,,,,,,,,,,,,
transfer,mercado,,Gorka Guruzeta,Los marinero,Mister,2.332.440,4.0,14.0,1.0,,,,,,,,
marks,start_mercado,,,,,,,,,,,,,,,,
transfer,mercado,,Natan Souza,Los marinero,Mister,4.574.850,2.0,27.0,4.0,,,,,,,,
marks,start_mercado,,,,,,,,,,,,,,,,
transfer,mercado,,Tanguy Nianzou,Mister,Los marinero,686.000,2.0,10.0,17.0,,,,,,,,
transfer,mercado,,Hugo Duro,Mister,Maldinillo üí•,8.298.150,4.0,33.0,19.0,,,,,,,,
transfer,mercado,,Abde Ezzalzouli,Mister,Maldinillo üí•,5.203.272,4.0,37.0,4.0,,,,,,,,
transfer,mercado,,Paulo Gazzaniga,Mister,Maldinillo üí•,4.463.450,1.0,23.0,222.0,,,,,,,,
marks,start_mercado,,,,,,,,,,,,,,,,
transfer,mercado,,Manor Solomon,Dani,Mister,2.697.900,3.0,18.0,20.0,,,,,,,,
marks,start_mercado,,,,,,,,,,,,,,,,
transfer,mercado,,Yago Santiago,Maldinillo üí•,Mister,177.600,3.0,0.0,23.0,,,,,,,,
marks,start_mercado,,,,,,,,,,,,,,,,
transfer,clausula,,Georges Mikautadze,Maldinillo üí•,Chamac√≥nicos,9.923.400,4.0,27.0,20.0,,,,,,,,
marks,start_mercado,,,,,,,,,,,,,,,,
transfer,mercado,,Gavi,Libre,Mister,7.612.500,3.0,11.0,3.0,,,,,,,,
marks,start_mercado,,,,,,,,,,,,,,,,
transfer,mercado,,Rodrigo Riquelme,Chamac√≥nicos,Mister,5.669.120,3.0,20.0,4.0,,,,,,,,
marks,start_mercado,,,,,,,,,,,,,,,,
transfer,mercado,,Pablo Campos,Chamac√≥nicos,Mister,4.246.320,1.0,11.0,12.0,,,,,,,,
marks,start_mercado,,,,,,,,,,,,,,,,
transfer,mercado,,Thomas Lemar,Los marinero,Mister,2.398.750,3.0,7.0,222.0,,,,,,,,
marks,start_mercado,,,,,,,,,,,,,,,,
transfer,mercado,,Marc Bernal,Mister,De la Guettir FC,3.111.111,3.0,6.0,3.0,,,,,,,,
transfer,mercado,,Gorka Guruzeta,Mister,Los marinero,2.426.000,4.0,14.0,1.0,,,,,,,,
transfer,mercado,,Antonio Sivera,Mister,Chamac√≥nicos,10.155.000,1.0,35.0,48.0,,,,,,,,
marks,start_mercado,,,,,,,,,,,,,,,,
transfer,mercado,,Jos√© Copete,Maldinillo üí•,Mister,1.535.200,2.0,8.0,19.0,,,,,,,,
marks,start_jornada,,,,,,,,,,,,,,5.0,,
marks,start_mercado,,,,,,,,,,,,,,,,
transfer,mercado,,Pacha Espino,Libre,Mister,942.760,2.0,18.0,14.0,,,,,,,,
marks,start_mercado,,,,,,,,,,,,,,,,
transfer,mercado,,Jeremy Toljan,Maldinillo üí•,Mister,2.844.450,2.0,36.0,12.0,,,,,,,,
marks,start_mercado,,,,,,,,,,,,,,,,
transfer,mercado,,Kike Salas,Mister,Libre,7.406.650,2.0,17.0,17.0,,,,,,,,
transfer,mercado,,Mat√≠as Dituro,Mister,Libre,7.200.000,1.0,19.0,23.0,,,,,,,,
transfer,mercado,,Andr√©s Castr√≠n,Mister,Libre,1.673.040,2.0,16.0,17.0,,,,,,,,
transfer,mercado,,Valent√≠n G√≥mez,Mister,Libre,444.030,2.0,18.0,4.0,,,,,,,,
transfer,mercado,,Jon Pacheco,Mister,De la Guettir FC,233.333,2.0,15.0,48.0,,,,,,,,
marks,start_mercado,,,,,,,,,,,,,,,,
transfer,clausula,,Carlos Dominguez,Chamac√≥nicos,Juanba,1.658.250,2.0,11.0,5.0,,,,,,,,
marks,start_mercado,,,,,,,,,,,,,,,,
transfer,clausula,,Mariano D√≠az,Libre,Los marinero,2.299.500,4.0,14.0,48.0,,,,,,,,
marks,start_mercado,,,,,,,,,,,,,,,,
transfer,clausula,,Dani Carvajal,Libre,Maldinillo üí•,8.896.861,2.0,19.0,15.0,,,,,,,,
marks,start_mercado,,,,,,,,,,,,,,,,
transfer,acuerdo,,Aitor Fern√°ndez,Chamac√≥nicos,Maldinillo üí•,27.750,1.0,0.0,50.0,,,,,,,,
marks,start_mercado,,,,,,,,,,,,,,,,
transfer,mercado,,Borja S√°nchez,Maldinillo üí•,Mister,168.000,3.0,1.0,0.0,,,,,,,,
marks,start_mercado,,,,,,,,,,,,,,,,
transfer,mercado,,Sergio Carreira,Mister,Jotabetrbb,1.225.528,2.0,15.0,5.0,,,,,,,,
transfer,mercado,,Sergi Darder,Mister,Maldinillo üí•,9.692.530,3.0,32.0,408.0,,,,,,,,
transfer,mercado,,V√≠ctor Garc√≠a,Mister,Maldinillo üí•,167.000,3.0,6.0,12.0,,,,,,,,
marks,start_mercado,,,,,,,,,,,,,,,,
transfer,clausula,,Bryan Gil,Maldinillo üí•,Los marinero,3.391.020,3.0,9.0,222.0,,,,,,,,
marks,start_mercado,,,,,,,,,,,,,,,,
transfer,mercado,,Aitor Ruibal,MuchaSalsa,Mister,1.803.230,2.0,24.0,4.0,,,,,,,,
marks,start_mercado,,,,,,,,,,,,,,,,
transfer,mercado,,Luiz J√∫nior,MuchaSalsa,Mister,7.436.100,1.0,25.0,20.0,,,,,,,,
marks,start_mercado,,,,,,,,,,,,,,,,
transfer,mercado,,Moi G√≥mez,Jotabetrbb,Mister,1.472.000,3.0,20.0,50.0,,,,,,,,
marks,start_mercado,,,,,,,,,,,,,,,,
transfer,mercado,,Javi Puado,Maldinillo üí•,Mister,10.275.280,4.0,35.0,8.0,,,,,,,,
marks,start_mercado,,,,,,,,,,,,,,,,
transfer,mercado,,Jos√© Copete,Mister,Maldinillo üí•,1.581.120,2.0,8.0,19.0,,,,,,,,
marks,start_mercado,,,,,,,,,,,,,,,,
transfer,mercado,,√Ångel Ortiz,Maldinillo üí•,Mister,755.040,2.0,8.0,4.0,,,,,,,,
marks,start_mercado,,,,,,,,,,,,,,,,
transfer,mercado,,Yuri Berchiche,Maldinillo üí•,Mister,5.133.440,2.0,25.0,1.0,,,,,,,,
bonificacion,quiniela,,,,,,,,,Juanba,+700.000,1¬∫,7.0,,,,
bonificacion,quiniela,,,,,,,,,Maldinillo üí•,+600.000,2¬∫,6.0,,,,
bonificacion,quiniela,,,,,,,,,De la Guettir FC,+500.000,3¬∫,5.0,,,,
bonificacion,quiniela,,,,,,,,,Chamac√≥nicos,+400.000,4¬∫,4.0,,,,
bonificacion,quiniela,,,,,,,,,Jotabetrbb,+400.000,5¬∫,4.0,,,,
bonificacion,quiniela,,,,,,,,,Los marinero,+400.000,6¬∫,4.0,,,,
bonificacion,quiniela,,,,,,,,,MuchaSalsa,+400.000,7¬∫,4.0,,,,
bonificacion,quiniela,,,,,,,,,Dani,+300.000,8¬∫,3.0,,,,
bonificacion,quiniela,,,,,,,,,Libre,,9¬∫,0.0,,,,
bonificacion,clasificacion,,,,,,,,,Dani,1.690.000,1,,52.0,,,
bonificacion,clasificacion,,,,,,,,,De la Guettir FC,1.570.000,2,,41.0,,,
bonificacion,clasificacion,,,,,,,,,Chamac√≥nicos,1.460.000,3,,38.0,,,
bonificacion,clasificacion,,,,,,,,,Los marinero,1.660.000,4,,38.0,,,
bonificacion,clasificacion,,,,,,,,,Jotabetrbb,1.900.000,5,,35.0,,,
bonificacion,clasificacion,,,,,,,,,MuchaSalsa,2.210.000,6,,33.0,,,
bonificacion,clasificacion,,,,,,,,,Juanba,2.040.000,7,,32.0,,,
bonificacion,clasificacion,,,,,,,,,Maldinillo üí•,2.270.000,8,,26.0,,,
bonificacion,clasificacion,,,,,,,,,Libre,2.180.000,9,,19.0,,,
marks,start_mercado,,,,,,,,,,,,,,,,
transfer,mercado,,Rafa Mar√≠n,Chamac√≥nicos,Mister,7.894.800,2.0,38.0,20.0,,,,,,,,
marks,start_mercado,,,,,,,,,,,,,,,,
transfer,mercado,,Be√±at Prados,Los marinero,Mister,549.000,3.0,4.0,1.0,,,,,,,,
marks,start_mercado,,,,,,,,,,,,,,,,
transfer,mercado,,Luis Milla,Mister,MuchaSalsa,11.831.000,3.0,44.0,9.0,,,,,,,,
transfer,mercado,,Pablo Ib√°√±ez,Mister,Jotabetrbb,2.431.000,3.0,27.0,48.0,,,,,,,,
transfer,mercado,,Unai G√≥mez,Mister,Maldinillo üí•,160.000,3.0,8.0,1.0,,,,,,,,
marks,start_mercado,,,,,,,,,,,,,,,,
transfer,clausula,,Victor Mu√±oz,Los marinero,Jotabetrbb,6.942.000,4.0,47.0,50.0,,,,,,,,
marks,start_mercado,,,,,,,,,,,,,,,,
transfer,clausula,,Pere Milla,Jotabetrbb,Chamac√≥nicos,4.872.000,4.0,33.0,8.0,,,,,,,,
marks,start_mercado,,,,,,,,,,,,,,,,
transfer,mercado,,Antonio Blanco,Mister,Chamac√≥nicos,5.360.000,3.0,30.0,48.0,,,,,,,,
transfer,mercado,,H√©ctor Beller√≠n,Mister,Chamac√≥nicos,4.231.000,2.0,36.0,4.0,,,,,,,,
transfer,mercado,,Aitor Fern√°ndez,Mister,Chamac√≥nicos,160.010,1.0,0.0,50.0,,,,,,,,
transfer,mercado,,Javi Puado,Mister,Maldinillo üí•,10.385.650,4.0,35.0,8.0,,,,,,,,
transfer,mercado,,Carles Ale√±√°,Mister,Maldinillo üí•,5.027.470,3.0,27.0,48.0,,,,,,,,
marks,start_mercado,,,,,,,,,,,,,,,,
transfer,mercado,,Julen Agirrezabala,Maldinillo üí•,Mister,5.508.000,1.0,29.0,19.0,,,,,,,,
marks,start_mercado,,,,,,,,,,,,,,,,
transfer,mercado,,Junior Firpo,Maldinillo üí•,Mister,5.281.120,2.0,9.0,4.0,,,,,,,,
marks,start_mercado,,,,,,,,,,,,,,,,
transfer,clausula,,Carlos Dominguez,Maldinillo üí•,Chamac√≥nicos,1.105.500,2.0,11.0,5.0,,,,,,,,
marks,start_mercado,,,,,,,,,,,,,,,,
transfer,mercado,,Juan Iglesias,Jotabetrbb,Mister,2.843.760,2.0,31.0,9.0,,,,,,,,
marks,start_mercado,,,,,,,,,,,,,,,,
transfer,mercado,,Diego Pamp√≠n,Dani,Mister,201.400,2.0,6.0,12.0,,,,,,,,
marks,start_mercado,,,,,,,,,,,,,,,,
transfer,mercado,,Franco Mastantuono,Maldinillo üí•,Mister,10.386.600,3.0,29.0,15.0,,,,,,,,
marks,start_mercado,,,,,,,,,,,,,,,,
transfer,mercado,,Be√±at Prados,Mister,Los marinero,665.000,3.0,4.0,1.0,,,,,,,,
transfer,mercado,,Flavien Boyomo,Mister,Maldinillo üí•,9.758.310,2.0,32.0,50.0,,,,,,,,
marks,start_mercado,,,,,,,,,,,,,,,,
transfer,mercado,,Brais M√©ndez,Chamac√≥nicos,Mister,5.144.000,3.0,30.0,16.0,,,,,,,,
marks,start_mercado,,,,,,,,,,,,,,,,
transfer,mercado,,Kike Barja,Mister,Libre,256.020,3.0,6.0,50.0,,,,,,,,
transfer,mercado,,Asier Osambela,Mister,Libre,166.070,3.0,6.0,50.0,,,,,,,,
transfer,mercado,,Abel Bretones,Mister,Dani,1.914.900,2.0,24.0,50.0,,,,,,,,
transfer,mercado,,Bryan Gil,Mister,Maldinillo üí•,2.260.680,3.0,9.0,222.0,,,,,,,,
