fecha,id,type,subtype,equipo,jugador,compra-venta,equipoLiga,ganancias
2026-01-09,0,transfer,mercado,Dani,Hugo Duro,venta,19.0,10.28475
2026-01-09,0,marks,start_mercado,Mercado diario,,,,0.0
2026-01-09,0,transfer,mercado,Los marinero,Javi Rodr铆guez,compra,5.0,-1.735
2026-01-09,0,transfer,Puja,Dani,Javi Rodr铆guez,compra,5.0,0.0
2026-01-08,1,transfer,mercado,Jotabetrbb,Luis Rioja,venta,19.0,5.64585
2026-01-08,1,marks,start_mercado,Mercado diario,,,,0.0
2026-01-08,1,transfer,mercado,Maldinillo ,Marcus Rashford,compra,3.0,-15.03231
2026-01-08,2,marks,start_mercado,Mercado diario,,,,0.0
2026-01-07,2,transfer,mercado,Jotabetrbb,Nico Gonz谩lez,compra,2.0,-7.225
2026-01-07,2,transfer,mercado,Dani,Eric Garc铆a,compra,3.0,-23.12764
2026-01-07,2,transfer,Puja,Maldinillo ,Eric Garc铆a,compra,3.0,0.0
2026-01-07,3,transfer,mercado,Dani,Martin Valjent,venta,408.0,4.80768
2026-01-07,3,marks,start_mercado,Mercado diario,,,,0.0
2026-01-06,3,transfer,mercado,Libre,Antony Santos,compra,4.0,-20.00002
2026-01-06,3,transfer,Puja,Maldinillo ,Antony Santos,compra,4.0,0.0
2026-01-06,3,transfer,mercado,Jotabetrbb,Carlos lvarez,compra,12.0,-7.711
2026-01-06,3,transfer,Puja,Dani,Carlos lvarez,compra,12.0,0.0
2026-01-06,3,transfer,mercado,Los marinero,Abdul Mumin,compra,14.0,-0.161
2026-01-06,4,transfer,mercado,Maldinillo ,I帽aki Williams,venta,1.0,5.65587
2026-01-06,4,transfer,mercado,Libre,lvaro Valles,venta,4.0,5.28944
2026-01-06,4,transfer,mercado,Maldinillo ,Kike Garc铆a,venta,8.0,2.68981
2026-01-06,4,transfer,acuerdo,Chamac贸nicos,Ra煤l Asencio,venta,15.0,5.358
2026-01-06,4,transfer,acuerdo,Los marinero,Ra煤l Asencio,compra,15.0,-5.358
2026-01-06,4,transfer,mercado,Chamac贸nicos,Javi Rueda,venta,5.0,4.7112
2026-01-06,4,transfer,mercado,Chamac贸nicos,Antonio Blanco,venta,48.0,5.35392
2026-01-06,4,bonificacion,quiniela,De la Guettir FC,,,,0.7
2026-01-06,4,bonificacion,quiniela,Chamac贸nicos,,,,0.5
2026-01-06,4,bonificacion,quiniela,Maldinillo ,,,,0.5
2026-01-06,4,bonificacion,quiniela,Dani,,,,0.4
2026-01-06,4,bonificacion,quiniela,Libre,,,,0.4
2026-01-06,4,bonificacion,quiniela,Jotabetrbb,,,,0.2
2026-01-06,4,bonificacion,quiniela,Los marinero,,,,0.0
2026-01-06,4,bonificacion,quiniela,Juanba,,,,0.0
2026-01-06,4,bonificacion,quiniela,MuchaSalsa,,,,0.0
2026-01-06,4,bonificacion,clasificacion,Chamac贸nicos,,,,1.42
2026-01-06,4,bonificacion,clasificacion,Dani,,,,1.65
2026-01-06,4,bonificacion,clasificacion,Maldinillo ,,,,1.5
2026-01-06,4,bonificacion,clasificacion,Jotabetrbb,,,,1.5
2026-01-06,4,bonificacion,clasificacion,Libre,,,,1.7
2026-01-06,4,bonificacion,clasificacion,De la Guettir FC,,,,1.68
2026-01-06,4,bonificacion,clasificacion,Juanba,,,,1.84
2026-01-06,4,bonificacion,clasificacion,Los marinero,,,,1.96
2026-01-06,4,bonificacion,clasificacion,MuchaSalsa,,,,2.1
2026-01-05,4,transfer,mercado,Jotabetrbb,Filip Ugrinic,venta,19.0,0.6308
2026-01-05,4,marks,start_mercado,Mercado diario,,,,0.0
2026-01-05,4,transfer,mercado,Chamac贸nicos,Ra煤l Asencio,compra,15.0,-4.872
2026-01-05,4,transfer,Puja,Los marinero,Ra煤l Asencio,compra,15.0,0.0
2026-01-05,4,transfer,mercado,Dani,Hugo Duro,compra,19.0,-9.85103
2026-01-05,5,transfer,mercado,Los marinero,Jos茅 Luis Gay,venta,19.0,2.84921
2026-01-05,5,transfer,mercado,Los marinero,C茅sar Azpilicueta,venta,17.0,0.94963
2026-01-05,5,transfer,mercado,Dani,Jos茅 Copete,venta,19.0,2.57088
2026-01-05,5,transfer,mercado,Maldinillo ,Luiz J煤nior,venta,20.0,7.42644
2026-01-05,5,transfer,mercado,Maldinillo ,Matteo Ruggeri,venta,2.0,1.30271
2026-01-05,5,marks,start_mercado,Mercado diario,,,,0.0
2026-01-04,5,transfer,mercado,Dani,Javi Gal谩n,compra,50.0,-2.02641
2026-01-04,5,transfer,Puja,Maldinillo ,Javi Gal谩n,compra,50.0,0.0
2026-01-04,5,transfer,Puja,Los marinero,Javi Gal谩n,compra,50.0,0.0
2026-01-04,5,transfer,mercado,Maldinillo ,Thibaut Courtois,compra,15.0,-12.55728
2026-01-04,6,transfer,mercado,Dani,Jorge Cabello,venta,12.0,0.1648
2026-01-04,6,transfer,mercado,Dani,Yvan Neyou,venta,9.0,0.1536
2026-01-04,6,transfer,mercado,Dani,John Donald,venta,23.0,0.1701
2026-01-04,6,transfer,mercado,Dani,Allan Nyom,venta,9.0,0.1552
2026-01-04,6,marks,start_mercado,Mercado diario,,,,0.0
2026-01-03,6,transfer,mercado,Libre,Pacha Espino,compra,14.0,-0.24412
2026-01-03,6,transfer,mercado,Libre,Javi L贸pez,compra,1370.0,-0.16
2026-01-03,7,marks,start_jornada,18.0,,,,0.0
2026-01-03,7,transfer,mercado,Libre,Arnau Mart铆nez,venta,222.0,4.54904
2026-01-03,7,transfer,mercado,Libre,Mauro Arambarri,venta,9.0,10.32624
2026-01-03,7,transfer,mercado,Los marinero,Hector Fort,venta,23.0,2.1337
2026-01-03,7,transfer,mercado,Maldinillo ,Isco,venta,4.0,12.43249
2026-01-03,7,marks,start_mercado,Mercado diario,,,,0.0
2026-01-02,7,transfer,mercado,Jotabetrbb,Rub茅n Vargas,compra,17.0,-9.312
2026-01-02,7,transfer,mercado,Dani,Allan Nyom,compra,9.0,-0.18352
2026-01-02,7,transfer,Puja,Los marinero,Allan Nyom,compra,9.0,0.0
2026-01-02,7,transfer,mercado,Dani,Jorge Cabello,compra,12.0,-0.17254
2026-01-02,7,transfer,mercado,Dani,John Donald,compra,23.0,-0.16128
2026-01-02,7,transfer,mercado,Dani,Yvan Neyou,compra,9.0,-0.16
2026-01-02,7,transfer,mercado,Maldinillo ,Marcos Llorente,compra,2.0,-13.59044
2026-01-02,7,transfer,Puja,Dani,Marcos Llorente,compra,2.0,0.0
2026-01-02,8,transfer,mercado,Los marinero,Gabriel Suazo,venta,17.0,3.94485
2026-01-01,8,transfer,clausula,Jotabetrbb,C茅sar Azpilicueta,venta,17.0,2.1
2026-01-01,8,transfer,clausula,Los marinero,C茅sar Azpilicueta,compra,17.0,-2.1
2026-01-01,8,marks,start_mercado,Mercado diario,,,,0.0
2025-12-31,8,transfer,mercado,Libre,Alexis S谩nchez,compra,17.0,-5.44401
2025-12-31,8,transfer,Puja,Dani,Alexis S谩nchez,compra,17.0,0.0
2025-12-31,8,transfer,mercado,Los marinero,Abde Rebbach,compra,48.0,-0.551
2025-12-31,8,transfer,mercado,Dani,Alejandro Balde,compra,3.0,-11.80764
2025-12-31,8,transfer,Puja,Jotabetrbb,Alejandro Balde,compra,3.0,0.0
2025-12-31,8,transfer,Puja,Maldinillo ,Alejandro Balde,compra,3.0,0.0
2025-12-31,9,transfer,clausula,Dani,Thierry Correia,venta,19.0,1.95
2025-12-31,9,transfer,clausula,Los marinero,Thierry Correia,compra,19.0,-1.95
2025-12-30,9,transfer,mercado,Maldinillo ,Mikel Jauregizar,venta,1.0,6.64782
2025-12-30,9,marks,start_mercado,Mercado diario,,,,0.0
2025-12-30,9,transfer,mercado,Maldinillo ,Ante Budimir,compra,50.0,-11.519
2025-12-30,9,transfer,Puja,Dani,Ante Budimir,compra,50.0,0.0
2025-12-30,9,transfer,Puja,Libre,Ante Budimir,compra,50.0,0.0
2025-12-30,10,transfer,clausula,Chamac贸nicos,Gabriel Suazo,venta,17.0,5.373
2025-12-30,10,transfer,clausula,Los marinero,Gabriel Suazo,compra,17.0,-5.373
2025-12-30,10,transfer,mercado,Los marinero,Oihan Sancet,venta,1.0,7.64286
2025-12-30,10,transfer,clausula,MuchaSalsa,Koke,venta,2.0,16.941
2025-12-30,10,transfer,clausula,Maldinillo ,Koke,compra,2.0,-16.941
2025-12-29,10,transfer,mercado,Maldinillo ,Alexander S酶rloth,venta,2.0,6.70176
2025-12-29,10,transfer,mercado,Maldinillo ,Ander Barrenetxea,venta,16.0,11.63032
2025-12-29,10,marks,start_mercado,Mercado diario,,,,0.0
2025-12-29,10,transfer,mercado,Maldinillo ,lex Berenguer,compra,1.0,-8.21945
2025-12-29,10,transfer,Puja,Jotabetrbb,lex Berenguer,compra,1.0,0.0
2025-12-29,10,transfer,Puja,Dani,lex Berenguer,compra,1.0,0.0
2025-12-29,10,transfer,Puja,Chamac贸nicos,lex Berenguer,compra,1.0,0.0
2025-12-29,10,transfer,mercado,Maldinillo ,Matteo Ruggeri,compra,2.0,-1.52228
2025-12-29,11,transfer,mercado,Los marinero,D谩vid Hancko,venta,2.0,9.97524
2025-12-29,11,marks,start_mercado,Mercado diario,,,,0.0
2025-12-28,11,transfer,mercado,Libre,Alan Matturro,compra,12.0,-0.181
2025-12-28,11,transfer,mercado,Maldinillo ,Ander Barrenetxea,compra,16.0,-11.21389
2025-12-28,11,transfer,mercado,Maldinillo ,Alexander S酶rloth,compra,2.0,-6.46435
2025-12-28,12,transfer,clausula,Maldinillo ,Pedri,venta,3.0,60.29502
2025-12-28,12,transfer,clausula,Los marinero,Pedri,compra,3.0,-60.29502
2025-12-28,12,transfer,clausula,Los marinero,Lamine Yamal,venta,3.0,46.550565
2025-12-28,12,transfer,clausula,Dani,Lamine Yamal,compra,3.0,-46.550565
2025-12-28,12,transfer,clausula,MuchaSalsa,Raphinha,venta,3.0,40.649998
2025-12-28,12,transfer,clausula,Maldinillo ,Raphinha,compra,3.0,-40.649998
2025-12-28,12,transfer,mercado,Maldinillo ,Robert Lewandowski,venta,3.0,17.776
2025-12-28,12,marks,start_mercado,Mercado diario,,,,0.0
2025-12-27,12,transfer,mercado,Jotabetrbb,Batista Mendy,compra,17.0,-2.991
2025-12-27,12,transfer,Puja,Los marinero,Batista Mendy,compra,17.0,0.0
2025-12-27,12,transfer,Puja,Dani,Batista Mendy,compra,17.0,0.0
2025-12-27,12,transfer,mercado,Dani,Alejandro Catena,compra,50.0,-10.50159
2025-12-27,13,transfer,mercado,Maldinillo ,Abel Bretones,venta,50.0,4.51682
2025-12-27,13,transfer,mercado,Dani,Marko Dmitrovi,venta,8.0,10.41021
2025-12-27,13,marks,start_mercado,Mercado diario,,,,0.0
2025-12-26,13,transfer,mercado,Maldinillo ,Mikel Jauregizar,compra,1.0,-6.4321
2025-12-26,14,transfer,mercado,Jotabetrbb,Iv谩n Mart铆n,venta,222.0,4.95792
2025-12-26,14,marks,start_mercado,Mercado diario,,,,0.0
2025-12-24,14,transfer,mercado,Jotabetrbb,Conor Gallagher,compra,2.0,-1.826
2025-12-24,14,transfer,Puja,Libre,Conor Gallagher,compra,2.0,0.0
2025-12-24,14,transfer,mercado,Maldinillo ,Viktor Tsygankov,compra,222.0,-6.43482
2025-12-24,14,transfer,Puja,Libre,Viktor Tsygankov,compra,222.0,0.0
2025-12-24,14,transfer,mercado,Maldinillo ,Abel Bretones,compra,50.0,-4.61904
2025-12-23,15,transfer,mercado,Libre,Abu Kamara,venta,9.0,0.20099
2025-12-23,15,bonificacion,quiniela,De la Guettir FC,,,,0.8
2025-12-23,15,bonificacion,quiniela,Chamac贸nicos,,,,0.6
2025-12-23,15,bonificacion,quiniela,Jotabetrbb,,,,0.6
2025-12-23,15,bonificacion,quiniela,Maldinillo ,,,,0.6
2025-12-23,15,bonificacion,quiniela,Dani,,,,0.5
2025-12-23,15,bonificacion,quiniela,Los marinero,,,,0.5
2025-12-23,15,bonificacion,quiniela,Juanba,,,,0.0
2025-12-23,15,bonificacion,quiniela,Libre,,,,0.0
2025-12-23,15,bonificacion,quiniela,MuchaSalsa,,,,0.0
2025-12-23,15,bonificacion,clasificacion,Los marinero,,,,1.82
2025-12-23,15,bonificacion,clasificacion,MuchaSalsa,,,,2.0
2025-12-23,15,bonificacion,clasificacion,De la Guettir FC,,,,2.01
2025-12-23,15,bonificacion,clasificacion,Jotabetrbb,,,,1.72
2025-12-23,15,bonificacion,clasificacion,Maldinillo ,,,,2.13
2025-12-23,15,bonificacion,clasificacion,Chamac贸nicos,,,,2.2
2025-12-23,15,bonificacion,clasificacion,Dani,,,,2.14
2025-12-23,15,bonificacion,clasificacion,Juanba,,,,2.02
2025-12-23,15,bonificacion,clasificacion,Libre,,,,0.0
2025-12-23,15,transfer,mercado,Dani,Arda G眉ler,venta,15.0,18.9
2025-12-23,15,transfer,mercado,Maldinillo ,Fran Garc铆a,venta,15.0,0.35232
2025-12-23,15,marks,start_mercado,Mercado diario,,,,0.0
2025-12-23,15,transfer,mercado,Jotabetrbb,Luis Rioja,compra,19.0,-5.7
2025-12-23,15,transfer,Puja,Maldinillo ,Luis Rioja,compra,19.0,0.0
2025-12-23,15,transfer,mercado,Chamac贸nicos,Antonio Blanco,compra,48.0,-4.158
2025-12-23,15,transfer,Puja,Maldinillo ,Antonio Blanco,compra,48.0,0.0
2025-12-23,15,transfer,Puja,Dani,Antonio Blanco,compra,48.0,0.0
2025-12-23,15,transfer,mercado,Maldinillo ,I帽aki Williams,compra,1.0,-6.18616
2025-12-23,16,transfer,clausula,Chamac贸nicos,Carl Starfelt,venta,5.0,2.382
2025-12-23,16,transfer,clausula,Jotabetrbb,Carl Starfelt,compra,5.0,-2.382
2025-12-23,16,transfer,mercado,Chamac贸nicos,Manu S谩nchez,venta,12.0,4.346
2025-12-23,16,transfer,mercado,Jotabetrbb,Nico Gonz谩lez,venta,2.0,10.14416
2025-12-23,16,marks,start_mercado,Mercado diario,,,,0.0
2025-12-22,16,transfer,mercado,Chamac贸nicos,lvaro Rodr铆guez,compra,23.0,-3.788
2025-12-22,16,transfer,Puja,Dani,lvaro Rodr铆guez,compra,23.0,0.0
2025-12-22,16,transfer,mercado,Chamac贸nicos,Gabriel Suazo,compra,17.0,-2.995
2025-12-22,16,transfer,Puja,Dani,Gabriel Suazo,compra,17.0,0.0
2025-12-22,16,transfer,Puja,Los marinero,Gabriel Suazo,compra,17.0,0.0
2025-12-22,17,transfer,mercado,Maldinillo ,Iv谩n Romero,venta,12.0,9.11268
2025-12-22,17,transfer,mercado,Dani,Nahuel Molina,venta,2.0,1.111
2025-12-22,17,transfer,mercado,Libre,Jon Aramburu,venta,16.0,3.54165
2025-12-21,17,transfer,mercado,Dani,scar Mingueza,venta,5.0,10.20706
2025-12-21,17,marks,start_mercado,Mercado diario,,,,0.0
2025-12-21,17,transfer,mercado,Libre,Marc Aguado,compra,23.0,-2.05391
2025-12-21,17,transfer,mercado,Jotabetrbb,C茅sar Azpilicueta,compra,17.0,-1.4
2025-12-21,18,transfer,mercado,Dani,Alexander S酶rloth,venta,2.0,6.75342
2025-12-21,18,transfer,mercado,Jotabetrbb,Diego L贸pez,venta,19.0,5.40855
2025-12-21,18,marks,start_mercado,Mercado diario,,,,0.0
2025-12-20,18,transfer,mercado,Dani,Marko Dmitrovi,compra,8.0,-10.03871
2025-12-20,18,transfer,Puja,Maldinillo ,Marko Dmitrovi,compra,8.0,0.0
2025-12-20,18,transfer,mercado,Dani,Thierry Correia,compra,19.0,-1.11941
2025-12-20,18,transfer,Puja,Maldinillo ,Thierry Correia,compra,19.0,0.0
2025-12-20,19,transfer,mercado,Dani,Salom贸n Rond贸n,venta,1370.0,1.06708
2025-12-20,19,marks,start_jornada,17.0,,,,0.0
2025-12-20,19,transfer,mercado,Chamac贸nicos,Fran P茅rez,venta,14.0,0.55045
2025-12-20,19,transfer,mercado,Chamac贸nicos,David Alaba,venta,15.0,0.191
2025-12-20,19,marks,start_mercado,Mercado diario,,,,0.0
2025-12-19,19,transfer,mercado,Jotabetrbb,Filip Ugrinic,compra,19.0,-0.5
2025-12-19,20,transfer,acuerdo,De la Guettir FC,Iv谩n Romero,venta,12.0,9.6
2025-12-19,20,transfer,acuerdo,Maldinillo ,Iv谩n Romero,compra,12.0,-9.6
2025-12-19,20,transfer,clausula,Maldinillo ,Ayoze P茅rez,venta,20.0,23.403315
2025-12-19,20,transfer,clausula,Jotabetrbb,Ayoze P茅rez,compra,20.0,-23.403315
2025-12-19,20,transfer,clausula,Jotabetrbb,Ferran Torres,venta,3.0,32.186
2025-12-19,20,transfer,clausula,De la Guettir FC,Ferran Torres,compra,3.0,-32.186
2025-12-19,20,transfer,mercado,Chamac贸nicos,Lucas Torr贸,venta,50.0,3.05898
2025-12-19,20,transfer,mercado,Chamac贸nicos,Ra煤l Asencio,venta,15.0,5.93981
2025-12-19,20,transfer,mercado,Dani,Dani Raba,venta,19.0,0.1632
2025-12-19,20,marks,start_mercado,Mercado diario,,,,0.0
2025-12-18,20,transfer,mercado,Libre,Antonio Sivera,compra,48.0,-5.797
2025-12-18,20,transfer,mercado,Libre,Arnau Mart铆nez,compra,222.0,-5.650505
2025-12-18,20,transfer,Puja,Dani,Arnau Mart铆nez,compra,222.0,0.0
2025-12-18,20,transfer,mercado,Dani,Salom贸n Rond贸n,compra,1370.0,-1.0423
2025-12-18,21,transfer,mercado,De la Guettir FC,Carlos lvarez,venta,12.0,8.27022
2025-12-18,21,transfer,mercado,Los marinero,Nacho Vidal,venta,1370.0,1.04333
2025-12-18,21,transfer,clausula,Dani,Hector Fort,venta,23.0,2.0265
2025-12-18,21,transfer,clausula,Los marinero,Hector Fort,compra,23.0,-2.0265
2025-12-18,21,marks,start_mercado,Mercado diario,,,,0.0
2025-12-17,21,transfer,mercado,Dani,scar Mingueza,compra,5.0,-10.5174
2025-12-17,21,transfer,Puja,Libre,scar Mingueza,compra,5.0,0.0
2025-12-17,22,transfer,mercado,Dani,Frenkie De Jong,venta,3.0,15.53032
2025-12-17,22,transfer,mercado,Chamac贸nicos,Azzedine Ounahi,venta,222.0,10.90976
2025-12-17,22,transfer,mercado,Dani,Eduardo Camavinga,venta,15.0,10.06842
2025-12-17,22,transfer,mercado,De la Guettir FC,C茅sar Azpilicueta,venta,17.0,1.765
2025-12-17,22,transfer,mercado,Chamac贸nicos,Giovani Lo Celso,venta,4.0,14.5704
2025-12-17,22,transfer,mercado,De la Guettir FC,Vladyslav Vanat,venta,222.0,3.93238
2025-12-17,22,transfer,mercado,Dani,Andrei Raiu,venta,14.0,10.57875
2025-12-17,22,bonificacion,clasificacion,Chamac贸nicos,,,,1.14
2025-12-17,22,bonificacion,clasificacion,MuchaSalsa,,,,0.86
2025-12-17,22,bonificacion,clasificacion,Los marinero,,,,0.74
2025-12-17,22,bonificacion,clasificacion,Dani,,,,0.7
2025-12-17,22,bonificacion,clasificacion,Jotabetrbb,,,,0.7
2025-12-17,22,bonificacion,clasificacion,Maldinillo ,,,,0.64
2025-12-17,22,bonificacion,clasificacion,De la Guettir FC,,,,0.6
2025-12-17,22,bonificacion,clasificacion,Libre,,,,0.52
2025-12-17,22,bonificacion,clasificacion,Juanba,,,,0.3
2025-12-17,22,marks,start_mercado,Mercado diario,,,,0.0
2025-12-16,22,transfer,mercado,Chamac贸nicos,Manu S谩nchez,compra,12.0,-4.3
2025-12-16,22,transfer,mercado,Chamac贸nicos,Carl Starfelt,compra,5.0,-1.588
2025-12-16,22,transfer,Puja,Dani,Carl Starfelt,compra,5.0,0.0
2025-12-16,22,transfer,Puja,Los marinero,Carl Starfelt,compra,5.0,0.0
2025-12-16,22,transfer,mercado,Chamac贸nicos,Fran P茅rez,compra,14.0,-0.656
2025-12-16,22,transfer,mercado,Dani,Hector Fort,compra,23.0,-1.32181
2025-12-16,23,transfer,mercado,Dani,Diego Morcillo,venta,48.0,0.1536
2025-12-15,23,transfer,mercado,Chamac贸nicos,Marash Kumbulla,venta,408.0,0.32448
2025-12-15,23,marks,start_mercado,Mercado diario,,,,0.0
2025-12-15,23,transfer,mercado,Chamac贸nicos,Ra煤l Asencio,compra,15.0,-5.941
2025-12-15,23,transfer,Puja,Dani,Ra煤l Asencio,compra,15.0,0.0
2025-12-15,23,transfer,mercado,Dani,Eduardo Camavinga,compra,15.0,-9.97537
2025-12-15,23,transfer,mercado,Dani,Martin Valjent,compra,408.0,-3.12095
2025-12-15,23,transfer,mercado,Maldinillo ,Marc Bernal,compra,3.0,-0.62476
2025-12-15,23,transfer,Puja,Los marinero,Marc Bernal,compra,3.0,0.0
2025-12-15,24,transfer,mercado,Maldinillo ,Be帽at Turrientes,venta,16.0,0.1648
2025-12-15,24,transfer,mercado,Maldinillo ,Salom贸n Rond贸n,venta,1370.0,1.20848
2025-12-14,24,transfer,mercado,Dani,Omar El Hilali,venta,8.0,5.28768
2025-12-14,24,marks,start_mercado,Mercado diario,,,,0.0
2025-12-14,24,transfer,mercado,Chamac贸nicos,Lucas Torr贸,compra,50.0,-3.128
2025-12-14,24,transfer,mercado,Chamac贸nicos,Javi Rueda,compra,5.0,-2.683
2025-12-14,24,transfer,mercado,Dani,Alberto Moleiro,compra,20.0,-19.0769
2025-12-14,24,transfer,Puja,Los marinero,Alberto Moleiro,compra,20.0,0.0
2025-12-14,24,transfer,Puja,Maldinillo ,Alberto Moleiro,compra,20.0,0.0
2025-12-14,24,transfer,Puja,Libre,Alberto Moleiro,compra,20.0,0.0
2025-12-14,24,transfer,Puja,Chamac贸nicos,Alberto Moleiro,compra,20.0,0.0
2025-12-14,24,transfer,mercado,Maldinillo ,Fran Garc铆a,compra,15.0,-0.16002
2025-12-14,25,transfer,mercado,Dani,Thibaut Courtois,venta,15.0,10.89843
2025-12-14,25,marks,start_mercado,Mercado diario,,,,0.0
2025-12-13,25,transfer,mercado,Chamac贸nicos,Aimar Oroz,compra,50.0,-6.868
2025-12-13,25,transfer,Puja,Dani,Aimar Oroz,compra,50.0,0.0
2025-12-13,25,transfer,Puja,Libre,Aimar Oroz,compra,50.0,0.0
2025-12-13,25,transfer,mercado,Maldinillo ,Salom贸n Rond贸n,compra,1370.0,-1.24626
2025-12-13,25,transfer,mercado,Maldinillo ,Y谩ser Asprilla,compra,222.0,-0.24153
2025-12-13,26,marks,start_jornada,16.0,,,,0.0
2025-12-13,26,transfer,mercado,Chamac贸nicos,Abel Bretones,venta,50.0,4.642
2025-12-13,26,transfer,mercado,Los marinero,Luis Rioja,venta,19.0,4.94665
2025-12-13,26,transfer,mercado,Dani,Luiz Felipe,venta,14.0,0.1584
2025-12-13,26,marks,start_mercado,Mercado diario,,,,0.0
2025-12-12,26,transfer,mercado,De la Guettir FC,Antoine Griezmann,compra,2.0,-12.688888
2025-12-12,26,transfer,Puja,Dani,Antoine Griezmann,compra,2.0,0.0
2025-12-12,26,transfer,Puja,Libre,Antoine Griezmann,compra,2.0,0.0
2025-12-12,26,transfer,mercado,De la Guettir FC,Iv谩n Romero,compra,12.0,-10.8668
2025-12-12,26,transfer,mercado,De la Guettir FC,Thomas Lemar,compra,222.0,-0.344444
2025-12-12,26,transfer,Puja,Chamac贸nicos,Thomas Lemar,compra,222.0,0.0
2025-12-12,26,transfer,mercado,Los marinero,Nacho Vidal,compra,1370.0,-1.628
2025-12-12,26,transfer,Puja,Dani,Nacho Vidal,compra,1370.0,0.0
2025-12-12,26,transfer,Puja,Libre,Nacho Vidal,compra,1370.0,0.0
2025-12-12,26,transfer,mercado,Dani,Thibaut Courtois,compra,15.0,-10.59475
2025-12-12,26,transfer,mercado,Dani,Nahuel Molina,compra,2.0,-1.40124
2025-12-12,26,transfer,Puja,De la Guettir FC,Nahuel Molina,compra,2.0,0.0
2025-12-12,26,transfer,Puja,Libre,Nahuel Molina,compra,2.0,0.0
2025-12-12,26,transfer,mercado,Dani,Jos茅 Copete,compra,19.0,-1.23729
2025-12-12,26,transfer,mercado,Dani,Dani Raba,compra,19.0,-0.1688
2025-12-12,26,transfer,Puja,Chamac贸nicos,Dani Raba,compra,19.0,0.0
2025-12-12,26,transfer,mercado,Dani,Diego Morcillo,compra,48.0,-0.1675
2025-12-12,27,transfer,mercado,Maldinillo ,Arnau Mart铆nez,venta,222.0,4.01472
2025-12-12,27,transfer,acuerdo,Maldinillo ,Alexander S酶rloth,venta,2.0,6.75
2025-12-12,27,transfer,acuerdo,Dani,Alexander S酶rloth,compra,2.0,-6.75
2025-12-12,27,transfer,clausula,Dani,Cucho Hern谩ndez,venta,4.0,22.8225
2025-12-12,27,transfer,clausula,Chamac贸nicos,Cucho Hern谩ndez,compra,4.0,-22.8225
2025-12-12,27,transfer,mercado,Libre,C茅sar T谩rrega,venta,19.0,5.36865
2025-12-12,27,transfer,mercado,Jotabetrbb,Jos茅 ngel Carmona,venta,17.0,4.51268
2025-12-12,27,transfer,mercado,Jotabetrbb,Dakonam Djen茅,venta,9.0,4.3533
2025-12-11,27,transfer,mercado,Los marinero,Gon莽alo Guedes,venta,16.0,6.0564
2025-12-11,27,marks,start_mercado,Mercado diario,,,,0.0
2025-12-11,27,transfer,mercado,Jotabetrbb,Fernando Calero,compra,8.0,-2.868
2025-12-11,27,transfer,Puja,Dani,Fernando Calero,compra,8.0,0.0
2025-12-11,27,transfer,Puja,De la Guettir FC,Fernando Calero,compra,8.0,0.0
2025-12-11,27,transfer,Puja,Libre,Fernando Calero,compra,8.0,0.0
2025-12-11,27,transfer,mercado,Maldinillo ,Ayoze P茅rez,compra,20.0,-15.60221
2025-12-11,27,transfer,Puja,De la Guettir FC,Ayoze P茅rez,compra,20.0,0.0
2025-12-11,27,transfer,Puja,Dani,Ayoze P茅rez,compra,20.0,0.0
2025-12-11,27,transfer,Puja,Chamac贸nicos,Ayoze P茅rez,compra,20.0,0.0
2025-12-11,27,transfer,Puja,Libre,Ayoze P茅rez,compra,20.0,0.0
2025-12-11,28,transfer,mercado,Los marinero,Bryan Gil,venta,222.0,2.64784
2025-12-11,28,transfer,clausula,Dani,Rodrigo Riquelme,venta,4.0,1.35978
2025-12-11,28,transfer,clausula,Chamac贸nicos,Rodrigo Riquelme,compra,4.0,-1.35978
2025-12-11,28,transfer,mercado,Maldinillo ,Juan Foyth,venta,20.0,10.6953
2025-12-10,28,transfer,mercado,Maldinillo ,Etta Eyong,venta,12.0,14.959
2025-12-10,28,transfer,mercado,Los marinero,Daniel Vivian,venta,1.0,8.5904
2025-12-10,28,marks,start_mercado,Mercado diario,,,,0.0
2025-12-10,28,transfer,mercado,Los marinero,Nico Williams,compra,1.0,-19.417502
2025-12-10,28,transfer,Puja,Dani,Nico Williams,compra,1.0,0.0
2025-12-10,28,transfer,Puja,Chamac贸nicos,Nico Williams,compra,1.0,0.0
2025-12-10,28,transfer,Puja,Libre,Nico Williams,compra,1.0,0.0
2025-12-10,28,transfer,Puja,De la Guettir FC,Nico Williams,compra,1.0,0.0
2025-12-10,28,transfer,mercado,Los marinero,Oihan Sancet,compra,1.0,-7.821
2025-12-10,28,transfer,Puja,Chamac贸nicos,Oihan Sancet,compra,1.0,0.0
2025-12-10,28,transfer,Puja,Maldinillo ,Oihan Sancet,compra,1.0,0.0
2025-12-10,29,transfer,mercado,De la Guettir FC,Arnaut Danjuma,venta,19.0,8.6211
2025-12-10,29,bonificacion,quiniela,Chamac贸nicos,,,,0.7
2025-12-10,29,bonificacion,quiniela,Dani,,,,0.5
2025-12-10,29,bonificacion,quiniela,De la Guettir FC,,,,0.5
2025-12-10,29,bonificacion,quiniela,Los marinero,,,,0.4
2025-12-10,29,bonificacion,quiniela,Maldinillo ,,,,0.4
2025-12-10,29,bonificacion,quiniela,Jotabetrbb,,,,0.0
2025-12-10,29,bonificacion,quiniela,Juanba,,,,0.0
2025-12-10,29,bonificacion,quiniela,Libre,,,,0.0
2025-12-10,29,bonificacion,quiniela,MuchaSalsa,,,,0.0
2025-12-10,29,bonificacion,clasificacion,Jotabetrbb,,,,1.87
2025-12-10,29,bonificacion,clasificacion,Los marinero,,,,1.5
2025-12-10,29,bonificacion,clasificacion,Dani,,,,1.73
2025-12-10,29,bonificacion,clasificacion,De la Guettir FC,,,,1.85
2025-12-10,29,bonificacion,clasificacion,Maldinillo ,,,,1.87
2025-12-10,29,bonificacion,clasificacion,Juanba,,,,2.09
2025-12-10,29,bonificacion,clasificacion,MuchaSalsa,,,,1.84
2025-12-10,29,bonificacion,clasificacion,Libre,,,,2.02
2025-12-10,29,bonificacion,clasificacion,Chamac贸nicos,,,,2.16
2025-12-10,29,transfer,mercado,Los marinero,Sofyan Amrabat,venta,4.0,10.16969
2025-12-10,29,transfer,mercado,Los marinero,Thierry Correia,venta,19.0,1.016
2025-12-10,29,transfer,mercado,Los marinero,der Milit茫o,venta,15.0,13.76606
2025-12-10,29,transfer,mercado,Jotabetrbb,Jos茅 Gim茅nez,venta,2.0,5.41259
2025-12-09,29,transfer,mercado,Dani,Thibaut Courtois,venta,15.0,10.59474
2025-12-09,29,marks,start_mercado,Mercado diario,,,,0.0
2025-12-09,29,transfer,mercado,Los marinero,D谩vid Hancko,compra,2.0,-10.253
2025-12-09,29,transfer,Puja,Dani,D谩vid Hancko,compra,2.0,0.0
2025-12-09,29,transfer,Puja,Chamac贸nicos,D谩vid Hancko,compra,2.0,0.0
2025-12-09,29,transfer,Puja,Libre,D谩vid Hancko,compra,2.0,0.0
2025-12-09,29,transfer,mercado,Los marinero,Isi Palaz贸n,compra,14.0,-6.824
2025-12-09,29,transfer,Puja,Chamac贸nicos,Isi Palaz贸n,compra,14.0,0.0
2025-12-09,29,transfer,mercado,Chamac贸nicos,Vedat Muriqi,compra,408.0,-18.684
2025-12-09,29,transfer,Puja,De la Guettir FC,Vedat Muriqi,compra,408.0,0.0
2025-12-09,29,transfer,Puja,Dani,Vedat Muriqi,compra,408.0,0.0
2025-12-09,29,transfer,Puja,Maldinillo ,Vedat Muriqi,compra,408.0,0.0
2025-12-09,29,transfer,mercado,Dani,Rodrigo Riquelme,compra,4.0,-0.90652
2025-12-09,29,transfer,Puja,Chamac贸nicos,Rodrigo Riquelme,compra,4.0,0.0
2025-12-09,29,transfer,Puja,Los marinero,Rodrigo Riquelme,compra,4.0,0.0
2025-12-09,30,transfer,mercado,Chamac贸nicos,Akor Adams,venta,17.0,4.99408
2025-12-09,30,transfer,acuerdo,Chamac贸nicos,Juli谩n lvarez,venta,2.0,23.31
2025-12-09,30,transfer,acuerdo,Jotabetrbb,Juli谩n lvarez,compra,2.0,-23.31
2025-12-09,30,transfer,mercado,Libre,Martim Neto,venta,23.0,0.166
2025-12-09,30,transfer,clausula,Chamac贸nicos,Valent铆n G贸mez,venta,4.0,3.34125
2025-12-09,30,transfer,clausula,Los marinero,Valent铆n G贸mez,compra,4.0,-3.34125
2025-12-09,30,transfer,mercado,Chamac贸nicos,Juan Iglesias,venta,9.0,5.7015
2025-12-09,30,transfer,mercado,Jotabetrbb,Victor Mu帽oz,venta,50.0,8.89455
2025-12-09,30,transfer,mercado,Los marinero,Matteo Ruggeri,venta,2.0,1.287
2025-12-09,30,marks,start_mercado,Mercado diario,,,,0.0
2025-12-08,30,transfer,mercado,Maldinillo ,Etta Eyong,compra,12.0,-15.00325
2025-12-08,30,transfer,mercado,Maldinillo ,Juan Foyth,compra,20.0,-10.60288
2025-12-08,30,transfer,Puja,Libre,Juan Foyth,compra,20.0,0.0
2025-12-08,30,transfer,Puja,Dani,Juan Foyth,compra,20.0,0.0
2025-12-08,30,transfer,mercado,Maldinillo ,Alexander S酶rloth,compra,2.0,-6.03509
2025-12-08,31,transfer,clausula,Dani,Antonio R眉diger,venta,15.0,4.60647
2025-12-08,31,transfer,clausula,Chamac贸nicos,Antonio R眉diger,compra,15.0,-4.60647
2025-12-08,31,transfer,mercado,Maldinillo ,Jon Gorrotxategi,venta,16.0,6.39733
2025-12-08,31,transfer,mercado,De la Guettir FC,Nicolas P茅p茅,venta,20.0,15.18117
2025-12-08,31,marks,start_mercado,Mercado diario,,,,0.0
2025-12-07,31,transfer,mercado,Libre,Aitor Ruibal,compra,4.0,-1.20202
2025-12-07,31,transfer,mercado,Dani,Thibaut Courtois,compra,15.0,-10.27691
2025-12-07,31,transfer,Puja,Maldinillo ,Thibaut Courtois,compra,15.0,0.0
2025-12-07,31,transfer,Puja,Libre,Thibaut Courtois,compra,15.0,0.0
2025-12-07,32,transfer,mercado,Dani,Gerard Moreno,venta,20.0,10.84464
2025-12-07,32,transfer,mercado,Dani,Jeremy Toljan,venta,12.0,3.26456
2025-12-06,32,transfer,mercado,Maldinillo ,Federico Vi帽as,venta,1370.0,1.63904
2025-12-06,32,marks,start_mercado,Mercado diario,,,,0.0
2025-12-06,32,transfer,mercado,Libre,lex Sancris,compra,9.0,-0.2
2025-12-06,32,transfer,mercado,Libre,Martim Neto,compra,23.0,-0.179
2025-12-06,32,transfer,mercado,Los marinero,Jos茅 Luis Gay,compra,19.0,-3.693
2025-12-06,32,transfer,Puja,Maldinillo ,Jos茅 Luis Gay,compra,19.0,0.0
2025-12-06,32,transfer,Puja,Dani,Jos茅 Luis Gay,compra,19.0,0.0
2025-12-06,32,transfer,Puja,Libre,Jos茅 Luis Gay,compra,19.0,0.0
2025-12-06,32,transfer,mercado,Dani,Omar El Hilali,compra,8.0,-4.32484
2025-12-06,32,transfer,Puja,Maldinillo ,Omar El Hilali,compra,8.0,0.0
2025-12-06,32,transfer,Puja,Libre,Omar El Hilali,compra,8.0,0.0
2025-12-06,33,marks,start_jornada,15.0,,,,0.0
2025-12-06,33,transfer,mercado,Libre,Santiago Colombatto,venta,1370.0,1.3296
2025-12-06,33,transfer,mercado,Libre,Unai L贸pez,venta,14.0,3.09767
2025-12-06,33,transfer,acuerdo,Libre,Jon Gorrotxategi,venta,16.0,3.669
2025-12-06,33,transfer,acuerdo,Maldinillo ,Jon Gorrotxategi,compra,16.0,-3.669
2025-12-06,33,marks,start_mercado,Mercado diario,,,,0.0
2025-12-05,33,transfer,mercado,Chamac贸nicos,Juan Iglesias,compra,9.0,-5.562
2025-12-05,33,transfer,mercado,Chamac贸nicos,Mikel Vesga,compra,1.0,-0.197
2025-12-05,33,transfer,mercado,Maldinillo ,lvaro Valles,compra,4.0,-2.466
2025-12-05,33,transfer,mercado,Maldinillo ,Ricardo Rodr铆guez,compra,4.0,-0.20503
2025-12-05,34,transfer,clausula,Maldinillo ,Antonio R眉diger,venta,15.0,3.07098
2025-12-05,34,transfer,clausula,Dani,Antonio R眉diger,compra,15.0,-3.07098
2025-12-05,34,transfer,clausula,Chamac贸nicos,Djibril Sow,venta,17.0,1.656
2025-12-05,34,transfer,clausula,Los marinero,Djibril Sow,compra,17.0,-1.656
2025-12-05,34,transfer,clausula,Los marinero,Valent铆n G贸mez,venta,4.0,2.2275
2025-12-05,34,transfer,clausula,Chamac贸nicos,Valent铆n G贸mez,compra,4.0,-2.2275
2025-12-05,34,transfer,mercado,De la Guettir FC,Renato Veiga,venta,20.0,9.7524
2025-12-05,34,bonificacion,clasificacion,Jotabetrbb,,,,0.66
2025-12-05,34,bonificacion,clasificacion,Maldinillo ,,,,0.4
2025-12-05,34,bonificacion,clasificacion,Chamac贸nicos,,,,0.38
2025-12-05,34,bonificacion,clasificacion,Dani,,,,0.32
2025-12-05,34,bonificacion,clasificacion,MuchaSalsa,,,,0.3
2025-12-05,34,bonificacion,clasificacion,Los marinero,,,,0.28
2025-12-05,34,bonificacion,clasificacion,De la Guettir FC,,,,0.24
2025-12-05,34,bonificacion,clasificacion,Libre,,,,0.24
2025-12-05,34,bonificacion,clasificacion,Juanba,,,,0.0
2025-12-04,34,transfer,mercado,Maldinillo ,Franco Mastantuono,venta,15.0,5.714
2025-12-04,34,marks,start_mercado,Mercado diario,,,,0.0
2025-12-04,34,transfer,mercado,Libre,Jude Bellingham,compra,15.0,-27.8632
2025-12-04,34,transfer,Puja,Dani,Jude Bellingham,compra,15.0,0.0
2025-12-04,34,transfer,Puja,Maldinillo ,Jude Bellingham,compra,15.0,0.0
2025-12-04,34,transfer,Puja,Los marinero,Jude Bellingham,compra,15.0,0.0
2025-12-04,34,transfer,Puja,De la Guettir FC,Jude Bellingham,compra,15.0,0.0
2025-12-04,34,transfer,Puja,Chamac贸nicos,Jude Bellingham,compra,15.0,0.0
2025-12-04,34,transfer,mercado,De la Guettir FC,David Affengruber,compra,23.0,-5.679
2025-12-04,34,transfer,mercado,Maldinillo ,Rub茅n S谩nchez,compra,8.0,-0.17
2025-12-04,35,transfer,mercado,Dani,Trent Alexander-Arnold,venta,15.0,8.94456
2025-12-04,35,transfer,mercado,Chamac贸nicos,Jon Moncayola,venta,50.0,7.9152
2025-12-04,35,transfer,mercado,Libre,lvaro Carreras,venta,15.0,13.5252
2025-12-03,35,transfer,mercado,Maldinillo ,Leander Dendoncker,venta,1370.0,1.56655
2025-12-03,35,marks,start_mercado,Mercado diario,,,,0.0
2025-12-03,35,transfer,mercado,Libre,Unai L贸pez,compra,14.0,-2.97601
2025-12-03,35,transfer,mercado,Maldinillo ,Franco Mastantuono,compra,15.0,-5.7591
2025-12-03,36,marks,start_jornada,19.0,,,,0.0
2025-12-03,36,transfer,mercado,Libre,Marcus Rashford,venta,3.0,15.05405
2025-12-03,36,bonificacion,quiniela,Chamac贸nicos,,,,0.5
2025-12-03,36,bonificacion,quiniela,Maldinillo ,,,,0.5
2025-12-03,36,bonificacion,quiniela,Los marinero,,,,0.4
2025-12-03,36,bonificacion,quiniela,De la Guettir FC,,,,0.3
2025-12-03,36,bonificacion,quiniela,Dani,,,,0.0
2025-12-03,36,bonificacion,quiniela,Jotabetrbb,,,,0.0
2025-12-03,36,bonificacion,quiniela,Juanba,,,,0.0
2025-12-03,36,bonificacion,quiniela,Libre,,,,0.0
2025-12-03,36,bonificacion,quiniela,MuchaSalsa,,,,0.0
2025-12-03,36,bonificacion,clasificacion,Chamac贸nicos,,,,2.02
2025-12-03,36,bonificacion,clasificacion,MuchaSalsa,,,,1.4
2025-12-03,36,bonificacion,clasificacion,Maldinillo ,,,,1.66
2025-12-03,36,bonificacion,clasificacion,Jotabetrbb,,,,1.82
2025-12-03,36,bonificacion,clasificacion,Los marinero,,,,2.19
2025-12-03,36,bonificacion,clasificacion,De la Guettir FC,,,,1.88
2025-12-03,36,bonificacion,clasificacion,Dani,,,,2.02
2025-12-03,36,bonificacion,clasificacion,Juanba,,,,2.08
2025-12-03,36,bonificacion,clasificacion,Libre,,,,0.0
2025-12-03,36,marks,start_mercado,Mercado diario,,,,0.0
2025-12-02,36,transfer,mercado,Libre,Pere Milla,compra,8.0,-10.77461
2025-12-02,36,transfer,mercado,Jotabetrbb,Gerard Mart铆n,compra,3.0,-3.985
2025-12-02,36,transfer,Puja,MuchaSalsa,Gerard Mart铆n,compra,3.0,0.0
2025-12-02,36,transfer,Puja,Libre,Gerard Mart铆n,compra,3.0,0.0
2025-12-02,36,transfer,Puja,Chamac贸nicos,Gerard Mart铆n,compra,3.0,0.0
2025-12-02,36,transfer,Puja,Dani,Gerard Mart铆n,compra,3.0,0.0
2025-12-02,36,transfer,mercado,Dani,Jeremy Toljan,compra,12.0,-3.30839
2025-12-02,36,transfer,Puja,Libre,Jeremy Toljan,compra,12.0,0.0
2025-12-02,37,transfer,mercado,Dani,Borja Iglesias,venta,5.0,13.30896
2025-12-01,37,transfer,mercado,Maldinillo ,Lucas Bergstr枚m,venta,408.0,1.46373
2025-12-01,37,marks,start_mercado,Mercado diario,,,,0.0
2025-11-30,37,transfer,mercado,Libre,C茅sar T谩rrega,compra,19.0,-4.86186
2025-11-30,37,transfer,Puja,Dani,C茅sar T谩rrega,compra,19.0,0.0
2025-11-30,37,transfer,mercado,Maldinillo ,Leander Dendoncker,compra,1370.0,-1.76547
2025-11-30,38,transfer,mercado,Libre,Youssef Enr铆quez,venta,48.0,1.4112
2025-11-30,38,transfer,mercado,Libre,Marcos Llorente,venta,2.0,13.95517
2025-11-30,38,marks,start_mercado,Mercado diario,,,,0.0
2025-11-29,38,transfer,mercado,Jotabetrbb,Jos茅 Gim茅nez,compra,2.0,-6.338
2025-11-29,38,transfer,Puja,Chamac贸nicos,Jos茅 Gim茅nez,compra,2.0,0.0
2025-11-29,38,transfer,Puja,Dani,Jos茅 Gim茅nez,compra,2.0,0.0
2025-11-29,38,transfer,mercado,Dani,Santi Comesa帽a,compra,20.0,-9.42911
2025-11-29,39,marks,start_jornada,14.0,,,,0.0
2025-11-29,39,transfer,mercado,Dani,Jos茅 Luis Gay,venta,19.0,2.75712
2025-11-29,39,marks,start_mercado,Mercado diario,,,,0.0
2025-11-28,39,transfer,mercado,Libre,Aur茅lien Tchouam茅ni,compra,15.0,-11.93088
2025-11-28,39,transfer,mercado,Chamac贸nicos,Jon Moncayola,compra,50.0,-7.63
2025-11-28,39,transfer,mercado,Dani,Luiz Felipe,compra,14.0,-0.51397
2025-11-28,39,transfer,Puja,Chamac贸nicos,Luiz Felipe,compra,14.0,0.0
2025-11-28,39,transfer,Puja,Maldinillo ,Luiz Felipe,compra,14.0,0.0
2025-11-28,39,transfer,mercado,Maldinillo ,Kike Garc铆a,compra,8.0,-1.92625
2025-11-28,39,transfer,mercado,Maldinillo ,Lucas Bergstr枚m,compra,408.0,-1.41789
2025-11-28,39,transfer,Puja,Libre,Lucas Bergstr枚m,compra,408.0,0.0
2025-11-28,40,transfer,mercado,Jotabetrbb,Javi L贸pez,venta,1370.0,0.39416
2025-11-28,40,transfer,mercado,Jotabetrbb,Rub茅n Vargas,venta,17.0,11.451
2025-11-28,40,transfer,mercado,Jotabetrbb,Horaiu Moldovan,venta,1370.0,0.16587
2025-11-28,40,transfer,mercado,Jotabetrbb,Tanguy Nianzou,venta,17.0,0.15908
2025-11-28,40,transfer,mercado,Jotabetrbb,Abdel Abqar,venta,9.0,0.5635
2025-11-27,40,transfer,mercado,Los marinero,Pablo Garc铆a,venta,4.0,0.18375
2025-11-27,40,transfer,mercado,Los marinero,Luka Sui,venta,16.0,0.18139
2025-11-27,40,transfer,mercado,Los marinero,Yvan Neyou,venta,9.0,0.17271
2025-11-27,40,transfer,mercado,Los marinero,scar Trejo,venta,14.0,0.1632
2025-11-27,40,transfer,clausula,Juanba,Gon莽alo Guedes,venta,16.0,7.690146
2025-11-27,40,transfer,clausula,Los marinero,Gon莽alo Guedes,compra,16.0,-7.690146
2025-11-27,40,transfer,mercado,Los marinero,Nemanja Gudelj,venta,17.0,1.34312
2025-11-27,40,marks,start_mercado,Mercado diario,,,,0.0
2025-11-26,40,transfer,mercado,Maldinillo ,Antonio R眉diger,compra,15.0,-2.04732
2025-11-26,41,transfer,mercado,Los marinero,Etta Eyong,venta,12.0,14.11795
2025-11-26,41,transfer,mercado,Dani,Pablo Fornals,venta,4.0,15.74085
2025-11-26,41,transfer,mercado,Chamac贸nicos,H茅ctor Beller铆n,venta,4.0,6.99324
2025-11-26,41,bonificacion,quiniela,De la Guettir FC,,,,0.6
2025-11-26,41,bonificacion,quiniela,Maldinillo ,,,,0.6
2025-11-26,41,bonificacion,quiniela,Chamac贸nicos,,,,0.5
2025-11-26,41,bonificacion,quiniela,Dani,,,,0.5
2025-11-26,41,bonificacion,quiniela,Jotabetrbb,,,,0.5
2025-11-26,41,bonificacion,quiniela,Los marinero,,,,0.5
2025-11-26,41,bonificacion,quiniela,MuchaSalsa,,,,0.3
2025-11-26,41,bonificacion,quiniela,Juanba,,,,0.0
2025-11-26,41,bonificacion,quiniela,Libre,,,,0.0
2025-11-26,41,bonificacion,clasificacion,Maldinillo ,,,,2.13
2025-11-26,41,bonificacion,clasificacion,De la Guettir FC,,,,1.66
2025-11-26,41,bonificacion,clasificacion,Jotabetrbb,,,,1.95
2025-11-26,41,bonificacion,clasificacion,Dani,,,,2.01
2025-11-26,41,bonificacion,clasificacion,Los marinero,,,,1.86
2025-11-26,41,bonificacion,clasificacion,MuchaSalsa,,,,1.9
2025-11-26,41,bonificacion,clasificacion,Libre,,,,2.06
2025-11-26,41,bonificacion,clasificacion,Chamac贸nicos,,,,2.2
2025-11-26,41,bonificacion,clasificacion,Juanba,,,,2.5
2025-11-26,41,transfer,mercado,Maldinillo ,Adri谩n de la Fuente,venta,12.0,1.01555
2025-11-26,41,marks,start_mercado,Mercado diario,,,,0.0
2025-11-25,41,transfer,mercado,Libre,Kike Barja,compra,50.0,-0.204
2025-11-25,41,transfer,mercado,Libre,Abu Kamara,compra,9.0,-0.2
2025-11-25,41,transfer,mercado,Libre,Giacomo Raspadori,compra,2.0,-0.17201
2025-11-25,41,transfer,mercado,Los marinero,Roberto Fern谩ndez,compra,8.0,-9.681
2025-11-25,41,transfer,mercado,Maldinillo ,Pau Cubarsi,compra,3.0,-10.5
2025-11-25,41,transfer,Puja,Libre,Pau Cubarsi,compra,3.0,0.0
2025-11-25,42,transfer,mercado,Maldinillo ,Pablo Maffeo,venta,408.0,5.7375
2025-11-25,42,transfer,mercado,Maldinillo ,Juan Foyth,venta,20.0,10.32472
2025-11-24,42,transfer,mercado,Maldinillo ,Moussa Diarra,venta,48.0,0.1552
2025-11-24,42,marks,start_mercado,Mercado diario,,,,0.0
2025-11-24,42,transfer,mercado,Jotabetrbb,Diego L贸pez,compra,19.0,-4.205
2025-11-24,42,transfer,Puja,Los marinero,Diego L贸pez,compra,19.0,0.0
2025-11-24,42,transfer,mercado,Dani,Frenkie De Jong,compra,3.0,-16.70839
2025-11-24,42,transfer,Puja,Maldinillo ,Frenkie De Jong,compra,3.0,0.0
2025-11-24,42,transfer,mercado,Maldinillo ,Arnau Mart铆nez,compra,222.0,-2.53608
2025-11-24,42,transfer,mercado,Maldinillo ,Adri谩n de la Fuente,compra,12.0,-1.10505
2025-11-24,43,marks,start_mercado,Mercado diario,,,,0.0
2025-11-23,43,transfer,mercado,Jotabetrbb,David Costas,compra,1370.0,-1.0
2025-11-22,44,transfer,mercado,Dani,Clemens Riedel,venta,8.0,5.20302
2025-11-22,44,marks,start_mercado,Mercado diario,,,,0.0
2025-11-22,44,transfer,mercado,Los marinero,Valent铆n G贸mez,compra,4.0,-1.094
2025-11-22,44,transfer,mercado,Dani,Trent Alexander-Arnold,compra,15.0,-8.0132
2025-11-22,45,marks,start_jornada,13.0,,,,0.0
2025-11-22,45,transfer,mercado,Libre,Antonio Blanco,venta,48.0,5.59674
2025-11-22,45,transfer,mercado,Dani,D谩vid Hancko,venta,2.0,9.114
2025-11-22,45,transfer,mercado,Dani,Pepelu,venta,19.0,6.09863
2025-11-21,45,transfer,mercado,Dani,Vedat Muriqi,venta,408.0,12.62151
2025-11-21,45,transfer,mercado,Dani,Borja Mayoral,venta,9.0,10.27956
2025-11-21,45,transfer,mercado,Maldinillo ,Rafa Mir,venta,23.0,8.20017
2025-11-21,45,transfer,mercado,Chamac贸nicos,帽igo Lekue,venta,1.0,0.19055
2025-11-21,45,marks,start_mercado,Mercado diario,,,,0.0
2025-11-21,45,transfer,mercado,Dani,Pablo Barrios,compra,2.0,-14.94083
2025-11-21,45,transfer,mercado,Dani,Gerard Moreno,compra,20.0,-9.195649
2025-11-21,45,transfer,Puja,MuchaSalsa,Gerard Moreno,compra,20.0,0.0
2025-11-21,45,transfer,Puja,Libre,Gerard Moreno,compra,20.0,0.0
2025-11-21,45,transfer,Puja,Jotabetrbb,Gerard Moreno,compra,20.0,0.0
2025-11-21,45,transfer,Puja,Maldinillo ,Gerard Moreno,compra,20.0,0.0
2025-11-21,45,transfer,mercado,Maldinillo ,Moussa Diarra,compra,48.0,-0.20406
2025-11-20,46,transfer,mercado,Maldinillo ,Mario Mart铆n,venta,9.0,2.82345
2025-11-20,46,transfer,clausula,Chamac贸nicos,Javier L贸pez,venta,1370.0,1.0
2025-11-20,46,transfer,clausula,Jotabetrbb,Javier L贸pez,compra,1370.0,-1.0
2025-11-20,46,transfer,clausula,Jotabetrbb,Matteo Ruggeri,venta,2.0,1.67625
2025-11-20,46,transfer,clausula,Los marinero,Matteo Ruggeri,compra,2.0,-1.67625
2025-11-20,46,transfer,mercado,Chamac贸nicos,Viktor Tsygankov,venta,222.0,5.36316
2025-11-20,46,transfer,mercado,De la Guettir FC,Nacho Vidal,venta,1370.0,1.1004
2025-11-19,46,transfer,mercado,Maldinillo ,Thiago Almada,venta,2.0,9.5634
2025-11-19,46,transfer,mercado,Libre,Juan Iglesias,venta,9.0,6.1353
2025-11-19,46,marks,start_mercado,Mercado diario,,,,0.0
2025-11-19,46,transfer,mercado,Libre,Mauro Arambarri,compra,9.0,-8.26278
2025-11-19,46,transfer,mercado,Chamac贸nicos,Marash Kumbulla,compra,408.0,-0.199999
2025-11-19,46,transfer,mercado,Dani,Jos茅 Luis Gay,compra,19.0,-2.6011
2025-11-19,46,transfer,Puja,Jotabetrbb,Jos茅 Luis Gay,compra,19.0,0.0
2025-11-19,46,transfer,Puja,Chamac贸nicos,Jos茅 Luis Gay,compra,19.0,0.0
2025-11-19,46,transfer,mercado,Maldinillo ,Isco,compra,4.0,-17.6498
2025-11-19,46,transfer,Puja,Dani,Isco,compra,4.0,0.0
2025-11-19,46,transfer,Puja,Chamac贸nicos,Isco,compra,4.0,0.0
2025-11-19,46,transfer,Puja,MuchaSalsa,Isco,compra,4.0,0.0
2025-11-19,46,transfer,Puja,Libre,Isco,compra,4.0,0.0
2025-11-19,47,transfer,clausula,MuchaSalsa,Akor Adams,venta,17.0,5.313
2025-11-19,47,transfer,clausula,Chamac贸nicos,Akor Adams,compra,17.0,-5.313
2025-11-19,47,transfer,mercado,Libre,Jon Moncayola,venta,50.0,8.90925
2025-11-19,47,transfer,mercado,Dani,Marc Bartra,venta,4.0,10.25814
2025-11-19,47,marks,start_mercado,Mercado diario,,,,0.0
2025-11-18,47,transfer,mercado,Jotabetrbb,Andr茅 Almeida,compra,19.0,-0.634
2025-11-18,47,transfer,Puja,Libre,Andr茅 Almeida,compra,19.0,0.0
2025-11-18,47,transfer,mercado,Dani,Borja Iglesias,compra,5.0,-13.33184
2025-11-18,47,transfer,Puja,Libre,Borja Iglesias,compra,5.0,0.0
2025-11-18,48,transfer,mercado,Dani,Ronald Ara煤jo,venta,3.0,10.67115
2025-11-18,48,transfer,mercado,Los marinero,Alejandro Balde,venta,3.0,10.06207
2025-11-18,48,marks,start_mercado,Mercado diario,,,,0.0
2025-11-17,48,transfer,mercado,Los marinero,Sofyan Amrabat,compra,4.0,-9.994909
2025-11-17,48,transfer,Puja,Dani,Sofyan Amrabat,compra,4.0,0.0
2025-11-17,48,transfer,Puja,Chamac贸nicos,Sofyan Amrabat,compra,4.0,0.0
2025-11-17,49,transfer,mercado,Chamac贸nicos,Moi G贸mez,venta,50.0,5.57235
2025-11-17,49,transfer,mercado,Maldinillo ,Adri谩n Liso,venta,9.0,6.48165
2025-11-17,49,marks,start_mercado,Mercado diario,,,,0.0
2025-11-16,49,transfer,mercado,Dani,Borja Mayoral,compra,9.0,-9.70708
2025-11-16,49,transfer,Puja,Libre,Borja Mayoral,compra,9.0,0.0
2025-11-16,50,transfer,mercado,Maldinillo ,Aymeric Laporte,venta,1.0,10.764
2025-11-16,50,marks,start_mercado,Mercado diario,,,,0.0
2025-11-15,50,transfer,mercado,Libre,Antonio Blanco,compra,48.0,-5.52439
2025-11-15,50,transfer,Puja,Dani,Antonio Blanco,compra,48.0,0.0
2025-11-15,50,transfer,mercado,Libre,Santiago Colombatto,compra,1370.0,-1.71
2025-11-15,51,marks,start_mercado,Mercado diario,,,,0.0
2025-11-14,51,transfer,mercado,Maldinillo ,Ferm铆n L贸pez,compra,3.0,-13.86
2025-11-14,51,transfer,Puja,Dani,Ferm铆n L贸pez,compra,3.0,0.0
2025-11-14,51,transfer,Puja,Los marinero,Ferm铆n L贸pez,compra,3.0,0.0
2025-11-14,52,transfer,mercado,Libre,Chidera Ejuke,venta,17.0,0.43584
2025-11-14,52,marks,start_mercado,Mercado diario,,,,0.0
2025-11-13,52,transfer,mercado,Libre,lvaro Carreras,compra,15.0,-12.73614
2025-11-13,52,transfer,Puja,Dani,lvaro Carreras,compra,15.0,0.0
2025-11-13,52,transfer,mercado,Libre,Jon Aramburu,compra,16.0,-2.28194
2025-11-13,52,transfer,Puja,Chamac贸nicos,Jon Aramburu,compra,16.0,0.0
2025-11-13,52,transfer,mercado,Chamac贸nicos,Viktor Tsygankov,compra,222.0,-4.893
2025-11-13,52,transfer,Puja,Libre,Viktor Tsygankov,compra,222.0,0.0
2025-11-13,52,transfer,Puja,Dani,Viktor Tsygankov,compra,222.0,0.0
2025-11-13,53,transfer,mercado,De la Guettir FC,Javi Gal谩n,venta,2.0,0.1648
2025-11-13,53,marks,start_mercado,Mercado diario,,,,0.0
2025-11-12,53,transfer,mercado,Los marinero,Luis Rioja,compra,19.0,-5.325
2025-11-12,54,transfer,mercado,Libre,Pol Lozano,venta,8.0,5.36432
2025-11-12,54,transfer,mercado,Libre,Roony Bardghji,venta,3.0,2.95464
2025-11-12,54,transfer,mercado,Chamac贸nicos,Pedro D铆az,venta,14.0,0.872
2025-11-12,54,transfer,clausula,Dani,Matteo Ruggeri,venta,2.0,1.1175
2025-11-12,54,transfer,clausula,Jotabetrbb,Matteo Ruggeri,compra,2.0,-1.1175
2025-11-11,54,transfer,mercado,De la Guettir FC,Sergi Cardona,venta,20.0,5.43264
2025-11-11,54,marks,start_mercado,Mercado diario,,,,0.0
2025-11-11,54,transfer,mercado,Libre,Juan Iglesias,compra,9.0,-5.642
2025-11-11,54,transfer,mercado,De la Guettir FC,Pep Chavarr铆a,compra,14.0,-11.411211
2025-11-11,54,transfer,Puja,Dani,Pep Chavarr铆a,compra,14.0,0.0
2025-11-11,54,transfer,Puja,Libre,Pep Chavarr铆a,compra,14.0,0.0
2025-11-11,54,transfer,Puja,Maldinillo ,Pep Chavarr铆a,compra,14.0,0.0
2025-11-11,54,transfer,mercado,Chamac贸nicos,Moi G贸mez,compra,50.0,-5.219
2025-11-11,54,transfer,Puja,Maldinillo ,Moi G贸mez,compra,50.0,0.0
2025-11-11,54,transfer,Puja,Libre,Moi G贸mez,compra,50.0,0.0
2025-11-11,54,transfer,Puja,Los marinero,Moi G贸mez,compra,50.0,0.0
2025-11-11,54,transfer,mercado,Dani,Andrei Raiu,compra,14.0,-7.15424
2025-11-11,54,transfer,Puja,Libre,Andrei Raiu,compra,14.0,0.0
2025-11-11,54,transfer,Puja,Chamac贸nicos,Andrei Raiu,compra,14.0,0.0
2025-11-11,55,bonificacion,quiniela,Jotabetrbb,,,,0.7
2025-11-11,55,bonificacion,quiniela,Maldinillo ,,,,0.7
2025-11-11,55,bonificacion,quiniela,Juanba,,,,0.6
2025-11-11,55,bonificacion,quiniela,Los marinero,,,,0.6
2025-11-11,55,bonificacion,quiniela,MuchaSalsa,,,,0.6
2025-11-11,55,bonificacion,quiniela,De la Guettir FC,,,,0.5
2025-11-11,55,bonificacion,quiniela,Libre,,,,0.5
2025-11-11,55,bonificacion,quiniela,Chamac贸nicos,,,,0.3
2025-11-11,55,bonificacion,quiniela,Dani,,,,0.3
2025-11-11,55,bonificacion,clasificacion,Maldinillo ,,,,1.77
2025-11-11,55,bonificacion,clasificacion,Dani,,,,1.7
2025-11-11,55,bonificacion,clasificacion,Chamac贸nicos,,,,1.83
2025-11-11,55,bonificacion,clasificacion,Jotabetrbb,,,,1.8
2025-11-11,55,bonificacion,clasificacion,Los marinero,,,,2.15
2025-11-11,55,bonificacion,clasificacion,Libre,,,,2.33
2025-11-11,55,bonificacion,clasificacion,MuchaSalsa,,,,2.24
2025-11-11,55,bonificacion,clasificacion,De la Guettir FC,,,,2.14
2025-11-11,55,bonificacion,clasificacion,Juanba,,,,2.3
2025-11-11,55,marks,start_mercado,Mercado diario,,,,0.0
2025-11-10,55,transfer,mercado,Dani,Ronald Ara煤jo,compra,3.0,-9.5402
2025-11-10,56,transfer,mercado,Los marinero,scar Valent铆n,venta,14.0,2.04455
2025-11-10,56,marks,start_mercado,Mercado diario,,,,0.0
2025-11-09,56,transfer,mercado,De la Guettir FC,Alex Baena,compra,2.0,-16.899899
2025-11-09,56,transfer,Puja,MuchaSalsa,Alex Baena,compra,2.0,0.0
2025-11-09,56,transfer,Puja,Chamac贸nicos,Alex Baena,compra,2.0,0.0
2025-11-09,56,transfer,Puja,Dani,Alex Baena,compra,2.0,0.0
2025-11-09,56,transfer,mercado,De la Guettir FC,Carlos lvarez,compra,12.0,-7.889989
2025-11-09,56,transfer,mercado,De la Guettir FC,Renato Veiga,compra,20.0,-7.335333
2025-11-09,56,transfer,Puja,Libre,Renato Veiga,compra,20.0,0.0
2025-11-09,57,marks,start_mercado,Mercado diario,,,,0.0
2025-11-08,57,transfer,mercado,Libre,Chidera Ejuke,compra,17.0,-0.55
2025-11-08,57,transfer,mercado,Chamac贸nicos,Pedro D铆az,compra,14.0,-1.219
2025-11-08,57,transfer,mercado,Chamac贸nicos,David Alaba,compra,15.0,-0.160001
2025-11-08,57,transfer,mercado,Dani,Pepelu,compra,19.0,-5.26982
2025-11-08,57,transfer,Puja,Libre,Pepelu,compra,19.0,0.0
2025-11-08,57,transfer,mercado,Maldinillo ,Adri谩n Liso,compra,9.0,-6.14411
2025-11-08,57,transfer,Puja,Dani,Adri谩n Liso,compra,9.0,0.0
2025-11-08,57,transfer,Puja,Libre,Adri谩n Liso,compra,9.0,0.0
2025-11-08,58,transfer,mercado,Dani,Victor Chust,venta,23.0,3.6288
2025-11-08,58,marks,start_jornada,12.0,,,,0.0
2025-11-08,58,transfer,mercado,Chamac贸nicos,Trent Alexander-Arnold,venta,15.0,6.70242
2025-11-08,58,transfer,mercado,De la Guettir FC,Adri谩n de la Fuente,venta,12.0,2.11536
2025-11-08,58,transfer,mercado,Libre,Goduine Koyalipou,venta,12.0,0.4788
2025-11-07,58,transfer,mercado,Maldinillo ,Paulo Gazzaniga,venta,222.0,7.56485
2025-11-07,58,transfer,mercado,Maldinillo ,Eric Garc铆a,venta,3.0,12.25789
2025-11-07,58,marks,start_mercado,Mercado diario,,,,0.0
2025-11-07,58,transfer,mercado,Libre,Iv谩n Balliu,compra,14.0,-0.179
2025-11-07,58,transfer,mercado,De la Guettir FC,Nacho Vidal,compra,1370.0,-1.175557
2025-11-07,58,transfer,Puja,Dani,Nacho Vidal,compra,1370.0,0.0
2025-11-07,58,transfer,Puja,Libre,Nacho Vidal,compra,1370.0,0.0
2025-11-07,58,transfer,mercado,Maldinillo ,Aleix Febas,compra,23.0,-10.01
2025-11-07,58,transfer,Puja,De la Guettir FC,Aleix Febas,compra,23.0,0.0
2025-11-07,58,transfer,mercado,Maldinillo ,Thiago Almada,compra,2.0,-8.36
2025-11-07,58,transfer,Puja,Dani,Thiago Almada,compra,2.0,0.0
2025-11-07,58,transfer,Puja,Libre,Thiago Almada,compra,2.0,0.0
2025-11-07,58,transfer,mercado,Maldinillo ,Luiz J煤nior,compra,20.0,-5.17
2025-11-07,58,transfer,Puja,Libre,Luiz J煤nior,compra,20.0,0.0
2025-11-07,59,transfer,clausula,Dani,Andr茅 Silva,venta,23.0,12.5115
2025-11-07,59,transfer,clausula,Juanba,Andr茅 Silva,compra,23.0,-12.5115
2025-11-07,59,transfer,mercado,MuchaSalsa,Borja Iglesias,venta,5.0,12.31897
2025-11-07,59,transfer,mercado,Jotabetrbb,Marc Roca,venta,4.0,1.45248
2025-11-07,59,marks,start_mercado,Mercado diario,,,,0.0
2025-11-06,59,transfer,mercado,Libre,Adri谩n San Miguel,compra,4.0,-0.17402
2025-11-06,59,transfer,mercado,MuchaSalsa,Luis Milla,compra,9.0,-16.409
2025-11-06,59,transfer,Puja,Maldinillo ,Luis Milla,compra,9.0,0.0
2025-11-06,59,transfer,Puja,De la Guettir FC,Luis Milla,compra,9.0,0.0
2025-11-06,59,transfer,Puja,Dani,Luis Milla,compra,9.0,0.0
2025-11-06,59,transfer,Puja,Libre,Luis Milla,compra,9.0,0.0
2025-11-06,59,transfer,mercado,De la Guettir FC,Nicolas P茅p茅,compra,20.0,-15.48785
2025-11-06,59,transfer,mercado,Chamac贸nicos,Santi Cazorla,compra,1370.0,-0.166666
2025-11-06,59,transfer,mercado,Dani,Matteo Ruggeri,compra,2.0,-0.59582
2025-11-06,59,transfer,Puja,Chamac贸nicos,Matteo Ruggeri,compra,2.0,0.0
2025-11-06,59,transfer,mercado,Maldinillo ,Mario Mart铆n,compra,9.0,-2.015778
2025-11-06,59,transfer,Puja,MuchaSalsa,Mario Mart铆n,compra,9.0,0.0
2025-11-06,59,transfer,Puja,Libre,Mario Mart铆n,compra,9.0,0.0
2025-11-06,60,transfer,mercado,Libre,Yuri Berchiche,venta,1.0,6.65652
2025-11-06,60,transfer,mercado,Dani,Nikola Mara拧,venta,48.0,0.21632
2025-11-06,60,transfer,mercado,Maldinillo ,Unai G贸mez,venta,1.0,0.19584
2025-11-06,60,marks,start_mercado,Mercado diario,,,,0.0
2025-11-05,60,transfer,mercado,De la Guettir FC,C茅sar Azpilicueta,compra,17.0,-2.99997
2025-11-05,60,transfer,Puja,Dani,C茅sar Azpilicueta,compra,17.0,0.0
2025-11-05,60,transfer,Puja,Libre,C茅sar Azpilicueta,compra,17.0,0.0
2025-11-05,60,transfer,mercado,De la Guettir FC,Jon Martin,compra,16.0,-0.923005
2025-11-05,60,transfer,Puja,Los marinero,Jon Martin,compra,16.0,0.0
2025-11-05,60,transfer,Puja,Libre,Jon Martin,compra,16.0,0.0
2025-11-05,60,transfer,mercado,Maldinillo ,Rafa Mir,compra,23.0,-7.16025
2025-11-05,60,transfer,Puja,Dani,Rafa Mir,compra,23.0,0.0
2025-11-05,60,transfer,Puja,De la Guettir FC,Rafa Mir,compra,23.0,0.0
2025-11-05,60,transfer,Puja,Libre,Rafa Mir,compra,23.0,0.0
2025-11-05,61,transfer,mercado,Los marinero,Pau L贸pez,venta,4.0,5.2275
2025-11-05,61,transfer,clausula,Chamac贸nicos,Odysseas Vlachodimos,venta,17.0,9.75
2025-11-05,61,transfer,clausula,Los marinero,Odysseas Vlachodimos,compra,17.0,-9.75
2025-11-05,61,transfer,mercado,Libre,Alejandro Rego,venta,1.0,1.01764
2025-11-05,61,transfer,mercado,Libre,Samuel Costa,venta,408.0,4.55798
2025-11-05,61,transfer,mercado,Los marinero,Pablo Torre,venta,408.0,1.76542
2025-11-05,61,bonificacion,quiniela,Jotabetrbb,,,,0.7
2025-11-05,61,bonificacion,quiniela,Libre,,,,0.7
2025-11-05,61,bonificacion,quiniela,Maldinillo ,,,,0.7
2025-11-05,61,bonificacion,quiniela,De la Guettir FC,,,,0.6
2025-11-05,61,bonificacion,quiniela,Los marinero,,,,0.6
2025-11-05,61,bonificacion,quiniela,Chamac贸nicos,,,,0.5
2025-11-05,61,bonificacion,quiniela,Dani,,,,0.5
2025-11-05,61,bonificacion,quiniela,MuchaSalsa,,,,0.5
2025-11-05,61,bonificacion,quiniela,Juanba,,,,0.0
2025-11-05,61,bonificacion,clasificacion,Libre,,,,1.48
2025-11-05,61,bonificacion,clasificacion,Chamac贸nicos,,,,1.42
2025-11-05,61,bonificacion,clasificacion,Juanba,,,,1.64
2025-11-05,61,bonificacion,clasificacion,Dani,,,,1.75
2025-11-05,61,bonificacion,clasificacion,Jotabetrbb,,,,1.88
2025-11-05,61,bonificacion,clasificacion,MuchaSalsa,,,,1.92
2025-11-05,61,bonificacion,clasificacion,De la Guettir FC,,,,2.47
2025-11-05,61,bonificacion,clasificacion,Los marinero,,,,2.38
2025-11-05,61,bonificacion,clasificacion,Maldinillo ,,,,2.38
2025-11-05,61,transfer,clausula,De la Guettir FC,Kylian Mbapp茅,venta,15.0,43.8
2025-11-05,61,transfer,clausula,Chamac贸nicos,Kylian Mbapp茅,compra,15.0,-43.8
2025-11-05,61,transfer,mercado,Chamac贸nicos,Jules Kound茅,venta,3.0,12.10456
2025-11-05,61,transfer,mercado,Chamac贸nicos,Georges Mikautadze,venta,20.0,11.08905
2025-11-05,61,transfer,mercado,Chamac贸nicos,Viktor Tsygankov,venta,222.0,3.80415
2025-11-04,61,transfer,mercado,Maldinillo ,Nico Williams,venta,1.0,15.41384
2025-11-04,61,marks,start_mercado,Mercado diario,,,,0.0
2025-11-04,61,transfer,mercado,Libre,Goduine Koyalipou,compra,12.0,-0.55325
2025-11-04,61,transfer,Puja,Chamac贸nicos,Goduine Koyalipou,compra,12.0,0.0
2025-11-04,61,transfer,mercado,Libre,Javi Mu帽oz,compra,9.0,-0.207
2025-11-04,61,transfer,mercado,Jotabetrbb,Dakonam Djen茅,compra,9.0,-3.001
2025-11-04,61,transfer,Puja,Dani,Dakonam Djen茅,compra,9.0,0.0
2025-11-04,61,transfer,Puja,Libre,Dakonam Djen茅,compra,9.0,0.0
2025-11-04,61,transfer,mercado,Chamac贸nicos,Jon Ander Olasagasti,compra,12.0,-0.216
2025-11-04,61,transfer,mercado,Dani,Victor Chust,compra,23.0,-3.46291
2025-11-04,62,transfer,clausula,MuchaSalsa,Giuliano Simeone,venta,2.0,16.6485
2025-11-04,62,transfer,clausula,Juanba,Giuliano Simeone,compra,2.0,-16.6485
2025-11-04,62,transfer,clausula,Juanba,Abde Ezzalzouli,venta,4.0,13.2285
2025-11-04,62,transfer,clausula,MuchaSalsa,Abde Ezzalzouli,compra,4.0,-13.2285
2025-11-03,62,transfer,mercado,Maldinillo ,Ander Barrenetxea,venta,16.0,11.22082
2025-11-03,62,marks,start_mercado,Mercado diario,,,,0.0
2025-11-03,62,transfer,mercado,Chamac贸nicos,Odysseas Vlachodimos,compra,17.0,-6.5
2025-11-03,62,transfer,Puja,Los marinero,Odysseas Vlachodimos,compra,17.0,0.0
2025-11-03,62,transfer,Puja,De la Guettir FC,Odysseas Vlachodimos,compra,17.0,0.0
2025-11-03,62,transfer,Puja,Dani,Odysseas Vlachodimos,compra,17.0,0.0
2025-11-02,63,transfer,mercado,Los marinero,Jos茅 Copete,venta,19.0,0.68289
2025-11-02,63,marks,start_mercado,Mercado diario,,,,0.0
2025-11-02,63,transfer,mercado,Los marinero,Pablo Garc铆a,compra,4.0,-0.58
2025-11-02,63,transfer,mercado,Maldinillo ,Aymeric Laporte,compra,1.0,-9.072
2025-11-02,63,transfer,mercado,Maldinillo ,Juan Foyth,compra,20.0,-7.572
2025-11-02,63,transfer,Puja,Dani,Juan Foyth,compra,20.0,0.0
2025-11-02,63,transfer,Puja,MuchaSalsa,Juan Foyth,compra,20.0,0.0
2025-11-02,63,transfer,Puja,Libre,Juan Foyth,compra,20.0,0.0
2025-11-02,64,transfer,mercado,Libre,Pau Navarro,venta,20.0,0.18643
2025-11-02,64,transfer,mercado,Libre,Filip Ugrinic,venta,19.0,0.1648
2025-11-01,64,transfer,mercado,Dani,Cristian Portu,venta,222.0,0.912
2025-11-01,64,transfer,mercado,Los marinero,Leo Rom谩n,venta,408.0,9.09584
2025-11-01,64,marks,start_mercado,Mercado diario,,,,0.0
2025-11-01,64,transfer,mercado,Libre,Jon Moncayola,compra,50.0,-7.21078
2025-11-01,64,transfer,Puja,Chamac贸nicos,Jon Moncayola,compra,50.0,0.0
2025-11-01,64,transfer,mercado,Los marinero,Pau L贸pez,compra,4.0,-5.684
2025-11-01,64,transfer,Puja,Chamac贸nicos,Pau L贸pez,compra,4.0,0.0
2025-11-01,64,transfer,mercado,Los marinero,Pablo Torre,compra,408.0,-1.898
2025-11-01,64,transfer,mercado,Los marinero,Nemanja Gudelj,compra,17.0,-1.737
2025-11-01,64,transfer,Puja,Dani,Nemanja Gudelj,compra,17.0,0.0
2025-11-01,64,transfer,Puja,Chamac贸nicos,Nemanja Gudelj,compra,17.0,0.0
2025-11-01,64,transfer,Puja,Libre,Nemanja Gudelj,compra,17.0,0.0
2025-11-01,64,transfer,mercado,Chamac贸nicos,帽igo Lekue,compra,1.0,-0.20601
2025-11-01,64,transfer,mercado,Dani,D谩vid Hancko,compra,2.0,-7.58883
2025-11-01,64,transfer,Puja,Libre,D谩vid Hancko,compra,2.0,0.0
2025-11-01,64,transfer,Puja,Chamac贸nicos,D谩vid Hancko,compra,2.0,0.0
2025-11-01,65,marks,start_jornada,11.0,,,,0.0
2025-10-31,65,transfer,mercado,Dani,Rafa Mir,venta,23.0,6.40775
2025-10-31,65,transfer,mercado,Dani,Antonio Ra铆llo,venta,408.0,6.87544
2025-10-31,65,transfer,mercado,Maldinillo ,Thiago Almada,venta,2.0,6.47235
2025-10-31,65,transfer,mercado,Jotabetrbb,Eduardo Camavinga,venta,15.0,6.37982
2025-10-31,65,bajadaclausula,,Los marinero,der Milit茫o,,15.0,0.0
2025-10-31,65,marks,start_mercado,Mercado diario,,,,0.0
2025-10-31,65,transfer,mercado,Libre,Pau Navarro,compra,20.0,-0.21
2025-10-31,65,transfer,Puja,Jotabetrbb,Pau Navarro,compra,20.0,0.0
2025-10-31,65,transfer,mercado,De la Guettir FC,Javi Gal谩n,compra,2.0,-0.3895
2025-10-31,65,transfer,Puja,Jotabetrbb,Javi Gal谩n,compra,2.0,0.0
2025-10-31,65,transfer,mercado,Dani,Andr茅 Silva,compra,23.0,-8.20886
2025-10-31,65,transfer,Puja,Libre,Andr茅 Silva,compra,23.0,0.0
2025-10-31,66,transfer,clausula,Dani,Iv谩n Mart铆n,venta,222.0,3.29092
2025-10-31,66,transfer,clausula,Jotabetrbb,Iv谩n Mart铆n,compra,222.0,-3.29092
2025-11-01,66,transfer,mercado,Chamac贸nicos,Yangel Herrera,venta,16.0,2.68216
2025-10-30,66,transfer,mercado,MuchaSalsa,Fernando Calero,venta,8.0,2.63646
2025-10-30,66,transfer,mercado,Libre,Arsen Zakharyan,venta,16.0,0.1968
2025-10-30,66,transfer,mercado,Libre,Alejandro Iturbe,venta,23.0,0.19404
2025-10-30,66,transfer,mercado,Libre,Adri谩n San Miguel,venta,4.0,0.19008
2025-10-30,66,marks,start_mercado,Mercado diario,,,,0.0
2025-10-30,66,transfer,mercado,MuchaSalsa,David Soria,compra,9.0,-6.865
2025-10-30,66,transfer,Puja,Libre,David Soria,compra,9.0,0.0
2025-10-30,66,transfer,mercado,Chamac贸nicos,Trent Alexander-Arnold,compra,15.0,-7.0
2025-10-30,66,transfer,Puja,MuchaSalsa,Trent Alexander-Arnold,compra,15.0,0.0
2025-10-30,66,transfer,Puja,Maldinillo ,Trent Alexander-Arnold,compra,15.0,0.0
2025-10-30,66,transfer,mercado,Dani,Nikola Mara拧,compra,48.0,-0.16
2025-10-30,66,transfer,mercado,Maldinillo ,Thiago Almada,compra,2.0,-6.77343
2025-10-30,66,transfer,Puja,Libre,Thiago Almada,compra,2.0,0.0
,67,transfer,mercado,Libre,lex Moreno,venta,222.0,3.17675
,67,transfer,mercado,Libre,Antoine Griezmann,venta,2.0,10.44582
,67,transfer,mercado,Jotabetrbb,Valent铆n G贸mez,venta,4.0,1.7544
,67,transfer,mercado,De la Guettir FC,Jon Pacheco,venta,48.0,1.65036
,67,marks,start_mercado,Mercado diario,,,,0.0
,67,transfer,mercado,Libre,Marcus Rashford,compra,3.0,-13.25633
,67,transfer,Puja,MuchaSalsa,Marcus Rashford,compra,3.0,0.0
,67,transfer,Puja,Dani,Marcus Rashford,compra,3.0,0.0
,67,transfer,Puja,Chamac贸nicos,Marcus Rashford,compra,3.0,0.0
,67,transfer,mercado,Libre,Mathew Ryan,compra,12.0,-6.671319
,67,transfer,Puja,MuchaSalsa,Mathew Ryan,compra,12.0,0.0
,67,transfer,Puja,Jotabetrbb,Mathew Ryan,compra,12.0,0.0
,67,transfer,mercado,Libre,Filip Ugrinic,compra,19.0,-0.20604
,67,transfer,mercado,Libre,V铆ctor Parada,compra,48.0,-0.184
,67,transfer,mercado,MuchaSalsa,Vitor Reis,compra,222.0,-2.235
,67,transfer,Puja,De la Guettir FC,Vitor Reis,compra,222.0,0.0
,67,transfer,Puja,Dani,Vitor Reis,compra,222.0,0.0
,67,transfer,Puja,Libre,Vitor Reis,compra,222.0,0.0
,68,transfer,mercado,Libre,Kike Barja,venta,50.0,0.16905
,68,transfer,mercado,Jotabetrbb,Arnau Tenas,venta,20.0,1.8921
,68,bonificacion,quiniela,Maldinillo ,,,,0.6
,68,bonificacion,quiniela,Dani,,,,0.5
,68,bonificacion,quiniela,Libre,,,,0.4
,68,bonificacion,quiniela,Los marinero,,,,0.4
,68,bonificacion,quiniela,MuchaSalsa,,,,0.4
,68,bonificacion,quiniela,Chamac贸nicos,,,,0.3
,68,bonificacion,quiniela,De la Guettir FC,,,,0.3
,68,bonificacion,quiniela,Jotabetrbb,,,,0.2
,68,bonificacion,quiniela,Juanba,,,,0.2
,68,bonificacion,clasificacion,Maldinillo ,,,,1.86
,68,bonificacion,clasificacion,Los marinero,,,,1.42
,68,bonificacion,clasificacion,Chamac贸nicos,,,,1.75
,68,bonificacion,clasificacion,Libre,,,,1.99
,68,bonificacion,clasificacion,De la Guettir FC,,,,1.99
,68,bonificacion,clasificacion,MuchaSalsa,,,,2.17
,68,bonificacion,clasificacion,Dani,,,,2.1
,68,bonificacion,clasificacion,Juanba,,,,2.12
,68,bonificacion,clasificacion,Jotabetrbb,,,,2.24
,68,transfer,mercado,Maldinillo ,Alexis S谩nchez,venta,17.0,5.87895
,68,marks,start_mercado,Mercado diario,,,,0.0
,68,transfer,mercado,Libre,Yuri Berchiche,compra,1.0,-6.099
,68,transfer,mercado,Maldinillo ,Be帽at Turrientes,compra,16.0,-0.25231
,69,transfer,mercado,Libre,Hugo Rinc贸n,venta,222.0,1.04936
,69,transfer,mercado,De la Guettir FC,Andreas Christensen,venta,3.0,3.73984
,69,transfer,mercado,Libre,Igor Zubeldia,venta,16.0,4.773
,69,transfer,mercado,Maldinillo ,Oihan Sancet,venta,1.0,10.48635
,69,transfer,mercado,De la Guettir FC,Franco Mastantuono,venta,15.0,9.978
,69,marks,start_mercado,Mercado diario,,,,0.0
,69,transfer,mercado,De la Guettir FC,Germ谩n Valera,compra,23.0,-10.699999
,69,transfer,Puja,Dani,Germ谩n Valera,compra,23.0,0.0
,69,transfer,Puja,Libre,Germ谩n Valera,compra,23.0,0.0
,69,transfer,mercado,De la Guettir FC,Calebe Gon莽alves,compra,48.0,-0.34405
,69,transfer,Puja,Maldinillo ,Calebe Gon莽alves,compra,48.0,0.0
,69,transfer,Puja,Libre,Calebe Gon莽alves,compra,48.0,0.0
,69,transfer,mercado,Dani,Marc Bartra,compra,4.0,-8.00039
,69,transfer,Puja,Libre,Marc Bartra,compra,4.0,0.0
,69,transfer,mercado,Maldinillo ,Robert Lewandowski,compra,3.0,-17.15187
,70,transfer,acuerdo,Los marinero,lex Moreno,venta,222.0,3.4
,70,transfer,acuerdo,Libre,lex Moreno,compra,222.0,-3.4
,70,marks,start_mercado,Mercado diario,,,,0.0
,70,transfer,mercado,Los marinero,Daniel Vivian,compra,1.0,-6.839
,70,transfer,Puja,Libre,Daniel Vivian,compra,1.0,0.0
,70,transfer,Puja,Chamac贸nicos,Daniel Vivian,compra,1.0,0.0
,70,transfer,Puja,Dani,Daniel Vivian,compra,1.0,0.0
,70,transfer,Puja,Maldinillo ,Daniel Vivian,compra,1.0,0.0
,71,transfer,mercado,Libre,Gabriel Suazo,venta,17.0,5.93424
,71,transfer,mercado,Libre,Logan Costa,venta,20.0,0.208
,71,transfer,mercado,Dani,Omar Falah,venta,1370.0,0.1536
,71,transfer,mercado,Dani,David L贸pez,venta,408.0,0.2058
,71,transfer,mercado,Dani,Aritz Elustondo,venta,16.0,0.1764
,71,marks,start_mercado,Mercado diario,,,,0.0
,71,transfer,mercado,Jotabetrbb,Jan Oblak,compra,2.0,-9.04
,71,transfer,Puja,Libre,Jan Oblak,compra,2.0,0.0
,71,transfer,mercado,Chamac贸nicos,Sergio Carreira,compra,5.0,-0.7
,71,transfer,Puja,Libre,Sergio Carreira,compra,5.0,0.0
,71,transfer,mercado,Dani,Iv谩n Mart铆n,compra,222.0,-1.64546
,71,transfer,Puja,Chamac贸nicos,Iv谩n Mart铆n,compra,222.0,0.0
,71,transfer,Puja,Libre,Iv谩n Mart铆n,compra,222.0,0.0
,72,marks,start_jornada,10.0,,,,0.0
,72,transfer,acuerdo,Chamac贸nicos,Marc Roca,venta,4.0,2.7
,72,transfer,acuerdo,Jotabetrbb,Marc Roca,compra,4.0,-2.7
,72,transfer,acuerdo,Chamac贸nicos,Eduardo Camavinga,venta,15.0,6.0
,72,transfer,acuerdo,Jotabetrbb,Eduardo Camavinga,compra,15.0,-6.0
,72,transfer,mercado,MuchaSalsa,Sergi Altimira,venta,4.0,8.75165
,72,transfer,mercado,Maldinillo ,Iago Aspas,venta,5.0,9.644
,72,marks,start_mercado,Mercado diario,,,,0.0
,72,transfer,mercado,Libre,Igor Zubeldia,compra,16.0,-5.03706
,72,transfer,mercado,MuchaSalsa,Pedro Bigas,compra,23.0,-7.302
,72,transfer,Puja,Libre,Pedro Bigas,compra,23.0,0.0
,72,transfer,mercado,Dani,Aritz Elustondo,compra,16.0,-0.37253
,72,transfer,mercado,Dani,Omar Falah,compra,1370.0,-0.23747
,72,transfer,mercado,Dani,David L贸pez,compra,408.0,-0.21489
,72,transfer,mercado,Maldinillo ,Oihan Sancet,compra,1.0,-10.13207
,73,transfer,clausula,Jotabetrbb,Marc Roca,venta,4.0,2.127
,73,transfer,clausula,Chamac贸nicos,Marc Roca,compra,4.0,-2.127
,73,transfer,clausula,Dani,Jos茅 Copete,venta,19.0,1.226565
,73,transfer,clausula,Los marinero,Jos茅 Copete,compra,19.0,-1.226565
,73,transfer,clausula,MuchaSalsa,Cristian Portu,venta,222.0,1.371
,73,transfer,clausula,Dani,Cristian Portu,compra,222.0,-1.371
,73,marks,start_mercado,Mercado diario,,,,0.0
,73,transfer,mercado,Chamac贸nicos,Viktor Tsygankov,compra,222.0,-3.434343
,73,transfer,Puja,Libre,Viktor Tsygankov,compra,222.0,0.0
,73,transfer,mercado,Chamac贸nicos,Nobel Mendy,compra,14.0,-0.888
,73,transfer,Puja,Dani,Nobel Mendy,compra,14.0,0.0
,73,transfer,Puja,Jotabetrbb,Nobel Mendy,compra,14.0,0.0
,73,transfer,Puja,Maldinillo ,Nobel Mendy,compra,14.0,0.0
,73,transfer,Puja,Libre,Nobel Mendy,compra,14.0,0.0
,73,transfer,mercado,Dani,Antonio Ra铆llo,compra,408.0,-6.30152
,73,transfer,Puja,Libre,Antonio Ra铆llo,compra,408.0,0.0
,74,transfer,mercado,Maldinillo ,Unai L贸pez,venta,14.0,5.33085
,74,transfer,mercado,Maldinillo ,Tyrhys Dolan,venta,8.0,7.455
,74,transfer,mercado,Libre,Iker Losada,venta,12.0,0.19136
,74,marks,start_mercado,Mercado diario,,,,0.0
,74,transfer,mercado,Libre,Pol Lozano,compra,8.0,-3.850558
,74,transfer,Puja,Dani,Pol Lozano,compra,8.0,0.0
,74,transfer,Puja,Chamac贸nicos,Pol Lozano,compra,8.0,0.0
,74,transfer,Puja,MuchaSalsa,Pol Lozano,compra,8.0,0.0
,74,transfer,mercado,Maldinillo ,Nico Williams,compra,1.0,-15.27859
,74,transfer,Puja,Chamac贸nicos,Nico Williams,compra,1.0,0.0
,74,transfer,Puja,Libre,Nico Williams,compra,1.0,0.0
,75,transfer,clausula,Chamac贸nicos,Koke,venta,2.0,6.499999
,75,transfer,clausula,MuchaSalsa,Koke,compra,2.0,-6.499999
,75,bonificacion,quiniela,Dani,,,,0.7
,75,bonificacion,quiniela,De la Guettir FC,,,,0.7
,75,bonificacion,quiniela,Juanba,,,,0.5
,75,bonificacion,quiniela,Libre,,,,0.5
,75,bonificacion,quiniela,Los marinero,,,,0.5
,75,bonificacion,quiniela,Maldinillo ,,,,0.5
,75,bonificacion,quiniela,Chamac贸nicos,,,,0.3
,75,bonificacion,quiniela,Jotabetrbb,,,,0.0
,75,bonificacion,quiniela,MuchaSalsa,,,,0.0
,75,bonificacion,clasificacion,Dani,,,,1.65
,75,bonificacion,clasificacion,Maldinillo ,,,,1.78
,75,bonificacion,clasificacion,Juanba,,,,1.58
,75,bonificacion,clasificacion,De la Guettir FC,,,,1.99
,75,bonificacion,clasificacion,Jotabetrbb,,,,1.82
,75,bonificacion,clasificacion,Chamac贸nicos,,,,1.9
,75,bonificacion,clasificacion,Libre,,,,2.19
,75,bonificacion,clasificacion,Los marinero,,,,2.2
,75,bonificacion,clasificacion,MuchaSalsa,,,,2.32
,75,transfer,mercado,Maldinillo ,Gorka Guruzeta,venta,1.0,2.36488
,75,transfer,mercado,Jotabetrbb,C茅sar Azpilicueta,venta,17.0,3.46596
,75,transfer,mercado,Maldinillo ,Carlos lvarez,venta,12.0,7.55144
,75,transfer,mercado,De la Guettir FC,Marc Bernal,venta,3.0,0.907
,75,transfer,mercado,De la Guettir FC,David Costas,venta,1370.0,0.1836
,75,transfer,mercado,Los marinero,Batista Mendy,venta,17.0,4.27544
,75,marks,start_mercado,Mercado diario,,,,0.0
,75,transfer,mercado,Libre,Logan Costa,compra,20.0,-0.20305
,75,transfer,mercado,Libre,Iker Losada,compra,12.0,-0.18906
,75,transfer,mercado,De la Guettir FC,Adri谩n de la Fuente,compra,12.0,-3.41112
,75,transfer,Puja,Dani,Adri谩n de la Fuente,compra,12.0,0.0
,75,transfer,Puja,Libre,Adri谩n de la Fuente,compra,12.0,0.0
,75,transfer,mercado,Los marinero,Carlos Soler,compra,16.0,-5.885
,75,transfer,Puja,Libre,Carlos Soler,compra,16.0,0.0
,75,transfer,Puja,Dani,Carlos Soler,compra,16.0,0.0
,75,transfer,Puja,Maldinillo ,Carlos Soler,compra,16.0,0.0
,75,transfer,mercado,Maldinillo ,Iago Aspas,compra,5.0,-9.8569
,75,transfer,Puja,Libre,Iago Aspas,compra,5.0,0.0
,76,transfer,mercado,Libre,Luis Rioja,venta,19.0,7.2471
,76,transfer,mercado,Los marinero,Ricardo Rodr铆guez,venta,4.0,1.09692
,76,transfer,mercado,Dani,Roger Brugu茅,venta,12.0,0.88577
,76,transfer,mercado,Dani,Manu S谩nchez,venta,12.0,5.16545
,76,transfer,mercado,Libre,Dani Ceballos,venta,15.0,4.76944
,76,bajadaclausula,,Libre,Youssef Enr铆quez,,48.0,0.0
,76,marks,start_jornada,9.0,,,,0.0
,76,transfer,mercado,Libre,Johan Mojica,venta,408.0,5.87575
,76,transfer,mercado,Libre,Mat铆as Moreno,venta,12.0,1.14366
,76,transfer,mercado,Libre,Adri谩n de la Fuente,venta,12.0,3.18885
,76,transfer,mercado,Libre,Igor Zubeldia,venta,16.0,4.62161
,76,transfer,mercado,Dani,Jeremy Toljan,venta,12.0,5.24167
,76,bajadaclausula,,MuchaSalsa,lvaro N煤帽ez,,23.0,0.0
,76,marks,start_mercado,Mercado diario,,,,0.0
,76,transfer,mercado,Libre,Dani Ceballos,compra,15.0,-4.95
,76,transfer,mercado,Maldinillo ,Alexis S谩nchez,compra,17.0,-6.666669
,76,transfer,Puja,MuchaSalsa,Alexis S谩nchez,compra,17.0,0.0
,77,transfer,acuerdo,Maldinillo ,Samuel Costa,venta,408.0,4.0
,77,transfer,acuerdo,Libre,Samuel Costa,compra,408.0,-4.0
,77,transfer,acuerdo,Maldinillo ,Jon Gorrotxategi,venta,16.0,3.4
,77,transfer,acuerdo,Libre,Jon Gorrotxategi,compra,16.0,-3.4
,77,transfer,mercado,Dani,Omar El Hilali,venta,8.0,7.54392
,77,transfer,mercado,Libre,David L贸pez,venta,408.0,0.16758
,77,marks,start_mercado,Mercado diario,,,,0.0
,77,transfer,mercado,Libre,Alejandro Rego,compra,1.0,-0.57604
,77,transfer,mercado,Dani,Manu S谩nchez,compra,12.0,-5.53675
,77,transfer,Puja,Maldinillo ,Manu S谩nchez,compra,12.0,0.0
,77,transfer,Puja,Libre,Manu S谩nchez,compra,12.0,0.0
,78,transfer,mercado,Dani,Aitor Paredes,venta,1.0,7.35935
,78,transfer,mercado,Chamac贸nicos,Pere Milla,venta,8.0,6.12161
,78,transfer,mercado,Chamac贸nicos,Haissem Hassan,venta,1370.0,6.27432
,78,marks,start_mercado,Mercado diario,,,,0.0
,78,transfer,mercado,Libre,Roony Bardghji,compra,3.0,-2.14108
,78,transfer,Puja,Maldinillo ,Roony Bardghji,compra,3.0,0.0
,78,transfer,mercado,Dani,Edu Exp贸sito,compra,8.0,-11.72128
,78,transfer,mercado,Dani,Jos茅 Copete,compra,19.0,-0.81771
,78,transfer,mercado,Maldinillo ,Federico Vi帽as,compra,1370.0,-0.162
,79,transfer,mercado,Libre,Manu Morlanes,venta,408.0,0.86205
,79,transfer,mercado,Libre,Toni Lato,venta,408.0,0.1768
,79,transfer,mercado,Jotabetrbb,Jorge Cabello,venta,12.0,0.163
,79,transfer,clausula,Jotabetrbb,Thierry Correia,venta,19.0,1.0
,79,transfer,clausula,Los marinero,Thierry Correia,compra,19.0,-1.0
,79,transfer,acuerdo,Los marinero,Tyrhys Dolan,venta,8.0,8.0
,79,transfer,acuerdo,Maldinillo ,Tyrhys Dolan,compra,8.0,-8.0
,79,transfer,mercado,Maldinillo ,Alberto Moleiro,venta,20.0,7.0287
,79,marks,start_mercado,Mercado diario,,,,0.0
,79,transfer,mercado,Libre,Igor Zubeldia,compra,16.0,-4.51685
,79,transfer,Puja,Dani,Igor Zubeldia,compra,16.0,0.0
,79,transfer,Puja,MuchaSalsa,Igor Zubeldia,compra,16.0,0.0
,79,transfer,Puja,Maldinillo ,Igor Zubeldia,compra,16.0,0.0
,79,transfer,mercado,Los marinero,scar Valent铆n,compra,14.0,-1.456
,79,transfer,Puja,Libre,scar Valent铆n,compra,14.0,0.0
,79,transfer,mercado,Dani,Roger Brugu茅,compra,12.0,-0.9889
,80,transfer,mercado,Chamac贸nicos,Antonio Blanco,venta,48.0,6.415
,80,transfer,mercado,Los marinero,Jorge de Frutos,venta,14.0,10.0358
,80,marks,start_mercado,Mercado diario,,,,0.0
,80,transfer,mercado,Maldinillo ,Ander Barrenetxea,compra,16.0,-10.88583
,80,transfer,Puja,Libre,Ander Barrenetxea,compra,16.0,0.0
,80,transfer,Puja,Dani,Ander Barrenetxea,compra,16.0,0.0
,80,transfer,mercado,Maldinillo ,Unai L贸pez,compra,14.0,-4.95755
,80,transfer,Puja,Libre,Unai L贸pez,compra,14.0,0.0
,80,transfer,Puja,Los marinero,Unai L贸pez,compra,14.0,0.0
,81,marks,start_mercado,Mercado diario,,,,0.0
,81,transfer,mercado,Chamac贸nicos,Eduardo Camavinga,compra,15.0,-5.432
,81,transfer,Puja,Dani,Eduardo Camavinga,compra,15.0,0.0
,81,transfer,Puja,Maldinillo ,Eduardo Camavinga,compra,15.0,0.0
,81,transfer,Puja,Libre,Eduardo Camavinga,compra,15.0,0.0
,81,transfer,mercado,Dani,Aitor Paredes,compra,1.0,-7.20382
,81,transfer,Puja,Maldinillo ,Aitor Paredes,compra,1.0,0.0
,81,transfer,Puja,Libre,Aitor Paredes,compra,1.0,0.0
,82,transfer,mercado,Libre,Alexander S酶rloth,venta,2.0,9.31986
,82,transfer,mercado,Jotabetrbb,Hugo Sotelo,venta,5.0,6.40848
,82,marks,start_mercado,Mercado diario,,,,0.0
,82,transfer,mercado,Chamac贸nicos,Sergio Herrera,compra,50.0,-9.696969
,83,transfer,mercado,Jotabetrbb,Jon Moncayola,venta,50.0,7.5012
,83,marks,start_mercado,Mercado diario,,,,0.0
,83,transfer,mercado,Libre,Mikel Oyarzabal,compra,16.0,-12.21949
,83,transfer,Puja,Maldinillo ,Mikel Oyarzabal,compra,16.0,0.0
,83,transfer,Puja,Dani,Mikel Oyarzabal,compra,16.0,0.0
,83,transfer,Puja,Chamac贸nicos,Mikel Oyarzabal,compra,16.0,0.0
,83,transfer,mercado,MuchaSalsa,Cristian Portu,compra,222.0,-0.914
,83,transfer,mercado,Chamac贸nicos,Giovani Lo Celso,compra,4.0,-16.666666
,83,transfer,Puja,Maldinillo ,Giovani Lo Celso,compra,4.0,0.0
,83,transfer,mercado,Chamac贸nicos,Koke,compra,2.0,-4.333333
,83,transfer,Puja,Libre,Koke,compra,2.0,0.0
,83,transfer,Puja,De la Guettir FC,Koke,compra,2.0,0.0
,83,transfer,Puja,MuchaSalsa,Koke,compra,2.0,0.0
,83,transfer,Puja,Dani,Koke,compra,2.0,0.0
,83,transfer,Puja,Jotabetrbb,Koke,compra,2.0,0.0
,83,transfer,Puja,Los marinero,Koke,compra,2.0,0.0
,83,transfer,Puja,Maldinillo ,Koke,compra,2.0,0.0
,83,transfer,mercado,Maldinillo ,Pablo Maffeo,compra,408.0,-2.091
,83,transfer,Puja,MuchaSalsa,Pablo Maffeo,compra,408.0,0.0
,83,transfer,Puja,Dani,Pablo Maffeo,compra,408.0,0.0
,83,transfer,Puja,Chamac贸nicos,Pablo Maffeo,compra,408.0,0.0
,84,transfer,clausula,Jotabetrbb,Clemens Riedel,venta,8.0,1.67625
,84,transfer,clausula,Dani,Clemens Riedel,compra,8.0,-1.67625
,84,marks,start_mercado,Mercado diario,,,,0.0
,84,transfer,mercado,Libre,Johan Mojica,compra,408.0,-6.4
,84,transfer,Puja,Chamac贸nicos,Johan Mojica,compra,408.0,0.0
,84,transfer,Puja,Maldinillo ,Johan Mojica,compra,408.0,0.0
,84,transfer,mercado,Libre,Mat铆as Moreno,compra,12.0,-1.2
,84,transfer,Puja,Maldinillo ,Mat铆as Moreno,compra,12.0,0.0
,84,transfer,mercado,Libre,Hugo Rinc贸n,compra,222.0,-0.73897
,84,transfer,mercado,Jotabetrbb,Arnau Tenas,compra,20.0,-3.955
,84,transfer,Puja,Libre,Arnau Tenas,compra,20.0,0.0
,84,transfer,Puja,Maldinillo ,Arnau Tenas,compra,20.0,0.0
,84,transfer,Puja,Los marinero,Arnau Tenas,compra,20.0,0.0
,84,transfer,mercado,Los marinero,Luka Sui,compra,16.0,-0.232
,84,transfer,mercado,Maldinillo ,Carlos Romero,compra,8.0,-10.86849
,84,transfer,Puja,Dani,Carlos Romero,compra,8.0,0.0
,84,transfer,Puja,Chamac贸nicos,Carlos Romero,compra,8.0,0.0
,84,transfer,Puja,Libre,Carlos Romero,compra,8.0,0.0
,84,transfer,mercado,Maldinillo ,Alberto Moleiro,compra,20.0,-6.70776
,84,transfer,Puja,Libre,Alberto Moleiro,compra,20.0,0.0
,84,transfer,Puja,Dani,Alberto Moleiro,compra,20.0,0.0
,85,transfer,mercado,Chamac贸nicos,Antonio Sivera,venta,48.0,10.43595
,85,transfer,mercado,Juanba,Rodrygo,venta,15.0,6.31323
,85,transfer,mercado,Libre,Aur茅lien Tchouam茅ni,venta,15.0,12.6378
,85,transfer,mercado,Dani,David Affengruber,venta,23.0,9.24872
,85,marks,start_mercado,Mercado diario,,,,0.0
,85,transfer,mercado,De la Guettir FC,Franco Mastantuono,compra,15.0,-10.7314
,85,transfer,Puja,Chamac贸nicos,Franco Mastantuono,compra,15.0,0.0
,85,transfer,Puja,Maldinillo ,Franco Mastantuono,compra,15.0,0.0
,85,transfer,mercado,Dani,Cucho Hern谩ndez,compra,4.0,-15.12851
,85,transfer,Puja,Chamac贸nicos,Cucho Hern谩ndez,compra,4.0,0.0
,85,transfer,Puja,Libre,Cucho Hern谩ndez,compra,4.0,0.0
,85,transfer,Puja,Maldinillo ,Cucho Hern谩ndez,compra,4.0,0.0
,86,transfer,mercado,Maldinillo ,Ante Budimir,venta,50.0,14.1336
,86,transfer,mercado,Chamac贸nicos,Path茅 Ciss,venta,14.0,10.46377
,86,bajadaclausula,,Los marinero,Etta Eyong,,12.0,0.0
,86,marks,start_mercado,Mercado diario,,,,0.0
,86,transfer,mercado,Libre,Luis Rioja,compra,19.0,-6.56886
,86,transfer,mercado,Los marinero,Lamine Yamal,compra,3.0,-31.03371
,86,transfer,Puja,Maldinillo ,Lamine Yamal,compra,3.0,0.0
,86,transfer,Puja,Dani,Lamine Yamal,compra,3.0,0.0
,87,transfer,mercado,Maldinillo ,Carlos Romero,venta,8.0,10.6302
,87,transfer,mercado,Chamac贸nicos,Iv谩n Balliu,venta,14.0,0.47405
,87,transfer,mercado,Chamac贸nicos,Mario Mart铆n,venta,9.0,3.12243
,87,transfer,acuerdo,Los marinero,Haissem Hassan,venta,1370.0,5.409
,87,transfer,acuerdo,Chamac贸nicos,Haissem Hassan,compra,1370.0,-5.409
,87,bonificacion,quiniela,Jotabetrbb,,,,0.5
,87,bonificacion,quiniela,Juanba,,,,0.5
,87,bonificacion,quiniela,Chamac贸nicos,,,,0.4
,87,bonificacion,quiniela,Dani,,,,0.4
,87,bonificacion,quiniela,Libre,,,,0.4
,87,bonificacion,quiniela,Maldinillo ,,,,0.4
,87,bonificacion,quiniela,De la Guettir FC,,,,0.3
,87,bonificacion,quiniela,Los marinero,,,,0.3
,87,bonificacion,quiniela,MuchaSalsa,,,,0.2
,87,bonificacion,clasificacion,Jotabetrbb,,,,1.76
,87,bonificacion,clasificacion,Maldinillo ,,,,1.7
,87,bonificacion,clasificacion,Dani,,,,1.65
,87,bonificacion,clasificacion,Los marinero,,,,1.66
,87,bonificacion,clasificacion,Chamac贸nicos,,,,1.84
,87,bonificacion,clasificacion,De la Guettir FC,,,,2.12
,87,bonificacion,clasificacion,Juanba,,,,2.37
,87,bonificacion,clasificacion,Libre,,,,2.26
,87,bonificacion,clasificacion,MuchaSalsa,,,,2.48
,87,transfer,mercado,Jotabetrbb,L茅o P茅trot,venta,23.0,0.3774
,87,transfer,mercado,Maldinillo ,Pedro Bigas,venta,23.0,6.6423
,87,marks,start_mercado,Mercado diario,,,,0.0
,87,transfer,mercado,Libre,Adri谩n San Miguel,compra,4.0,-0.188
,87,transfer,mercado,Jotabetrbb,Rub茅n Vargas,compra,17.0,-9.0
,87,transfer,Puja,De la Guettir FC,Rub茅n Vargas,compra,17.0,0.0
,87,transfer,Puja,Dani,Rub茅n Vargas,compra,17.0,0.0
,87,transfer,Puja,Los marinero,Rub茅n Vargas,compra,17.0,0.0
,87,transfer,Puja,Chamac贸nicos,Rub茅n Vargas,compra,17.0,0.0
,87,transfer,Puja,Maldinillo ,Rub茅n Vargas,compra,17.0,0.0
,87,transfer,Puja,Libre,Rub茅n Vargas,compra,17.0,0.0
,87,transfer,mercado,Los marinero,Haissem Hassan,compra,1370.0,-5.884
,87,transfer,Puja,Chamac贸nicos,Haissem Hassan,compra,1370.0,0.0
,87,transfer,Puja,Dani,Haissem Hassan,compra,1370.0,0.0
,87,transfer,Puja,Maldinillo ,Haissem Hassan,compra,1370.0,0.0
,87,transfer,Puja,Libre,Haissem Hassan,compra,1370.0,0.0
,87,transfer,mercado,Chamac贸nicos,Yangel Herrera,compra,16.0,-1.801
,87,transfer,Puja,Maldinillo ,Yangel Herrera,compra,16.0,0.0
,88,transfer,clausula,Maldinillo ,Clemens Riedel,venta,8.0,1.1175
,88,transfer,clausula,Jotabetrbb,Clemens Riedel,compra,8.0,-1.1175
,88,transfer,mercado,Libre,Mat铆as Dituro,venta,23.0,6.1828
,88,transfer,mercado,Maldinillo ,C茅sar T谩rrega,venta,19.0,6.12767
,88,transfer,mercado,Dani,Abel Ruiz,venta,222.0,0.1716
,88,transfer,mercado,Chamac贸nicos,Mateu Morey,venta,408.0,2.25114
,88,marks,start_mercado,Mercado diario,,,,0.0
,88,transfer,mercado,Maldinillo ,Pedri,compra,3.0,-30.14751
,88,transfer,Puja,Dani,Pedri,compra,3.0,0.0
,88,transfer,Puja,Los marinero,Pedri,compra,3.0,0.0
,89,transfer,mercado,Dani,Aitor Paredes,venta,1.0,6.43595
,89,transfer,mercado,Maldinillo ,Sergi Darder,venta,408.0,10.10606
,89,transfer,mercado,Chamac贸nicos,Franco Cervi,venta,5.0,0.20502
,89,transfer,mercado,Dani,Pablo Mart铆nez,venta,12.0,2.47208
,89,transfer,mercado,Los marinero,Javi Guerra,venta,19.0,6.65376
,89,transfer,mercado,Los marinero,Diego Rico,venta,9.0,3.81888
,89,transfer,mercado,Dani,Be帽at Prados,venta,1.0,0.17115
,89,bajadaclausula,,Libre,Marcos Llorente,,2.0,0.0
,89,transfer,mercado,De la Guettir FC,Lucas Torr贸,venta,50.0,5.60456
,89,marks,start_mercado,Mercado diario,,,,0.0
,89,transfer,mercado,Jotabetrbb,Nico Gonz谩lez,compra,2.0,-10.0
,89,transfer,Puja,Los marinero,Nico Gonz谩lez,compra,2.0,0.0
,89,transfer,Puja,De la Guettir FC,Nico Gonz谩lez,compra,2.0,0.0
,89,transfer,Puja,Chamac贸nicos,Nico Gonz谩lez,compra,2.0,0.0
,89,transfer,Puja,Dani,Nico Gonz谩lez,compra,2.0,0.0
,89,transfer,Puja,Libre,Nico Gonz谩lez,compra,2.0,0.0
,89,transfer,Puja,Maldinillo ,Nico Gonz谩lez,compra,2.0,0.0
,89,transfer,mercado,Maldinillo ,Carlos lvarez,compra,12.0,-5.84952
,89,transfer,Puja,Chamac贸nicos,Carlos lvarez,compra,12.0,0.0
,89,transfer,Puja,Dani,Carlos lvarez,compra,12.0,0.0
,89,transfer,mercado,Maldinillo ,Gorka Guruzeta,compra,1.0,-1.93807
,89,transfer,Puja,Los marinero,Gorka Guruzeta,compra,1.0,0.0
,90,transfer,clausula,Dani,Abel Bretones,venta,50.0,3.8298
,90,transfer,clausula,Chamac贸nicos,Abel Bretones,compra,50.0,-3.8298
,90,transfer,mercado,Maldinillo ,Flavien Boyomo,venta,50.0,10.22423
,90,marks,start_jornada,8.0,,,,0.0
,90,transfer,mercado,Libre,Andr茅s Castr铆n,venta,17.0,1.4687
,90,transfer,mercado,Libre,Dani Parejo,venta,20.0,4.69755
,90,transfer,acuerdo,Dani,Abdel Abqar,venta,9.0,1.907
,90,transfer,acuerdo,Jotabetrbb,Abdel Abqar,compra,9.0,-1.907
,90,transfer,acuerdo,Dani,Samuel Costa,venta,408.0,2.492
,90,transfer,acuerdo,Maldinillo ,Samuel Costa,compra,408.0,-2.492
,90,transfer,mercado,Los marinero,Oihan Sancet,venta,1.0,12.51553
,90,marks,start_mercado,Mercado diario,,,,0.0
,90,transfer,mercado,Jotabetrbb,L茅o P茅trot,compra,23.0,-0.46
,90,transfer,Puja,Dani,L茅o P茅trot,compra,23.0,0.0
,90,transfer,mercado,Dani,Pablo Fornals,compra,4.0,-13.51982
,90,transfer,Puja,Maldinillo ,Pablo Fornals,compra,4.0,0.0
,90,transfer,Puja,MuchaSalsa,Pablo Fornals,compra,4.0,0.0
,90,transfer,Puja,Chamac贸nicos,Pablo Fornals,compra,4.0,0.0
,90,transfer,mercado,Dani,Jeremy Toljan,compra,12.0,-4.51174
,90,transfer,Puja,Libre,Jeremy Toljan,compra,12.0,0.0
,90,transfer,mercado,Dani,Pablo Mart铆nez,compra,12.0,-2.52337
,90,transfer,mercado,Dani,Be帽at Prados,compra,1.0,-0.23298
,90,transfer,mercado,Dani,Abel Ruiz,compra,222.0,-0.18163
,91,transfer,mercado,MuchaSalsa,Luis Milla,venta,9.0,12.64095
,91,transfer,clausula,Dani,Tyrhys Dolan,venta,8.0,9.612
,91,transfer,clausula,Los marinero,Tyrhys Dolan,compra,8.0,-9.612
,91,transfer,mercado,Maldinillo ,Marcos Alonso,venta,5.0,4.93528
,91,transfer,mercado,Maldinillo ,Isaac Romero,venta,17.0,5.99666
,91,transfer,clausula,Los marinero,Marc Roca,venta,4.0,1.0035
,91,transfer,clausula,Jotabetrbb,Marc Roca,compra,4.0,-1.0035
,91,marks,start_mercado,Mercado diario,,,,0.0
,91,transfer,mercado,MuchaSalsa,Borja Iglesias,compra,5.0,-11.253
,91,transfer,Puja,Maldinillo ,Borja Iglesias,compra,5.0,0.0
,91,transfer,mercado,Jotabetrbb,Jos茅 ngel Carmona,compra,17.0,-4.315
,91,transfer,Puja,Libre,Jos茅 ngel Carmona,compra,17.0,0.0
,91,transfer,Puja,Maldinillo ,Jos茅 ngel Carmona,compra,17.0,0.0
,91,transfer,mercado,Los marinero,Javi Guerra,compra,19.0,-7.085
,91,transfer,mercado,Maldinillo ,Jon Gorrotxategi,compra,16.0,-2.636
,91,transfer,Puja,Libre,Jon Gorrotxategi,compra,16.0,0.0
,91,transfer,mercado,Maldinillo ,Clemens Riedel,compra,8.0,-0.64545
,92,transfer,mercado,De la Guettir FC,Hector Fort,venta,23.0,1.0507
,92,transfer,clausula,Jotabetrbb,Pablo Ib谩帽ez,venta,48.0,3.8445
,92,transfer,clausula,Juanba,Pablo Ib谩帽ez,compra,48.0,-3.8445
,92,transfer,mercado,Juanba,Jos茅 Luis Morales,venta,12.0,4.4118
,92,bonificacion,quiniela,De la Guettir FC,,,,0.5
,92,bonificacion,quiniela,Maldinillo ,,,,0.5
,92,bonificacion,quiniela,Chamac贸nicos,,,,0.4
,92,bonificacion,quiniela,Dani,,,,0.4
,92,bonificacion,quiniela,Los marinero,,,,0.3
,92,bonificacion,quiniela,MuchaSalsa,,,,0.3
,92,bonificacion,quiniela,Jotabetrbb,,,,0.0
,92,bonificacion,quiniela,Juanba,,,,0.0
,92,bonificacion,quiniela,Libre,,,,0.0
,92,bonificacion,clasificacion,Dani,,,,1.46
,92,bonificacion,clasificacion,Chamac贸nicos,,,,2.14
,92,bonificacion,clasificacion,Maldinillo ,,,,1.6
,92,bonificacion,clasificacion,Libre,,,,1.85
,92,bonificacion,clasificacion,Juanba,,,,1.84
,92,bonificacion,clasificacion,MuchaSalsa,,,,2.02
,92,bonificacion,clasificacion,De la Guettir FC,,,,2.3
,92,bonificacion,clasificacion,Jotabetrbb,,,,2.28
,92,bonificacion,clasificacion,Los marinero,,,,2.36
,92,transfer,mercado,Libre,Jonny Otto,venta,48.0,5.0688
,92,marks,start_mercado,Mercado diario,,,,0.0
,92,transfer,mercado,MuchaSalsa,I帽igo Ruiz De Galarreta,compra,1.0,-7.479
,92,transfer,mercado,Maldinillo ,Pedro Bigas,compra,23.0,-6.3154
,92,transfer,mercado,Maldinillo ,C茅sar T谩rrega,compra,19.0,-5.94
,93,transfer,mercado,Chamac贸nicos,Lucas Boy茅,venta,48.0,1.2117
,93,transfer,clausula,Maldinillo ,Abde Ezzalzouli,venta,4.0,7.804908
,93,transfer,clausula,Juanba,Abde Ezzalzouli,compra,4.0,-7.804908
,93,transfer,mercado,Libre,Takuma Asano,venta,408.0,0.5959
,93,transfer,mercado,Maldinillo ,Dani Carvajal,venta,15.0,7.16
,93,transfer,mercado,Dani,Denis Su谩rez,venta,48.0,1.4716
,93,marks,start_mercado,Mercado diario,,,,0.0
,93,transfer,mercado,Libre,Alexander S酶rloth,compra,2.0,-11.35599
,93,transfer,mercado,Libre,Youssef Enr铆quez,compra,48.0,-0.29666
,93,transfer,mercado,Maldinillo ,Marcos Alonso,compra,5.0,-5.05235
,94,transfer,mercado,Libre,Isi Palaz贸n,venta,14.0,9.808
,94,transfer,mercado,Los marinero,Leandro Cabrera,venta,8.0,8.20423
,94,marks,start_mercado,Mercado diario,,,,0.0
,94,transfer,mercado,De la Guettir FC,lvaro Garc铆a,compra,14.0,-11.111133
,94,transfer,mercado,Chamac贸nicos,Azzedine Ounahi,compra,222.0,-6.622
,94,transfer,mercado,Maldinillo ,Coba da Costa,compra,9.0,-0.37012
,95,transfer,mercado,De la Guettir FC,Pablo Torre,venta,408.0,5.26536
,95,transfer,mercado,Maldinillo ,Mikel Vesga,venta,1.0,0.98784
,95,transfer,mercado,Los marinero,Mariano D铆az,venta,48.0,1.25334
,95,marks,start_mercado,Mercado diario,,,,0.0
,95,transfer,mercado,Libre,Antoine Griezmann,compra,2.0,-11.05
,95,transfer,mercado,Los marinero,Ricardo Rodr铆guez,compra,4.0,-0.209
,96,transfer,mercado,Maldinillo ,Luka Ilic,venta,1370.0,1.36122
,96,transfer,mercado,Chamac贸nicos,Adri谩n Liso,venta,9.0,4.25008
,96,transfer,mercado,Libre,Pichu Cu茅llar,venta,408.0,0.18585
,96,marks,start_mercado,Mercado diario,,,,0.0
,96,transfer,mercado,Los marinero,Leandro Cabrera,compra,8.0,-8.253
,96,transfer,mercado,Los marinero,Marc Roca,compra,4.0,-0.556
,96,transfer,mercado,Chamac贸nicos,Iv谩n Balliu,compra,14.0,-0.609
,97,marks,start_jornada,7.0,,,,0.0
,97,transfer,mercado,Jotabetrbb,Thibaut Courtois,venta,15.0,10.71616
,97,transfer,mercado,Libre,Kelechi Iheanacho,venta,0.0,0.18527
,97,transfer,mercado,Libre,Kike Salas,venta,17.0,7.081
,97,bonificacion,quiniela,De la Guettir FC,,,,0.8
,97,bonificacion,quiniela,Dani,,,,0.7
,97,bonificacion,quiniela,Jotabetrbb,,,,0.7
,97,bonificacion,quiniela,Juanba,,,,0.6
,97,bonificacion,quiniela,Maldinillo ,,,,0.6
,97,bonificacion,quiniela,MuchaSalsa,,,,0.4
,97,bonificacion,quiniela,Chamac贸nicos,,,,0.0
,97,bonificacion,quiniela,Libre,,,,0.0
,97,bonificacion,quiniela,Los marinero,,,,0.0
,97,bonificacion,clasificacion,De la Guettir FC,,,,1.57
,97,bonificacion,clasificacion,Jotabetrbb,,,,1.31
,97,bonificacion,clasificacion,Dani,,,,1.16
,97,bonificacion,clasificacion,Maldinillo ,,,,1.44
,97,bonificacion,clasificacion,Los marinero,,,,1.58
,97,bonificacion,clasificacion,Chamac贸nicos,,,,1.66
,97,bonificacion,clasificacion,MuchaSalsa,,,,1.78
,97,bonificacion,clasificacion,Libre,,,,1.98
,97,bonificacion,clasificacion,Juanba,,,,2.06
,97,transfer,acuerdo,Jotabetrbb,Isaac Romero,venta,17.0,6.0
,97,transfer,acuerdo,Maldinillo ,Isaac Romero,compra,17.0,-6.0
,97,marks,start_mercado,Mercado diario,,,,0.0
,97,transfer,mercado,Libre,Gabriel Suazo,compra,17.0,-4.173796
,97,transfer,mercado,Libre,Pichu Cu茅llar,compra,408.0,-0.18901
,97,transfer,mercado,Jotabetrbb,Horaiu Moldovan,compra,1370.0,-0.193
,97,transfer,mercado,Maldinillo ,Luka Ilic,compra,1370.0,-1.43603
,98,transfer,mercado,Dani,Carlos Soler,venta,16.0,6.32502
,98,transfer,mercado,Los marinero,Domingos Duarte,venta,9.0,1.23785
,98,transfer,clausula,Maldinillo ,Rafa Mir,venta,23.0,8.271165
,98,transfer,clausula,Dani,Rafa Mir,compra,23.0,-8.271165
,98,transfer,mercado,Chamac贸nicos,Alejandro Catena,venta,50.0,6.97736
,98,transfer,mercado,De la Guettir FC,Rodrigo Mendoza,venta,23.0,4.73025
,98,marks,start_mercado,Mercado diario,,,,0.0
,98,transfer,mercado,Jotabetrbb,Ferran Torres,compra,3.0,-14.738
,98,transfer,mercado,Los marinero,Diego Rico,compra,9.0,-4.269
,98,transfer,mercado,Chamac贸nicos,Djibril Sow,compra,17.0,-0.888
,98,transfer,mercado,Dani,Abdel Abqar,compra,9.0,-1.70055
,99,transfer,mercado,Jotabetrbb,Sergio Carreira,venta,5.0,1.18524
,99,transfer,clausula,Chamac贸nicos,Valent铆n G贸mez,venta,4.0,2.0
,99,transfer,clausula,Jotabetrbb,Valent铆n G贸mez,compra,4.0,-2.0
,99,transfer,mercado,Chamac贸nicos,Marko Dmitrovi,venta,8.0,10.37725
,99,transfer,mercado,Libre,Unai L贸pez,venta,14.0,5.13455
,99,marks,start_mercado,Mercado diario,,,,0.0
,99,transfer,mercado,Libre,Aur茅lien Tchouam茅ni,compra,15.0,-12.00371
,99,transfer,mercado,Libre,Marcos Llorente,compra,2.0,-8.8334
,99,transfer,mercado,Libre,Dani Parejo,compra,20.0,-5.23523
,99,transfer,mercado,Chamac贸nicos,Lucas Boy茅,compra,48.0,-1.207
,100,transfer,clausula,Libre,Valent铆n G贸mez,venta,4.0,1.0
,100,transfer,clausula,Chamac贸nicos,Valent铆n G贸mez,compra,4.0,-1.0
,100,transfer,mercado,Libre,Gerard Moreno,venta,20.0,4.40649
,100,transfer,mercado,Jotabetrbb,Joel Roca,venta,222.0,2.44755
,100,marks,start_mercado,Mercado diario,,,,0.0
,100,transfer,mercado,Los marinero,Batista Mendy,compra,17.0,-4.124
,100,transfer,mercado,Chamac贸nicos,Marko Dmitrovi,compra,8.0,-10.155
,100,transfer,mercado,Dani,Omar El Hilali,compra,8.0,-6.24488
,101,transfer,mercado,Maldinillo ,Hugo Duro,venta,19.0,8.68035
,101,bonificacion,quiniela,Chamac贸nicos,,,,0.7
,101,bonificacion,quiniela,Jotabetrbb,,,,0.7
,101,bonificacion,quiniela,MuchaSalsa,,,,0.7
,101,bonificacion,quiniela,Dani,,,,0.6
,101,bonificacion,quiniela,De la Guettir FC,,,,0.6
,101,bonificacion,quiniela,Juanba,,,,0.5
,101,bonificacion,quiniela,Libre,,,,0.5
,101,bonificacion,quiniela,Los marinero,,,,0.4
,101,bonificacion,quiniela,Maldinillo ,,,,0.4
,101,bonificacion,clasificacion,Los marinero,,,,2.27
,101,bonificacion,clasificacion,Maldinillo ,,,,1.69
,101,bonificacion,clasificacion,Dani,,,,1.58
,101,bonificacion,clasificacion,De la Guettir FC,,,,1.83
,101,bonificacion,clasificacion,Jotabetrbb,,,,1.74
,101,bonificacion,clasificacion,Chamac贸nicos,,,,1.7
,101,bonificacion,clasificacion,Juanba,,,,1.86
,101,bonificacion,clasificacion,MuchaSalsa,,,,2.04
,101,bonificacion,clasificacion,Libre,,,,2.04
,101,transfer,clausula,Los marinero,Tanguy Nianzou,venta,17.0,1.029
,101,transfer,clausula,Jotabetrbb,Tanguy Nianzou,compra,17.0,-1.029
,101,transfer,mercado,Dani,Lucas Ahijado,venta,1370.0,0.197
,101,transfer,mercado,Dani,Takefusa Kubo,venta,16.0,13.449
,101,marks,start_mercado,Mercado diario,,,,0.0
,101,transfer,mercado,De la Guettir FC,Andreas Christensen,compra,3.0,-2.898989
,101,transfer,mercado,Chamac贸nicos,Alejandro Catena,compra,50.0,-6.448
,101,transfer,mercado,Dani,David Affengruber,compra,23.0,-7.53641
,101,transfer,mercado,Dani,Denis Su谩rez,compra,48.0,-1.51203
,101,transfer,mercado,Maldinillo ,Rafa Mir,compra,23.0,-5.51411
,101,transfer,mercado,Maldinillo ,Mikel Vesga,compra,1.0,-0.89086
,102,transfer,mercado,Maldinillo ,Carles Ale帽谩,venta,48.0,5.145
,102,marks,start_mercado,Mercado diario,,,,0.0
,103,transfer,mercado,Chamac贸nicos,Axel Witsel,venta,222.0,1.70352
,103,transfer,mercado,Los marinero,Gorka Guruzeta,venta,1.0,2.33244
,103,transfer,mercado,Los marinero,Natan Souza,venta,4.0,4.57485
,103,marks,start_mercado,Mercado diario,,,,0.0
,103,transfer,mercado,Los marinero,Tanguy Nianzou,compra,17.0,-0.686
,103,transfer,mercado,Maldinillo ,Hugo Duro,compra,19.0,-8.29815
,103,transfer,mercado,Maldinillo ,Abde Ezzalzouli,compra,4.0,-5.203272
,103,transfer,mercado,Maldinillo ,Paulo Gazzaniga,compra,222.0,-4.46345
,104,transfer,mercado,Dani,Manor Solomon,venta,20.0,2.6979
,104,transfer,mercado,Maldinillo ,Yago Santiago,venta,23.0,0.1776
,104,transfer,clausula,Maldinillo ,Georges Mikautadze,venta,20.0,9.9234
,104,transfer,clausula,Chamac贸nicos,Georges Mikautadze,compra,20.0,-9.9234
,104,transfer,mercado,Libre,Gavi,venta,3.0,7.6125
,104,transfer,mercado,Chamac贸nicos,Rodrigo Riquelme,venta,4.0,5.66912
,104,transfer,mercado,Chamac贸nicos,Pablo Campos,venta,12.0,4.24632
,104,transfer,mercado,Los marinero,Thomas Lemar,venta,222.0,2.39875
,104,marks,start_mercado,Mercado diario,,,,0.0
,104,transfer,mercado,De la Guettir FC,Marc Bernal,compra,3.0,-3.111111
,104,transfer,mercado,Los marinero,Gorka Guruzeta,compra,1.0,-2.426
,104,transfer,mercado,Chamac贸nicos,Antonio Sivera,compra,48.0,-10.155
,105,transfer,mercado,Maldinillo ,Jos茅 Copete,venta,19.0,1.5352
,105,marks,start_jornada,5.0,,,,0.0
,105,transfer,mercado,Libre,Pacha Espino,venta,14.0,0.94276
,105,transfer,mercado,Maldinillo ,Jeremy Toljan,venta,12.0,2.84445
,105,marks,start_mercado,Mercado diario,,,,0.0
,105,transfer,mercado,Libre,Kike Salas,compra,17.0,-7.40665
,105,transfer,mercado,Libre,Mat铆as Dituro,compra,23.0,-7.2
,105,transfer,mercado,Libre,Andr茅s Castr铆n,compra,17.0,-1.67304
,105,transfer,mercado,Libre,Valent铆n G贸mez,compra,4.0,-0.44403
,105,transfer,mercado,De la Guettir FC,Jon Pacheco,compra,48.0,-0.233333
,106,transfer,clausula,Chamac贸nicos,Carlos Dominguez,venta,5.0,1.65825
,106,transfer,clausula,Juanba,Carlos Dominguez,compra,5.0,-1.65825
,106,transfer,clausula,Libre,Mariano D铆az,venta,48.0,2.2995
,106,transfer,clausula,Los marinero,Mariano D铆az,compra,48.0,-2.2995
,106,transfer,clausula,Libre,Dani Carvajal,venta,15.0,8.896861
,106,transfer,clausula,Maldinillo ,Dani Carvajal,compra,15.0,-8.896861
,106,transfer,acuerdo,Chamac贸nicos,Aitor Fern谩ndez,venta,50.0,0.02775
,106,transfer,acuerdo,Maldinillo ,Aitor Fern谩ndez,compra,50.0,-0.02775
,106,transfer,mercado,Maldinillo ,Borja S谩nchez,venta,0.0,0.168
,106,marks,start_mercado,Mercado diario,,,,0.0
,106,transfer,mercado,Jotabetrbb,Sergio Carreira,compra,5.0,-1.225528
,106,transfer,mercado,Maldinillo ,Sergi Darder,compra,408.0,-9.69253
,106,transfer,mercado,Maldinillo ,V铆ctor Garc铆a,compra,12.0,-0.167
,107,transfer,clausula,Maldinillo ,Bryan Gil,venta,222.0,3.39102
,107,transfer,clausula,Los marinero,Bryan Gil,compra,222.0,-3.39102
,107,transfer,mercado,MuchaSalsa,Aitor Ruibal,venta,4.0,1.80323
,107,transfer,mercado,MuchaSalsa,Luiz J煤nior,venta,20.0,7.4361
,107,transfer,mercado,Jotabetrbb,Moi G贸mez,venta,50.0,1.472
,107,transfer,mercado,Maldinillo ,Javi Puado,venta,8.0,10.27528
,107,marks,start_mercado,Mercado diario,,,,0.0
,107,transfer,mercado,Maldinillo ,Jos茅 Copete,compra,19.0,-1.58112
,108,transfer,mercado,Maldinillo ,ngel Ortiz,venta,4.0,0.75504
,108,transfer,mercado,Maldinillo ,Yuri Berchiche,venta,1.0,5.13344
,108,bonificacion,quiniela,Juanba,,,,0.7
,108,bonificacion,quiniela,Maldinillo ,,,,0.6
,108,bonificacion,quiniela,De la Guettir FC,,,,0.5
,108,bonificacion,quiniela,Chamac贸nicos,,,,0.4
,108,bonificacion,quiniela,Jotabetrbb,,,,0.4
,108,bonificacion,quiniela,Los marinero,,,,0.4
,108,bonificacion,quiniela,MuchaSalsa,,,,0.4
,108,bonificacion,quiniela,Dani,,,,0.3
,108,bonificacion,quiniela,Libre,,,,0.0
,108,bonificacion,clasificacion,Dani,,,,1.69
,108,bonificacion,clasificacion,De la Guettir FC,,,,1.57
,108,bonificacion,clasificacion,Chamac贸nicos,,,,1.46
,108,bonificacion,clasificacion,Los marinero,,,,1.66
,108,bonificacion,clasificacion,Jotabetrbb,,,,1.9
,108,bonificacion,clasificacion,MuchaSalsa,,,,2.21
,108,bonificacion,clasificacion,Juanba,,,,2.04
,108,bonificacion,clasificacion,Maldinillo ,,,,2.27
,108,bonificacion,clasificacion,Libre,,,,2.18
,108,transfer,mercado,Chamac贸nicos,Rafa Mar铆n,venta,20.0,7.8948
,108,transfer,mercado,Los marinero,Be帽at Prados,venta,1.0,0.549
,108,marks,start_mercado,Mercado diario,,,,0.0
,108,transfer,mercado,MuchaSalsa,Luis Milla,compra,9.0,-11.831
,108,transfer,mercado,Jotabetrbb,Pablo Ib谩帽ez,compra,48.0,-2.431
,108,transfer,mercado,Maldinillo ,Unai G贸mez,compra,1.0,-0.16
,109,transfer,clausula,Los marinero,Victor Mu帽oz,venta,50.0,6.942
,109,transfer,clausula,Jotabetrbb,Victor Mu帽oz,compra,50.0,-6.942
,109,transfer,clausula,Jotabetrbb,Pere Milla,venta,8.0,4.872
,109,transfer,clausula,Chamac贸nicos,Pere Milla,compra,8.0,-4.872
,109,marks,start_mercado,Mercado diario,,,,0.0
,109,transfer,mercado,Chamac贸nicos,Antonio Blanco,compra,48.0,-5.36
,109,transfer,mercado,Chamac贸nicos,H茅ctor Beller铆n,compra,4.0,-4.231
,109,transfer,mercado,Chamac贸nicos,Aitor Fern谩ndez,compra,50.0,-0.16001
,109,transfer,mercado,Maldinillo ,Javi Puado,compra,8.0,-10.38565
,109,transfer,mercado,Maldinillo ,Carles Ale帽谩,compra,48.0,-5.02747
,110,transfer,mercado,Maldinillo ,Julen Agirrezabala,venta,19.0,5.508
,110,transfer,mercado,Maldinillo ,Junior Firpo,venta,4.0,5.28112
,110,transfer,clausula,Maldinillo ,Carlos Dominguez,venta,5.0,1.1055
,110,transfer,clausula,Chamac贸nicos,Carlos Dominguez,compra,5.0,-1.1055
,110,transfer,mercado,Jotabetrbb,Juan Iglesias,venta,9.0,2.84376
,110,transfer,mercado,Dani,Diego Pamp铆n,venta,12.0,0.2014
,110,transfer,mercado,Maldinillo ,Franco Mastantuono,venta,15.0,10.3866
,110,marks,start_mercado,Mercado diario,,,,0.0
,110,transfer,mercado,Los marinero,Be帽at Prados,compra,1.0,-0.665
,110,transfer,mercado,Maldinillo ,Flavien Boyomo,compra,50.0,-9.75831
,111,transfer,mercado,Chamac贸nicos,Brais M茅ndez,venta,16.0,5.144
,111,marks,start_mercado,Mercado diario,,,,0.0
,111,transfer,mercado,Libre,Kike Barja,compra,50.0,-0.25602
,111,transfer,mercado,Libre,Asier Osambela,compra,50.0,-0.16607
,111,transfer,mercado,Dani,Abel Bretones,compra,50.0,-1.9149
,111,transfer,mercado,Maldinillo ,Bryan Gil,compra,222.0,-2.26068
