fecha,subtype,equipo,jugador,equipoLiga,Diff
2026-03-01,clausula,Maldinillo üí•,Marc Bernal,3.0,6.88324
2026-02-28,mercado,Dani,Jorge Herrando,50.0,0.11767000000000005
2026-02-28,acuerdo,Maldinillo üí•,Ricardo Rodr√≠guez,4.0,0.79497
2026-02-28,mercado,Maldinillo üí•,Frenkie De Jong,3.0,-1.440850000000001
2026-02-27,mercado,Chamac√≥nicos,Etta Eyong,12.0,-4.7034
2026-02-25,mercado,Dani,Alfonso Pedraza,20.0,0.45662
2026-02-25,mercado,Dani,Robert Navarro,1.0,1.23147
2026-02-25,mercado,Jotabetrbb,Be√±at Turrientes,16.0,1.238
2026-02-24,clausula,Maldinillo üí•,Azzedine Ounahi,222.0,5.94999
2026-02-24,mercado,Maldinillo üí•,Jorge de Frutos,14.0,1.8431800000000003
2026-02-24,mercado,Jotabetrbb,Ra√∫l Asencio,15.0,-0.3242899999999995
2026-02-24,mercado,Dani,Fer L√≥pez,5.0,0.2837399999999999
2026-02-22,mercado,Maldinillo üí•,Rub√©n S√°nchez,8.0,-0.004760000000000014
2026-02-22,clausula,Dani,Abde Ezzalzouli,4.0,9.983250000000002
2026-02-21,mercado,Dani,Santiago Mouri√±o,20.0,-1.5771199999999999
2026-02-20,mercado,Dani,Miguel Rom√°n,5.0,0.34850000000000003
2026-02-20,mercado,Dani,Victor Mu√±oz,50.0,2.3168100000000003
2026-02-20,clausula,Maldinillo üí•,Marcus Rashford,3.0,7.41339
2026-02-19,mercado,Dani,Baptiste Santamaria,19.0,-0.009940000000000004
2026-02-19,clausula,Libre,Georges Mikautadze,20.0,13.689
2026-02-19,mercado,Dani,Koke,2.0,0.08444000000000074
2026-02-19,mercado,Maldinillo üí•,D√°vid Hancko,2.0,0.026540000000000674
2026-02-18,mercado,Jotabetrbb,Filip Ugrinic,19.0,0.47184000000000004
2026-02-18,mercado,Dani,Marc Casad√≥,3.0,-0.015569999999999862
2026-02-17,mercado,Maldinillo üí•,Adri√°n de la Fuente,12.0,0.8861599999999998
2026-02-17,mercado,Maldinillo üí•,Marcos Llorente,2.0,1.9118000000000013
2026-02-17,clausula,MuchaSalsa,Abde Ezzalzouli,4.0,6.7379999999999995
2026-02-17,mercado,Libre,Rub√©n Garc√≠a,50.0,0.83298
2026-02-17,mercado,Dani,Lucas Boy√©,48.0,0.40415000000000045
2026-02-16,mercado,Dani,Edu Exp√≥sito,8.0,3.2580299999999998
2026-02-15,mercado,Maldinillo üí•,Brahim D√≠az,15.0,1.3347
2026-02-14,mercado,Maldinillo üí•,Antonio Blanco,48.0,1.14032
2026-02-14,mercado,Maldinillo üí•,Borja Mayoral,9.0,-0.05979000000000001
2026-02-13,mercado,Jotabetrbb,Jos√© Luis Gay√†,19.0,-0.13724999999999987
2026-02-12,mercado,Dani,Pablo Barrios,2.0,0.8818300000000008
2026-02-12,mercado,Libre,Alan Matturro,12.0,0.020529999999999937
2026-02-11,mercado,Jotabetrbb,Carl Starfelt,5.0,2.8029999999999995
2026-02-11,mercado,Maldinillo üí•,Pablo Maffeo,408.0,0.2219599999999997
2026-02-11,clausula,Libre,Lucas Beltr√°n,19.0,0.9784999999999999
2026-02-10,mercado,Jotabetrbb,Franco Mastantuono,15.0,-0.1039570000000003
2026-02-10,mercado,Jotabetrbb,Juli√°n √Ålvarez,2.0,-4.36947
2026-02-10,mercado,Dani,Fran Beltr√°n,222.0,0.051939999999999875
2026-02-10,mercado,Chamac√≥nicos,Flavien Boyomo,50.0,0.6594600000000002
2026-02-09,clausula,De la Guettir FC,Dani Olmo,3.0,10.071763
2026-02-09,mercado,Jotabetrbb,Rodrygo,15.0,-1.44956
2026-02-09,mercado,Jotabetrbb,Umar Sadiq,19.0,-0.32492999999999994
2026-02-09,mercado,Maldinillo üí•,Viktor Tsygankov,222.0,4.283580000000001
2026-02-09,mercado,Libre,Hugo Sotelo,5.0,-0.03876999999999997
2026-02-09,mercado,Libre,Jon Moncayola,50.0,-0.07910000000000039
2026-02-08,mercado,Maldinillo üí•,Coba da Costa,0.0,-0.21812
2026-02-08,mercado,Maldinillo üí•,Y√°ser Asprilla,0.0,0.024709999999999982
2026-02-08,mercado,Dani,Federico Vi√±as,1370.0,0.2657799999999999
2026-02-07,mercado,Maldinillo üí•,Aitor Paredes,1.0,0.027350000000000207
2026-02-07,mercado,Chamac√≥nicos,Aimar Oroz,50.0,0.9179999999999993
2026-02-05,mercado,Dani,Joan Garcia,3.0,-0.20432000000000272
2026-02-04,mercado,Maldinillo üí•,Giovani Lo Celso,4.0,0.10853000000000002
2026-02-03,mercado,Dani,Marc Casad√≥,3.0,-0.25775000000000015
2026-02-03,mercado,Dani,Jo√£o Cancelo,3.0,2.2917699999999996
2026-02-02,mercado,Maldinillo üí•,Koke,2.0,-4.572279999999999
2026-01-31,mercado,Dani,Jos√© Gim√©nez,2.0,0.4948100000000002
2026-01-31,mercado,Libre,Javi Mu√±oz,9.0,-0.04379999999999998
2026-01-31,mercado,Libre,√Ålvaro Carreras,15.0,-0.29868000000000094
2026-01-31,mercado,Libre,Jorge Herrando,50.0,-0.015020000000000033
2026-01-31,mercado,Libre,Iker Losada,12.0,0.15275000000000005
2026-01-29,mercado,Los marinero,√ìscar Mingueza,5.0,0.41999999999999993
2026-01-29,mercado,De la Guettir FC,Antoine Griezmann,2.0,0.0866119999999988
2026-01-29,clausula,Maldinillo üí•,Ferm√≠n L√≥pez,3.0,9.807000000000002
2026-01-29,mercado,Libre,Marc Aguado,23.0,1.7489399999999997
2026-01-29,clausula,Los marinero,Franco Mastantuono,15.0,1.834002
2026-01-29,clausula,Jotabetrbb,Dani Olmo,3.0,6.714509
2026-01-29,mercado,De la Guettir FC,√Ålvaro Garc√≠a,14.0,-2.907933
2026-01-29,mercado,De la Guettir FC,David Affengruber,23.0,1.9081599999999996
2026-01-29,mercado,Jotabetrbb,Gerard Mart√≠n,3.0,6.522020000000001
2026-01-27,mercado,Chamac√≥nicos,Ronald Ara√∫jo,3.0,0.7569400000000002
2026-01-27,clausula,Los marinero,Ra√∫l Asencio,15.0,5.340000000000001
2026-01-27,mercado,Jotabetrbb,Fernando Calero,8.0,3.1810500000000004
2026-01-27,mercado,Libre,V√≠ctor Parada,48.0,0.12446000000000002
2026-01-27,mercado,Libre,Pere Milla,8.0,0.6878800000000016
2026-01-27,mercado,Jotabetrbb,David Costas,1370.0,2.6211
2026-01-27,mercado,Jotabetrbb,Andr√© Almeida,19.0,2.12696
2026-01-27,mercado,Dani,Jes√∫s Areso,1.0,0.039240000000000164
2026-01-27,mercado,Dani,Andoni Gorosabel,1.0,-0.041800000000000004
2026-01-27,clausula,Los marinero,Filip Ugrinic,19.0,0.616
2026-01-27,mercado,Dani,Grady Diangana,23.0,0.05695
2026-01-27,acuerdo,Dani,Georges Mikautadze,20.0,-2.508603000000001
2026-01-27,mercado,Libre,Aur√©lien Tchouam√©ni,15.0,3.85008
2026-01-22,mercado,Dani,Arnau Mart√≠nez,222.0,0.38849
2026-01-22,mercado,Libre,Juan Foyth,20.0,-0.7786300000000015
2026-01-22,mercado,Los marinero,Carlos Soler,16.0,2.82292
2026-01-21,mercado,Libre,Kiko Femen√≠a,9.0,0.031079999999999997
2026-01-21,mercado,Libre,Alan Matturro,12.0,-0.019299999999999984
2026-01-20,mercado,Libre,Iv√°n Balliu,14.0,0.18325000000000002
2026-01-20,mercado,Los marinero,Sergi Cardona,20.0,-0.3565299999999998
2026-01-19,mercado,Dani,Mateu Morey,408.0,-0.05520999999999998
2026-01-19,mercado,Dani,C√©dric Bakambu,4.0,-0.54145
2026-01-19,mercado,Chamac√≥nicos,Nobel Mendy,14.0,4.7295
2026-01-19,mercado,Chamac√≥nicos,Antonio R√ºdiger,15.0,1.3965300000000003
2026-01-19,mercado,Jotabetrbb,Ayoze P√©rez,20.0,-12.334724999999999
2026-01-18,mercado,Libre,Adri√°n San Miguel,4.0,0.0023799999999999932
2026-01-17,clausula,Dani,Umar Sadiq,19.0,0.47230000000000005
2026-01-17,mercado,Libre,Mathew Ryan,12.0,2.452480999999999
2026-01-17,mercado,Libre,Joan Garcia,3.0,-0.5947200000000006
2026-01-17,mercado,Libre,Giacomo Raspadori,0.0,-0.0023299999999999987
2026-01-17,mercado,Libre,Kike Barja,50.0,-0.03816999999999998
2026-01-17,mercado,Dani,Daley Blind,222.0,0.35241999999999996
2026-01-17,mercado,Dani,Jos√© Gim√©nez,2.0,0.2197800000000001
2026-01-17,mercado,Dani,Alejandro Balde,3.0,0.24772000000000105
2026-01-16,clausula,De la Guettir FC,Thomas Lemar,222.0,0.655556
2026-01-15,mercado,Jotabetrbb,Rub√©n Vargas,17.0,-1.6103499999999995
2026-01-15,mercado,Dani,Alejandro Catena,50.0,0.8047199999999997
2026-01-15,mercado,Jotabetrbb,Nico Gonz√°lez,2.0,-0.9030399999999998
2026-01-13,mercado,Maldinillo üí•,√Ålex Berenguer,1.0,0.44284999999999997
2026-01-13,mercado,Los marinero,Thierry Correia,19.0,-0.8684499999999999
2026-01-12,mercado,Maldinillo üí•,V√≠ctor Garc√≠a,12.0,0.023049999999999987
2026-01-12,mercado,Dani,Santi Comesa√±a,20.0,2.9332899999999995
2026-01-12,mercado,Jotabetrbb,Batista Mendy,17.0,-0.6978
2026-01-11,mercado,Jotabetrbb,Conor Gallagher,2.0,0.11709999999999998
2026-01-10,mercado,Libre,Alexis S√°nchez,17.0,-0.24551999999999996
2026-01-10,mercado,Maldinillo üí•,Marcus Rashford,3.0,-0.44169000000000125
2026-01-10,mercado,Maldinillo üí•,Ante Budimir,50.0,0.41005
2026-01-09,mercado,Dani,Hugo Duro,19.0,0.433720000000001
2026-01-08,mercado,Jotabetrbb,Luis Rioja,19.0,-0.05414999999999992
2026-01-07,mercado,Dani,Martin Valjent,408.0,1.6867300000000003
2026-01-06,mercado,Maldinillo üí•,I√±aki Williams,1.0,-0.5302899999999999
2026-01-06,mercado,Maldinillo üí•,Kike Garc√≠a,8.0,0.76356
2026-01-06,acuerdo,Chamac√≥nicos,Ra√∫l Asencio,15.0,-0.5830000000000002
2026-01-06,mercado,Chamac√≥nicos,Javi Rueda,5.0,2.0282
2026-01-06,mercado,Chamac√≥nicos,Antonio Blanco,48.0,1.1959199999999992
2026-01-05,mercado,Jotabetrbb,Filip Ugrinic,19.0,0.13080000000000003
2026-01-05,mercado,Los marinero,Jos√© Luis Gay√†,19.0,-0.8437900000000003
2026-01-05,mercado,Los marinero,C√©sar Azpilicueta,17.0,-1.1503700000000001
2026-01-05,mercado,Dani,Jos√© Copete,19.0,1.3335899999999998
2026-01-05,mercado,Maldinillo üí•,Luiz J√∫nior,20.0,2.2564400000000004
2026-01-05,mercado,Maldinillo üí•,Matteo Ruggeri,2.0,-0.21957000000000004
2026-01-04,mercado,Dani,Jorge Cabello,12.0,-0.007739999999999997
2026-01-04,mercado,Dani,Yvan Neyou,9.0,-0.006400000000000017
2026-01-04,mercado,Dani,John Donald,23.0,0.008819999999999995
2026-01-04,mercado,Dani,Allan Nyom,9.0,-0.028319999999999984
2026-01-03,mercado,Libre,Arnau Mart√≠nez,222.0,-1.1014650000000001
2026-01-03,mercado,Libre,Mauro Arambarri,9.0,2.063460000000001
2026-01-03,mercado,Los marinero,Hector Fort,23.0,0.10720000000000018
2026-01-03,mercado,Maldinillo üí•,Isco,4.0,-5.2173099999999994
2026-01-02,mercado,Los marinero,Gabriel Suazo,17.0,-1.42815
2026-01-01,clausula,Jotabetrbb,C√©sar Azpilicueta,17.0,0.7000000000000002
2025-12-31,clausula,Dani,Thierry Correia,19.0,0.8305899999999999
2025-12-30,mercado,Maldinillo üí•,Mikel Jauregizar,1.0,0.21572000000000013
2025-12-30,clausula,Chamac√≥nicos,Gabriel Suazo,17.0,2.378
2025-12-30,mercado,Los marinero,Oihan Sancet,1.0,-0.17813999999999997
2025-12-30,clausula,MuchaSalsa,Koke,2.0,10.441001
2025-12-29,mercado,Maldinillo üí•,Alexander S√∏rloth,2.0,0.23741000000000057
2025-12-29,mercado,Maldinillo üí•,Ander Barrenetxea,16.0,0.4164300000000001
2025-12-29,mercado,Los marinero,D√°vid Hancko,2.0,-0.2777600000000007
2025-12-28,clausula,Maldinillo üí•,Pedri,3.0,30.14751
2025-12-28,clausula,Los marinero,Lamine Yamal,3.0,15.516855
2025-12-28,mercado,Maldinillo üí•,Robert Lewandowski,3.0,0.624130000000001
2025-12-27,mercado,Maldinillo üí•,Abel Bretones,50.0,-0.10221999999999998
2025-12-27,mercado,Dani,Marko Dmitroviƒá,8.0,0.3714999999999993
2025-12-26,mercado,Jotabetrbb,Iv√°n Mart√≠n,222.0,1.6669999999999998
2025-12-23,mercado,Libre,Abu Kamara,9.0,0.0009899999999999909
2025-12-23,mercado,Maldinillo üí•,Fran Garc√≠a,15.0,0.19230000000000003
2025-12-23,clausula,Chamac√≥nicos,Carl Starfelt,5.0,0.794
2025-12-23,mercado,Chamac√≥nicos,Manu S√°nchez,12.0,0.04600000000000026
2025-12-23,mercado,Jotabetrbb,Nico Gonz√°lez,2.0,0.1441599999999994
2025-12-22,mercado,Maldinillo üí•,Iv√°n Romero,12.0,-0.4873200000000004
2025-12-22,mercado,Dani,Nahuel Molina,2.0,-0.29024000000000005
2025-12-22,mercado,Libre,Jon Aramburu,16.0,1.25971
2025-12-21,mercado,Dani,√ìscar Mingueza,5.0,-0.31034000000000006
2025-12-21,mercado,Dani,Alexander S√∏rloth,2.0,0.0034200000000002007
2025-12-21,mercado,Jotabetrbb,Diego L√≥pez,19.0,1.20355
2025-12-20,mercado,Dani,Salom√≥n Rond√≥n,1370.0,0.024780000000000024
2025-12-20,mercado,Chamac√≥nicos,Fran P√©rez,14.0,-0.10555000000000003
2025-12-20,mercado,Chamac√≥nicos,David Alaba,15.0,0.030999
2025-12-19,acuerdo,De la Guettir FC,Iv√°n Romero,12.0,-1.2668
2025-12-19,clausula,Maldinillo üí•,Ayoze P√©rez,20.0,7.801105
2025-12-19,clausula,Jotabetrbb,Ferran Torres,3.0,17.448
2025-12-19,mercado,Chamac√≥nicos,Lucas Torr√≥,50.0,-0.06902000000000008
2025-12-19,mercado,Chamac√≥nicos,Ra√∫l Asencio,15.0,-0.0011900000000002464
2025-12-19,mercado,Dani,Dani Raba,19.0,-0.005599999999999994
2025-12-18,mercado,De la Guettir FC,Carlos √Ålvarez,12.0,0.3802310000000002
2025-12-18,mercado,Los marinero,Nacho Vidal,1370.0,-0.5846699999999998
2025-12-18,clausula,Dani,Hector Fort,23.0,0.70469
2025-12-17,mercado,Dani,Frenkie De Jong,3.0,-1.1780700000000017
2025-12-17,mercado,Chamac√≥nicos,Azzedine Ounahi,222.0,4.2877600000000005
2025-12-17,mercado,Dani,Eduardo Camavinga,15.0,0.09304999999999986
2025-12-17,mercado,De la Guettir FC,C√©sar Azpilicueta,17.0,-1.23497
2025-12-17,mercado,Chamac√≥nicos,Giovani Lo Celso,4.0,-2.096266
2025-12-17,mercado,Dani,Andrei Ra»õiu,14.0,3.4245099999999997
2025-12-16,mercado,Dani,Diego Morcillo,48.0,-0.013900000000000023
2025-12-15,mercado,Chamac√≥nicos,Marash Kumbulla,408.0,0.12448099999999998
2025-12-15,mercado,Maldinillo üí•,Be√±at Turrientes,16.0,-0.08750999999999998
2025-12-15,mercado,Maldinillo üí•,Salom√≥n Rond√≥n,1370.0,-0.037779999999999925
2025-12-14,mercado,Dani,Omar El Hilali,8.0,0.9628399999999999
2025-12-14,mercado,Dani,Thibaut Courtois,15.0,0.30367999999999995
2025-12-13,mercado,Chamac√≥nicos,Abel Bretones,50.0,0.8122000000000003
2025-12-13,mercado,Los marinero,Luis Rioja,19.0,-0.3783500000000002
2025-12-13,mercado,Dani,Luiz Felipe,14.0,-0.35557000000000005
2025-12-12,mercado,Maldinillo üí•,Arnau Mart√≠nez,222.0,1.4786399999999995
2025-12-12,acuerdo,Maldinillo üí•,Alexander S√∏rloth,2.0,0.7149099999999997
2025-12-12,clausula,Dani,Cucho Hern√°ndez,4.0,7.693990000000001
2025-12-12,mercado,Libre,C√©sar T√°rrega,19.0,0.5067899999999996
2025-12-12,mercado,Jotabetrbb,Jos√© √Ångel Carmona,17.0,0.1976799999999992
2025-12-12,mercado,Jotabetrbb,Dakonam Djen√©,9.0,1.3523
2025-12-11,mercado,Los marinero,Gon√ßalo Guedes,16.0,-1.6337460000000004
2025-12-11,mercado,Los marinero,Bryan Gil,222.0,-0.7431800000000002
2025-12-11,clausula,Dani,Rodrigo Riquelme,4.0,0.45326
2025-12-11,mercado,Maldinillo üí•,Juan Foyth,20.0,0.09241999999999884
2025-12-10,mercado,Maldinillo üí•,Etta Eyong,12.0,-0.0442499999999999
2025-12-10,mercado,Los marinero,Daniel Vivian,1.0,1.7514000000000003
2025-12-10,mercado,Los marinero,Sofyan Amrabat,4.0,0.1747809999999994
2025-12-10,mercado,Los marinero,Thierry Correia,19.0,0.016000000000000014
2025-12-10,mercado,Jotabetrbb,Jos√© Gim√©nez,2.0,-0.9254100000000003
2025-12-09,mercado,Dani,Thibaut Courtois,15.0,0.31782999999999895
2025-12-09,mercado,Chamac√≥nicos,Akor Adams,17.0,-0.3189199999999994
2025-12-09,mercado,Libre,Martim Neto,23.0,-0.012999999999999984
2025-12-09,clausula,Chamac√≥nicos,Valent√≠n G√≥mez,4.0,1.11375
2025-12-09,mercado,Chamac√≥nicos,Juan Iglesias,9.0,0.13949999999999996
2025-12-09,mercado,Jotabetrbb,Victor Mu√±oz,50.0,1.9525500000000005
2025-12-09,mercado,Los marinero,Matteo Ruggeri,2.0,-0.3892500000000001
2025-12-08,clausula,Dani,Antonio R√ºdiger,15.0,1.5354899999999998
2025-12-08,mercado,Maldinillo üí•,Jon Gorrotxategi,16.0,2.72833
2025-12-08,mercado,De la Guettir FC,Nicolas P√©p√©,20.0,-0.30668000000000006
2025-12-07,mercado,Dani,Gerard Moreno,20.0,1.6489910000000005
2025-12-07,mercado,Dani,Jeremy Toljan,12.0,-0.04383000000000026
2025-12-06,mercado,Maldinillo üí•,Federico Vi√±as,1370.0,1.4770400000000001
2025-12-06,mercado,Libre,Santiago Colombatto,1370.0,-0.38040000000000007
2025-12-06,mercado,Libre,Unai L√≥pez,14.0,0.12165999999999988
2025-12-06,acuerdo,Libre,Jon Gorrotxategi,16.0,0.26900000000000013
2025-12-05,clausula,Maldinillo üí•,Antonio R√ºdiger,15.0,1.02366
2025-12-05,clausula,Chamac√≥nicos,Djibril Sow,17.0,0.7679999999999999
2025-12-05,clausula,Los marinero,Valent√≠n G√≥mez,4.0,1.1335
2025-12-05,mercado,De la Guettir FC,Renato Veiga,20.0,2.4170669999999994
2025-12-04,mercado,Maldinillo üí•,Franco Mastantuono,15.0,-0.045099999999999696
2025-12-04,mercado,Dani,Trent Alexander-Arnold,15.0,0.9313599999999997
2025-12-04,mercado,Chamac√≥nicos,Jon Moncayola,50.0,0.2851999999999997
2025-12-04,mercado,Libre,√Ålvaro Carreras,15.0,0.7890599999999992
2025-12-03,mercado,Maldinillo üí•,Leander Dendoncker,1370.0,-0.19891999999999999
2025-12-03,mercado,Libre,Marcus Rashford,3.0,1.79772
2025-12-02,mercado,Dani,Borja Iglesias,5.0,-0.0228799999999989
2025-12-01,mercado,Maldinillo üí•,Lucas Bergstr√∂m,408.0,0.04583999999999988
2025-11-30,mercado,Libre,Youssef Enr√≠quez,48.0,1.11454
2025-11-30,mercado,Libre,Marcos Llorente,2.0,5.1217700000000015
2025-11-29,mercado,Dani,Jos√© Luis Gay√†,19.0,0.15601999999999983
2025-11-28,mercado,Jotabetrbb,Rub√©n Vargas,17.0,2.4510000000000005
2025-11-28,mercado,Jotabetrbb,Hora»õiu Moldovan,1370.0,-0.027130000000000015
2025-11-28,mercado,Jotabetrbb,Tanguy Nianzou,17.0,-0.8699199999999999
2025-11-28,mercado,Jotabetrbb,Abdel Abqar,9.0,-1.3435000000000001
2025-11-27,mercado,Los marinero,Pablo Garc√≠a,4.0,-0.39625
2025-11-27,mercado,Los marinero,Luka Suƒçiƒá,16.0,-0.050610000000000016
2025-11-27,mercado,Los marinero,Nemanja Gudelj,17.0,-0.39388
2025-11-26,mercado,Dani,Pablo Fornals,4.0,2.2210300000000007
2025-11-26,mercado,Chamac√≥nicos,H√©ctor Beller√≠n,4.0,2.7622400000000003
2025-11-26,mercado,Maldinillo üí•,Adri√°n de la Fuente,12.0,-0.08950000000000014
2025-11-25,mercado,Maldinillo üí•,Pablo Maffeo,408.0,3.6464999999999996
2025-11-25,mercado,Maldinillo üí•,Juan Foyth,20.0,2.752719999999999
2025-11-24,mercado,Maldinillo üí•,Moussa Diarra,48.0,-0.04885999999999999
2025-11-22,mercado,Dani,Clemens Riedel,8.0,3.5267700000000004
2025-11-22,mercado,Libre,Antonio Blanco,48.0,0.07234999999999925
2025-11-22,mercado,Dani,D√°vid Hancko,2.0,1.525170000000001
2025-11-22,mercado,Dani,Pepelu,19.0,0.8288099999999998
2025-11-21,mercado,Dani,Borja Mayoral,9.0,0.5724800000000005
2025-11-21,mercado,Maldinillo üí•,Rafa Mir,23.0,1.0399200000000004
2025-11-21,mercado,Chamac√≥nicos,√ç√±igo Lekue,1.0,-0.015460000000000002
2025-11-20,mercado,Maldinillo üí•,Mario Mart√≠n,9.0,0.8076719999999997
2025-11-20,clausula,Jotabetrbb,Matteo Ruggeri,2.0,0.5587500000000001
2025-11-20,mercado,Chamac√≥nicos,Viktor Tsygankov,222.0,0.4701599999999999
2025-11-20,mercado,De la Guettir FC,Nacho Vidal,1370.0,-0.07515699999999992
2025-11-19,mercado,Maldinillo üí•,Thiago Almada,2.0,1.2034000000000002
2025-11-19,mercado,Libre,Juan Iglesias,9.0,0.4932999999999996
2025-11-19,mercado,Libre,Jon Moncayola,50.0,1.6984700000000004
2025-11-19,mercado,Dani,Marc Bartra,4.0,2.2577499999999997
2025-11-18,mercado,Dani,Ronald Ara√∫jo,3.0,1.1309500000000003
2025-11-17,mercado,Chamac√≥nicos,Moi G√≥mez,50.0,0.35334999999999983
2025-11-17,mercado,Maldinillo üí•,Adri√°n Liso,9.0,0.33753999999999973
2025-11-16,mercado,Maldinillo üí•,Aymeric Laporte,1.0,1.6920000000000002
2025-11-14,mercado,Libre,Chidera Ejuke,17.0,-0.11416000000000004
2025-11-13,mercado,De la Guettir FC,Javi Gal√°n,2.0,-0.2247
2025-11-12,mercado,Libre,Pol Lozano,8.0,1.5137620000000003
2025-11-12,mercado,Libre,Roony Bardghji,3.0,0.8135599999999998
2025-11-12,mercado,Chamac√≥nicos,Pedro D√≠az,14.0,-0.3470000000000001
2025-11-12,clausula,Dani,Matteo Ruggeri,2.0,0.5216799999999999
2025-11-10,mercado,Los marinero,√ìscar Valent√≠n,14.0,0.5885500000000001
2025-11-08,mercado,Dani,Victor Chust,23.0,0.1658900000000001
2025-11-08,mercado,Chamac√≥nicos,Trent Alexander-Arnold,15.0,-0.29757999999999996
2025-11-08,mercado,De la Guettir FC,Adri√°n de la Fuente,12.0,-1.29576
2025-11-08,mercado,Libre,Goduine Koyalipou,12.0,-0.07445000000000002
2025-11-07,mercado,Maldinillo üí•,Paulo Gazzaniga,222.0,3.1014
2025-11-07,clausula,Dani,Andr√© Silva,23.0,4.30264
2025-11-07,mercado,MuchaSalsa,Borja Iglesias,5.0,1.06597
2025-11-07,mercado,Jotabetrbb,Marc Roca,4.0,-1.2475200000000002
2025-11-06,mercado,Libre,Yuri Berchiche,1.0,0.5575200000000002
2025-11-06,mercado,Dani,Nikola Mara≈°,48.0,0.05632000000000001
2025-11-06,mercado,Maldinillo üí•,Unai G√≥mez,1.0,0.03583999999999998
2025-11-05,mercado,Los marinero,Pau L√≥pez,4.0,-0.45650000000000013
2025-11-05,clausula,Chamac√≥nicos,Odysseas Vlachodimos,17.0,3.25
2025-11-05,mercado,Libre,Alejandro Rego,1.0,0.4416000000000001
2025-11-05,mercado,Libre,Samuel Costa,408.0,0.5579799999999997
2025-11-05,mercado,Los marinero,Pablo Torre,408.0,-0.13257999999999992
2025-11-05,mercado,Chamac√≥nicos,Georges Mikautadze,20.0,1.1656499999999994
2025-11-05,mercado,Chamac√≥nicos,Viktor Tsygankov,222.0,0.3698069999999998
2025-11-04,mercado,Maldinillo üí•,Nico Williams,1.0,0.13525000000000098
2025-11-04,clausula,Juanba,Abde Ezzalzouli,4.0,5.423592
2025-11-03,mercado,Maldinillo üí•,Ander Barrenetxea,16.0,0.33498999999999945
2025-11-02,mercado,Los marinero,Jos√© Copete,19.0,-0.5436749999999999
2025-11-02,mercado,Libre,Pau Navarro,20.0,-0.02356999999999998
2025-11-02,mercado,Libre,Filip Ugrinic,19.0,-0.04124
2025-11-01,mercado,Dani,Cristian Portu,222.0,-0.45899999999999996
2025-10-31,mercado,Dani,Rafa Mir,23.0,-1.8634149999999998
2025-10-31,mercado,Dani,Antonio Ra√≠llo,408.0,0.5739200000000002
2025-10-31,mercado,Maldinillo üí•,Thiago Almada,2.0,-0.3010800000000007
2025-10-31,mercado,Jotabetrbb,Eduardo Camavinga,15.0,0.3798199999999996
2025-10-31,clausula,Dani,Iv√°n Mart√≠n,222.0,1.64546
2025-11-01,mercado,Chamac√≥nicos,Yangel Herrera,16.0,0.8811600000000002
2025-10-30,mercado,Libre,Adri√°n San Miguel,4.0,0.0020799999999999985
,mercado,Libre,√Ålex Moreno,222.0,-0.22324999999999973
,mercado,Libre,Antoine Griezmann,2.0,-0.6041800000000013
,mercado,Jotabetrbb,Valent√≠n G√≥mez,4.0,-0.24560000000000004
,mercado,De la Guettir FC,Jon Pacheco,48.0,1.417027
,mercado,Libre,Kike Barja,50.0,-0.08697000000000002
,mercado,Jotabetrbb,Arnau Tenas,20.0,-2.0629
,mercado,Maldinillo üí•,Alexis S√°nchez,17.0,-0.7877190000000001
,mercado,Libre,Hugo Rinc√≥n,222.0,0.31039000000000005
,mercado,De la Guettir FC,Andreas Christensen,3.0,0.8408510000000002
,mercado,Libre,Igor Zubeldia,16.0,-0.2640600000000006
,mercado,Maldinillo üí•,Oihan Sancet,1.0,0.35427999999999926
,mercado,De la Guettir FC,Franco Mastantuono,15.0,-0.753400000000001
,mercado,Libre,Gabriel Suazo,17.0,1.7604439999999997
,mercado,Libre,Logan Costa,20.0,0.004949999999999982
,mercado,Dani,Omar Falah,1370.0,-0.08387
,mercado,Dani,David L√≥pez,408.0,-0.009089999999999987
,mercado,Dani,Aritz Elustondo,16.0,-0.19612999999999997
,acuerdo,Chamac√≥nicos,Marc Roca,4.0,0.5730000000000004
,acuerdo,Chamac√≥nicos,Eduardo Camavinga,15.0,0.5679999999999996
,mercado,Maldinillo üí•,Iago Aspas,5.0,-0.21289999999999942
,clausula,Jotabetrbb,Marc Roca,4.0,1.1234999999999997
,clausula,Dani,Jos√© Copete,19.0,0.40885499999999986
,clausula,MuchaSalsa,Cristian Portu,222.0,0.45699999999999996
,mercado,Maldinillo üí•,Unai L√≥pez,14.0,0.3732999999999995
,mercado,Maldinillo üí•,Tyrhys Dolan,8.0,-0.5449999999999999
,mercado,Libre,Iker Losada,12.0,0.0022999999999999965
,clausula,Chamac√≥nicos,Koke,2.0,2.166666
,mercado,Maldinillo üí•,Gorka Guruzeta,1.0,0.4268099999999999
,mercado,Maldinillo üí•,Carlos √Ålvarez,12.0,1.7019200000000003
,mercado,De la Guettir FC,Marc Bernal,3.0,-2.204111
,mercado,Los marinero,Batista Mendy,17.0,0.15144000000000002
,mercado,Libre,Luis Rioja,19.0,0.6782399999999997
,mercado,Los marinero,Ricardo Rodr√≠guez,4.0,0.8879199999999999
,mercado,Dani,Roger Brugu√©,12.0,-0.10313000000000005
,mercado,Dani,Manu S√°nchez,12.0,-0.37129999999999974
,mercado,Libre,Johan Mojica,408.0,-0.5242500000000003
,mercado,Libre,Mat√≠as Moreno,12.0,-0.05634000000000006
,mercado,Libre,Igor Zubeldia,16.0,0.10476000000000063
,mercado,Dani,Jeremy Toljan,12.0,0.7299300000000004
,acuerdo,Maldinillo üí•,Samuel Costa,408.0,1.508
,acuerdo,Maldinillo üí•,Jon Gorrotxategi,16.0,0.7639999999999998
,mercado,Dani,Omar El Hilali,8.0,1.2990399999999998
,mercado,Dani,Aitor Paredes,1.0,0.15552999999999972
,mercado,Chamac√≥nicos,Pere Milla,8.0,1.2496100000000006
,mercado,Chamac√≥nicos,Haissem Hassan,1370.0,0.8653200000000005
,acuerdo,Los marinero,Tyrhys Dolan,8.0,-1.612
,mercado,Maldinillo üí•,Alberto Moleiro,20.0,0.32093999999999934
,mercado,Chamac√≥nicos,Antonio Blanco,48.0,1.0549999999999997
,mercado,Libre,Alexander S√∏rloth,2.0,-2.03613
,clausula,Jotabetrbb,Clemens Riedel,8.0,0.5587500000000001
,mercado,Chamac√≥nicos,Antonio Sivera,48.0,0.2809500000000007
,mercado,Libre,Aur√©lien Tchouam√©ni,15.0,0.6340900000000005
,mercado,Dani,David Affengruber,23.0,1.7123100000000004
,mercado,Chamac√≥nicos,Iv√°n Balliu,14.0,-0.13494999999999996
,mercado,Jotabetrbb,L√©o P√©trot,23.0,-0.0826
,mercado,Maldinillo üí•,Pedro Bigas,23.0,0.3268999999999993
,clausula,Maldinillo üí•,Clemens Riedel,8.0,0.47204999999999997
,mercado,Libre,Mat√≠as Dituro,23.0,-1.0171999999999999
,mercado,Maldinillo üí•,C√©sar T√°rrega,19.0,0.18766999999999978
,mercado,Dani,Abel Ruiz,222.0,-0.010030000000000011
,mercado,Maldinillo üí•,Sergi Darder,408.0,0.41352999999999973
,mercado,Dani,Pablo Mart√≠nez,12.0,-0.051289999999999836
,mercado,Los marinero,Javi Guerra,19.0,-0.43123999999999985
,mercado,Los marinero,Diego Rico,9.0,-0.4501200000000001
,mercado,Dani,Be√±at Prados,1.0,-0.061829999999999996
,clausula,Dani,Abel Bretones,50.0,1.9149
,mercado,Maldinillo üí•,Flavien Boyomo,50.0,0.46592000000000056
,mercado,Libre,Andr√©s Castr√≠n,17.0,-0.2043400000000002
,mercado,Libre,Dani Parejo,20.0,-0.5376799999999999
,acuerdo,Dani,Abdel Abqar,9.0,0.20645000000000002
,mercado,MuchaSalsa,Luis Milla,9.0,0.8099500000000006
,mercado,Maldinillo üí•,Marcos Alonso,5.0,-0.11707000000000001
,mercado,Maldinillo üí•,Isaac Romero,17.0,-0.0033399999999996766
,clausula,Los marinero,Marc Roca,4.0,0.4475
,clausula,Jotabetrbb,Pablo Ib√°√±ez,48.0,1.4135
,mercado,Chamac√≥nicos,Lucas Boy√©,48.0,0.0046999999999999265
,clausula,Maldinillo üí•,Abde Ezzalzouli,4.0,2.601636
,mercado,Maldinillo üí•,Dani Carvajal,15.0,-1.7368609999999993
,mercado,Dani,Denis Su√°rez,48.0,-0.040429999999999966
,mercado,Los marinero,Leandro Cabrera,8.0,-0.048769999999999314
,mercado,Maldinillo üí•,Mikel Vesga,1.0,0.09698000000000007
,mercado,Los marinero,Mariano D√≠az,48.0,-1.0461600000000002
,mercado,Maldinillo üí•,Luka Ilic,1370.0,-0.07480999999999982
,mercado,Libre,Pichu Cu√©llar,408.0,-0.003160000000000024
,mercado,Libre,Kike Salas,17.0,-0.32564999999999955
,clausula,Maldinillo üí•,Rafa Mir,23.0,2.7570550000000003
,mercado,Chamac√≥nicos,Alejandro Catena,50.0,0.5293599999999996
,mercado,Jotabetrbb,Sergio Carreira,5.0,-0.04028799999999988
,clausula,Chamac√≥nicos,Valent√≠n G√≥mez,4.0,1.0
,mercado,Chamac√≥nicos,Marko Dmitroviƒá,8.0,0.22225000000000072
,clausula,Libre,Valent√≠n G√≥mez,4.0,0.5559700000000001
,mercado,Maldinillo üí•,Hugo Duro,19.0,0.382200000000001
,clausula,Los marinero,Tanguy Nianzou,17.0,0.34299999999999986
,mercado,Maldinillo üí•,Carles Ale√±√°,48.0,0.11752999999999947
,mercado,Los marinero,Gorka Guruzeta,1.0,-0.09356000000000009
,mercado,Maldinillo üí•,Jos√© Copete,19.0,-0.04592000000000018
,clausula,Chamac√≥nicos,Carlos Dominguez,5.0,0.5527500000000001
,acuerdo,Chamac√≥nicos,Aitor Fern√°ndez,50.0,-0.13226000000000002
,clausula,Maldinillo üí•,Bryan Gil,222.0,1.1303400000000003
,mercado,Maldinillo üí•,Javi Puado,8.0,-0.11036999999999964
,mercado,Los marinero,Be√±at Prados,1.0,-0.11599999999999999
