date,manager,periodo,jugador,precio,posicionJugador,puntosJugador,equipoLiga,avgPoints,estado
2025-10-29,Maldinillo 游눤,1d 8h,N. Williams,14.907,4.0,28.0,1.0,4.7,
2025-10-29,Jotabetrbb,1d 8h,F. Torres,14.378,4.0,55.0,3.0,6.1,
2025-10-29,Dani,1d 8h,V. Muriqi,11.945,4.0,47.0,408.0,5.2,
2025-10-29,Dani,1d 8h,R. Mir,6.776,4.0,47.0,23.0,4.7,
2025-10-29,Maldinillo 游눤,1d 8h,A. Barrenetxea,10.761,3.0,54.0,16.0,5.4,
2025-10-29,Jotabetrbb,1d 8h,E. Camavinga,6.075,3.0,19.0,15.0,3.2,
2025-10-29,Chamac칩nicos,1d 8h,Y. Herrera,2.579,3.0,6.0,16.0,1.5,
2025-10-29,Dani,1d 8h,C. Portu,0.86,3.0,26.0,222.0,2.6,
2025-10-29,Maldinillo 游눤,1d 8h,C. da Costa,0.622,3.0,20.0,9.0,2.5,
2025-10-29,Libre,1d 8h,A. Zakharyan,0.205,3.0,7.0,16.0,1.8,
2025-10-29,Libre,1d 8h,F. Ugrinic,0.17,3.0,8.0,19.0,2.0,
2025-10-29,Libre,1d 8h,A. Osambela,0.162,3.0,10.0,50.0,2.5,
2025-10-29,Dani,1d 8h,A. Ra칤llo,6.517,2.0,34.0,408.0,3.4,
2025-10-29,Jotabetrbb,1d 8h,A. Abqar,1.334,2.0,15.0,9.0,3.0,
2025-10-29,Libre,1d 8h,A. San Miguel,0.198,1.0,0.0,4.0,0.0,
2025-10-29,Libre,1d 8h,A. Iturbe,0.196,1.0,0.0,23.0,0.0,
2025-10-29,MuchaSalsa,8h 28m,B. Iglesias,12.117,4.0,57.0,5.0,5.7,
2025-10-29,De la Guettir FC,8h 28m,A. Danjuma,9.618,4.0,41.0,19.0,4.1,
2025-10-29,De la Guettir FC,8h 28m,V. Vanat,5.759,4.0,29.0,222.0,4.1,
2025-10-29,MuchaSalsa,8h 28m,A. Adams,2.401,4.0,30.0,17.0,3.8,
2025-10-29,Libre,8h 28m,U. Izeta,0.169,4.0,5.0,1.0,1.7,
2025-10-29,MuchaSalsa,8h 28m,I. Ruiz De Galarreta,9.806,3.0,37.0,1.0,4.1,
2025-10-29,Libre,8h 28m,P. Ciss,8.26,3.0,40.0,14.0,4.0,
2025-10-29,Libre,8h 28m,T. Almada,6.749,3.0,26.0,2.0,5.2,
2025-10-29,Libre,8h 28m,A. Blanco,5.131,3.0,37.0,48.0,4.1,
2025-10-29,Libre,8h 28m,T. Alexander-Arnold,5.9,2.0,10.0,15.0,2.5,
2025-10-29,De la Guettir FC,8h 28m,A. de la Fuente,2.691,2.0,26.0,12.0,2.9,
2025-10-29,Libre,8h 28m,K. Salas,2.585,2.0,17.0,17.0,4.3,
2025-10-29,Los marinero,8h 28m,T. Correia,0.996,2.0,9.0,19.0,1.8,
2025-10-29,Libre,8h 28m,N. Mara코,0.16,2.0,0.0,48.0,0.0,
2025-10-29,Libre,8h 28m,D. Soria,6.065,1.0,41.0,9.0,4.1,
2025-10-29,Libre,8h 28m,L. J칰nior,4.227,1.0,29.0,20.0,4.1,
2025-10-29,Libre,8h 28m,D. C치rdenas,0.201,1.0,0.0,14.0,0.0,
2025-10-30,Maldinillo 游눤,1d 15h,N. Williams,14.908,4.0,28.0,1.0,4.7,
2025-10-30,Jotabetrbb,1d 15h,F. Torres,14.451,4.0,55.0,3.0,6.1,
2025-10-30,Dani,1d 15h,V. Muriqi,12.006,4.0,47.0,408.0,5.2,
2025-10-30,De la Guettir FC,1d 15h,A. Danjuma,9.531,4.0,41.0,19.0,4.1,
2025-10-30,Dani,1d 15h,R. Mir,6.745,4.0,47.0,23.0,4.7,
2025-10-30,De la Guettir FC,1d 15h,V. Vanat,5.715,4.0,29.0,222.0,4.1,
2025-10-30,Maldinillo 游눤,1d 15h,T. Almada,6.813,3.0,26.0,2.0,5.2,
2025-10-30,Jotabetrbb,1d 15h,E. Camavinga,6.194,3.0,19.0,15.0,3.2,
2025-10-30,Dani,1d 15h,C. Portu,0.88,3.0,26.0,222.0,2.6,
2025-10-30,Libre,1d 15h,A. Osambela,0.16,3.0,10.0,50.0,2.5,
2025-10-30,Jotabetrbb,1d 15h,J. 츼ngel Carmona,6.868,2.0,42.0,17.0,4.7,
2025-10-30,Dani,1d 15h,A. Ra칤llo,6.611,2.0,34.0,408.0,3.4,
2025-10-30,Jotabetrbb,1d 15h,A. Abqar,1.286,2.0,15.0,9.0,3.0,
2025-10-30,MuchaSalsa,15h 13m,B. Iglesias,12.179,4.0,57.0,5.0,5.7,
2025-10-30,Libre,15h 13m,A. Silva,7.491,4.0,47.0,23.0,5.2,
2025-10-30,MuchaSalsa,15h 13m,A. Adams,2.438,4.0,30.0,17.0,3.8,
2025-10-30,Libre,15h 13m,A. Boayar,0.16,4.0,1.0,23.0,1.0,
2025-10-30,Maldinillo 游눤,15h 13m,A. Barrenetxea,10.828,3.0,54.0,16.0,5.4,
2025-10-30,MuchaSalsa,15h 13m,I. Ruiz De Galarreta,9.765,3.0,37.0,1.0,4.1,
2025-10-30,Chamac칩nicos,15h 13m,Y. Herrera,2.578,3.0,6.0,16.0,1.5,
2025-10-30,Libre,15h 13m,Y. Asprilla,1.56,3.0,23.0,222.0,2.6,
2025-10-30,Maldinillo 游눤,15h 13m,C. da Costa,0.603,3.0,20.0,9.0,2.5,
2025-10-30,Libre,15h 13m,I. Mu침oz,0.195,3.0,3.0,50.0,1.5,
2025-10-30,Libre,15h 13m,F. Ugrinic,0.187,3.0,8.0,19.0,2.0,
2025-10-30,Libre,15h 13m,L. Kourouma,0.167,3.0,2.0,222.0,0.7,
2025-10-30,Libre,15h 13m,I. Akhomach,0.16,3.0,12.0,20.0,2.4,
2025-10-30,Libre,15h 13m,P. Cubarsi,10.721,2.0,31.0,3.0,4.4,
2025-10-30,Chamac칩nicos,15h 13m,H. Beller칤n,5.921,2.0,43.0,4.0,4.3,
2025-10-30,MuchaSalsa,15h 13m,츼. N칰침ez,4.072,2.0,33.0,23.0,3.3,
2025-10-30,Los marinero,15h 13m,T. Correia,1.044,2.0,9.0,19.0,1.8,
2025-10-30,Libre,15h 13m,P. Navarro,0.21,2.0,7.0,20.0,3.5,
2025-10-30,Libre,15h 13m,I. Balliu,0.188,2.0,10.0,14.0,3.3,
2025-10-30,Libre,15h 13m,J. Gal치n,0.169,2.0,12.0,2.0,2.4,
2025-10-31,Dani,1d 9h,V. Muriqi,12.071,4.0,47.0,408.0,5.2,
2025-10-31,Maldinillo 游눤,1d 9h,A. Barrenetxea,10.885,3.0,54.0,16.0,5.4,
2025-10-31,Dani,1d 9h,C. Portu,0.912,3.0,26.0,222.0,2.6,
2025-10-31,Libre,1d 9h,F. Ugrinic,0.16,3.0,8.0,19.0,2.0,injury
2025-10-31,Libre,1d 9h,P. Navarro,0.181,2.0,7.0,20.0,3.5,
2025-10-31,Los marinero,1d 9h,L. Rom치n,8.746,1.0,50.0,408.0,5.0,injury
2025-10-31,Maldinillo 游눤,9h 16m,N. Williams,14.922,4.0,28.0,1.0,4.7,
2025-10-31,Jotabetrbb,9h 16m,F. Torres,14.52,4.0,55.0,3.0,6.1,
2025-10-31,MuchaSalsa,9h 16m,B. Iglesias,12.229,4.0,57.0,5.0,5.7,
2025-10-31,De la Guettir FC,9h 16m,A. Danjuma,9.514,4.0,41.0,19.0,4.1,
2025-10-31,De la Guettir FC,9h 16m,V. Vanat,5.69,4.0,29.0,222.0,4.1,
2025-10-31,Libre,9h 16m,K. Garc칤a,3.463,4.0,35.0,8.0,3.9,
2025-10-31,MuchaSalsa,9h 16m,A. Adams,2.476,4.0,30.0,17.0,3.8,
2025-10-31,MuchaSalsa,9h 16m,I. Ruiz De Galarreta,9.767,3.0,37.0,1.0,4.1,
2025-10-31,Libre,9h 16m,J. Moncayola,7.062,3.0,44.0,50.0,4.4,
2025-10-31,Libre,9h 16m,L. Rioja,5.762,3.0,35.0,19.0,3.5,
2025-10-31,Libre,9h 16m,B. D칤az,2.098,3.0,19.0,15.0,2.4,
2025-10-31,Libre,9h 16m,P. Torre,1.898,3.0,27.0,408.0,2.7,
2025-10-31,Libre,9h 16m,N. Gudelj,1.637,3.0,30.0,17.0,3.8,
2025-10-31,Maldinillo 游눤,9h 16m,C. da Costa,0.607,3.0,20.0,9.0,2.5,
2025-10-31,Libre,9h 16m,A. Osambela,0.16,3.0,10.0,50.0,2.5,
2025-10-31,Libre,9h 16m,D. Hancko,7.358,2.0,40.0,2.0,4.0,
2025-10-31,Jotabetrbb,9h 16m,J. 츼ngel Carmona,6.911,2.0,42.0,17.0,4.7,
2025-10-31,Chamac칩nicos,9h 16m,H. Beller칤n,5.961,2.0,43.0,4.0,4.3,
2025-10-31,MuchaSalsa,9h 16m,츼. N칰침ez,4.075,2.0,33.0,23.0,3.3,
2025-10-31,Jotabetrbb,9h 16m,A. Abqar,1.258,2.0,15.0,9.0,3.0,
2025-10-31,Libre,9h 16m,칈. Lekue,0.206,2.0,2.0,1.0,0.7,red
2025-10-31,Libre,9h 16m,P. L칩pez,5.134,1.0,33.0,4.0,4.7,
2025-10-31,Jotabetrbb,9h 16m,H. Moldovan,0.174,1.0,0.0,1370.0,0.0,
2025-10-31,Libre,9h 16m,C. Rivero,0.16,1.0,0.0,19.0,0.0,
2025-11-01,Maldinillo 游눤,1d 19h,N. Williams,14.92,4.0,28.0,1.0,4.7,
2025-11-01,Dani,1d 19h,V. Muriqi,12.079,4.0,47.0,408.0,5.2,
2025-11-01,Los marinero,1d 19h,P. Torre,1.84,3.0,27.0,408.0,2.7,
2025-11-01,Dani,1d 19h,D. Hancko,7.406,2.0,40.0,2.0,4.0,
2025-11-01,Libre,19h 5m,P. Garc칤a,0.56,4.0,18.0,4.0,3.0,
2025-11-01,Libre,19h 5m,R. Nteka,0.16,4.0,6.0,14.0,2.0,
2025-11-01,Maldinillo 游눤,19h 5m,A. Barrenetxea,10.899,3.0,54.0,16.0,5.4,
2025-11-01,Los marinero,19h 5m,B. Gil,1.499,3.0,18.0,222.0,2.3,
2025-11-01,Libre,19h 5m,A. Reina,1.028,3.0,30.0,1370.0,3.3,
2025-11-01,Libre,19h 5m,F. Ugrinic,0.16,3.0,8.0,19.0,2.0,injury
2025-11-01,Libre,19h 5m,A. Catena,9.862,2.0,43.0,50.0,4.3,
2025-11-01,Libre,19h 5m,A. Laporte,8.872,2.0,25.0,1.0,4.2,
2025-11-01,Libre,19h 5m,J. Foyth,7.172,2.0,29.0,20.0,4.8,
2025-11-01,Chamac칩nicos,19h 5m,H. Beller칤n,5.99,2.0,43.0,4.0,4.3,
2025-11-01,Libre,19h 5m,D. 캕aleta-Car,3.604,2.0,25.0,16.0,3.1,
2025-11-01,Libre,19h 5m,M. Rubio,0.673,2.0,22.0,8.0,5.5,
2025-11-01,Libre,19h 5m,M. Ruggeri,0.636,2.0,18.0,2.0,3.0,
2025-11-01,Libre,19h 5m,P. Navarro,0.168,2.0,7.0,20.0,3.5,
2025-11-01,Libre,19h 5m,Davinchi,0.16,2.0,19.0,9.0,2.7,injury
2025-11-02,Maldinillo 游눤,1d 11h,N. Williams,14.884,4.0,29.0,1.0,4.1,
2025-11-02,Dani,1d 11h,V. Muriqi,12.087,4.0,47.0,408.0,5.2,
2025-11-02,Maldinillo 游눤,1d 11h,A. Barrenetxea,10.894,3.0,57.0,16.0,5.2,
2025-11-02,Dani,1d 11h,D. Hancko,7.483,2.0,45.0,2.0,4.1,
2025-11-02,Chamac칩nicos,1d 11h,T. Alexander-Arnold,6.218,2.0,10.0,15.0,2.5,
2025-11-02,De la Guettir FC,1d 11h,S. Cardona,6.445,2.0,35.0,20.0,3.9,
2025-11-02,De la Guettir FC,1d 11h,A. de la Fuente,2.367,2.0,28.0,12.0,2.8,
2025-11-02,De la Guettir FC,1d 11h,I. Pe침a,4.807,1.0,22.0,23.0,4.4,
2025-11-02,Libre,11h 22m,I. Williams,6.555,4.0,22.0,1.0,2.4,injury
2025-11-02,MuchaSalsa,11h 22m,A. Adams,2.48,4.0,33.0,17.0,3.7,
2025-11-02,Libre,11h 22m,D. Raba,1.599,4.0,19.0,19.0,2.4,
2025-11-02,Libre,11h 22m,Alem칚o,1.388,4.0,25.0,14.0,3.1,
2025-11-02,Libre,11h 22m,J. Jim칠nez,0.198,4.0,1.0,9.0,1.0,
2025-11-02,Libre,11h 22m,S. Costa,4.672,3.0,31.0,408.0,3.9,
2025-11-02,Los marinero,11h 22m,P. Torre,1.776,3.0,27.0,408.0,2.7,
2025-11-02,Libre,11h 22m,P. Mart칤nez,1.817,3.0,26.0,12.0,2.9,injury
2025-11-02,Los marinero,11h 22m,N. Gudelj,1.689,3.0,33.0,17.0,3.7,
2025-11-02,Libre,11h 22m,M. Aguado,0.79,3.0,25.0,23.0,2.8,
2025-11-02,Libre,11h 22m,A. Osambela,0.197,3.0,10.0,50.0,2.5,
2025-11-02,Los marinero,11h 22m,D. Vivian,7.07,2.0,31.0,1.0,3.1,
2025-11-02,MuchaSalsa,11h 22m,츼. N칰침ez,3.946,2.0,33.0,23.0,3.3,
2025-11-02,Libre,11h 22m,D. Costas,0.253,2.0,16.0,1370.0,3.2,
2025-11-02,Libre,11h 22m,F. Mendy,0.21,2.0,0.0,15.0,0.0,
2025-11-02,Libre,11h 22m,O. Vlachodimos,5.199,1.0,38.0,17.0,5.4,
2025-11-02,Libre,11h 22m,A. Iturbe,0.167,1.0,0.0,23.0,0.0,
2025-11-03,Maldinillo 游눤,1d 20h,N. Williams,14.821,4.0,29.0,1.0,4.1,
2025-11-03,Los marinero,1d 20h,P. Torre,1.714,3.0,30.0,408.0,2.7,
2025-11-03,MuchaSalsa,20h 39m,B. Iglesias,12.248,4.0,59.0,5.0,5.4,
2025-11-03,Dani,20h 39m,V. Muriqi,12.102,4.0,49.0,408.0,4.9,
2025-11-03,Chamac칩nicos,20h 39m,G. Mikautadze,10.561,4.0,33.0,20.0,4.7,
2025-11-03,Dani,20h 39m,A. Silva,7.93,4.0,50.0,23.0,5.0,
2025-11-03,Libre,20h 39m,G. Koyalipou,0.541,4.0,22.0,12.0,3.1,
2025-11-03,Chamac칩nicos,20h 39m,G. Lo Celso,14.556,3.0,56.0,4.0,5.6,
2025-11-03,Libre,20h 39m,O. Sancet,9.917,3.0,22.0,1.0,2.4,
2025-11-03,Libre,20h 39m,D. Ceballos,2.886,3.0,26.0,15.0,3.3,
2025-11-03,Libre,20h 39m,J. Mu침oz,0.207,3.0,9.0,9.0,2.3,
2025-11-03,Libre,20h 39m,J. Ander Olasagasti,0.196,3.0,19.0,12.0,2.4,
2025-11-03,Libre,20h 39m,I. Mu침oz,0.165,3.0,3.0,50.0,1.5,
2025-11-03,Dani,20h 39m,D. Hancko,7.572,2.0,45.0,2.0,4.1,
2025-11-03,Chamac칩nicos,20h 39m,T. Alexander-Arnold,6.288,2.0,10.0,15.0,2.5,
2025-11-03,De la Guettir FC,20h 39m,S. Cardona,6.338,2.0,35.0,20.0,3.9,
2025-11-03,Libre,20h 39m,V. Chust,3.43,2.0,30.0,23.0,3.8,
2025-11-03,Libre,20h 39m,D. Djen칠,2.766,2.0,34.0,9.0,3.1,
2025-11-03,De la Guettir FC,20h 39m,A. de la Fuente,2.266,2.0,28.0,12.0,2.8,
2025-11-03,Libre,20h 39m,J. Aidoo,0.192,2.0,1.0,5.0,1.0,
2025-11-03,Chamac칩nicos,20h 39m,S. Herrera,8.783,1.0,43.0,50.0,4.3,
2025-11-03,Libre,20h 39m,L. Rom치n,8.352,1.0,50.0,408.0,5.0,injury
2025-11-03,Los marinero,20h 39m,P. L칩pez,5.125,1.0,33.0,4.0,4.7,
2025-11-03,De la Guettir FC,20h 39m,I. Pe침a,4.947,1.0,26.0,23.0,4.3,
2025-11-04,Dani,1d 20h,V. Muriqi,12.109,4.0,49.0,408.0,4.9,
2025-11-04,Dani,1d 20h,A. Silva,8.044,4.0,50.0,23.0,5.0,
2025-11-04,Maldinillo 游눤,1d 20h,U. G칩mez,0.192,3.0,10.0,1.0,2.0,
2025-11-04,Dani,1d 20h,D. Hancko,7.668,2.0,45.0,2.0,4.1,
2025-11-04,Dani,1d 20h,V. Chust,3.433,2.0,30.0,23.0,3.8,
2025-11-04,Dani,1d 20h,C. Riedel,3.186,2.0,27.0,8.0,4.5,
2025-11-04,MuchaSalsa,20h 39m,B. Iglesias,12.215,4.0,59.0,5.0,5.4,
2025-11-04,Chamac칩nicos,20h 39m,G. Mikautadze,10.48,4.0,33.0,20.0,4.7,
2025-11-04,Libre,20h 39m,A. S칮rloth,6.801,4.0,20.0,2.0,2.0,
2025-11-04,Libre,20h 39m,R. Mir,6.69,4.0,58.0,23.0,5.3,
2025-11-04,MuchaSalsa,20h 39m,A. Adams,2.426,4.0,33.0,17.0,3.7,
2025-11-04,MuchaSalsa,20h 39m,I. Ruiz De Galarreta,9.962,3.0,40.0,1.0,4.0,
2025-11-04,Libre,20h 39m,S. Altimira,7.006,3.0,31.0,4.0,4.4,
2025-11-04,Libre,20h 39m,S. Costa,4.523,3.0,34.0,408.0,3.8,
2025-11-04,Chamac칩nicos,20h 39m,V. Tsygankov,3.647,3.0,12.0,222.0,2.4,
2025-11-04,Libre,20h 39m,J. Guerra,3.773,3.0,33.0,19.0,3.0,
2025-11-04,Los marinero,20h 39m,P. Torre,1.658,3.0,30.0,408.0,2.7,
2025-11-04,Jotabetrbb,20h 39m,M. Roca,1.566,3.0,14.0,4.0,2.3,
2025-11-04,Libre,20h 39m,A. Rego,0.939,3.0,23.0,1.0,3.8,
2025-11-04,Libre,20h 39m,A. Osambela,0.199,3.0,10.0,50.0,2.5,
2025-11-04,Libre,20h 39m,K. Sibo,0.17,3.0,15.0,1370.0,2.5,
2025-11-04,Chamac칩nicos,20h 39m,J. Kound칠,11.703,2.0,42.0,3.0,3.8,
2025-11-04,Chamac칩nicos,20h 39m,T. Alexander-Arnold,6.363,2.0,10.0,15.0,2.5,
2025-11-04,Libre,20h 39m,C. Azpilicueta,2.229,2.0,26.0,17.0,3.7,
2025-11-04,Libre,20h 39m,A. Ruibal,1.639,2.0,32.0,4.0,4.0,
2025-11-04,Libre,20h 39m,J. Martin,0.639,2.0,13.0,16.0,4.3,
2025-11-04,Chamac칩nicos,20h 39m,S. Herrera,8.772,1.0,51.0,50.0,4.6,
2025-11-04,Los marinero,20h 39m,P. L칩pez,5.106,1.0,33.0,4.0,4.7,
2025-11-04,Libre,20h 39m,J. Letacek,0.193,1.0,0.0,9.0,0.0,
2025-11-04,Libre,20h 39m,A. San Miguel,0.16,1.0,0.0,4.0,0.0,
2025-11-05,Maldinillo 游눤,1d 20h,A. Laporte,9.411,2.0,27.0,1.0,3.9,
2025-11-05,Chamac칩nicos,1d 20h,T. Alexander-Arnold,6.463,2.0,10.0,15.0,2.5,
2025-11-05,Chamac칩nicos,1d 20h,S. Herrera,8.849,1.0,51.0,50.0,4.6,
2025-11-05,Libre,20h 41m,N. P칠p칠,15.024,4.0,64.0,20.0,5.8,
2025-11-05,De la Guettir FC,20h 41m,A. Danjuma,9.07,4.0,43.0,19.0,3.9,
2025-11-05,Dani,20h 41m,A. Silva,8.191,4.0,50.0,23.0,5.0,
2025-11-05,Libre,20h 41m,Rodrygo,6.076,4.0,23.0,15.0,2.6,
2025-11-05,De la Guettir FC,20h 41m,V. Vanat,5.278,4.0,31.0,222.0,3.9,
2025-11-05,Libre,20h 41m,R. Bardghji,3.24,4.0,22.0,3.0,3.1,
2025-11-05,Libre,20h 41m,G. Koyalipou,0.521,4.0,22.0,12.0,3.1,
2025-11-05,Los marinero,20h 41m,P. Garc칤a,0.39,4.0,20.0,4.0,2.9,
2025-11-05,Libre,20h 41m,L. Milla,13.459,3.0,63.0,9.0,5.7,
2025-11-05,Los marinero,20h 41m,칍. Valent칤n,2.031,3.0,28.0,14.0,3.1,
2025-11-05,Libre,20h 41m,M. Mart칤n,1.833,3.0,44.0,9.0,4.0,
2025-11-05,Jotabetrbb,20h 41m,M. Roca,1.513,3.0,14.0,4.0,2.3,
2025-11-05,Maldinillo 游눤,20h 41m,U. G칩mez,0.17,3.0,10.0,1.0,2.0,
2025-11-05,Libre,20h 41m,P. Fern치ndez,0.177,3.0,21.0,17.0,2.6,
2025-11-05,Libre,20h 41m,J. Mu침oz,0.19,3.0,9.0,9.0,2.3,
2025-11-05,Libre,20h 41m,S. Cazorla,0.16,3.0,19.0,1370.0,2.7,doubt
2025-11-05,Dani,20h 41m,D. Hancko,7.784,2.0,45.0,2.0,4.1,
2025-11-05,Libre,20h 41m,Y. Berchiche,6.521,2.0,35.0,1.0,3.2,doubt
2025-11-05,Dani,20h 41m,V. Chust,3.444,2.0,30.0,23.0,3.8,
2025-11-05,Dani,20h 41m,C. Riedel,3.308,2.0,27.0,8.0,4.5,
2025-11-05,Libre,20h 41m,R. Asencio,2.673,2.0,22.0,15.0,3.7,
2025-11-05,Libre,20h 41m,J. Pacheco,1.18,2.0,22.0,48.0,3.7,injury
2025-11-05,Libre,20h 41m,M. Ruggeri,0.556,2.0,22.0,2.0,3.1,
2025-11-05,Dani,20h 41m,N. Mara코,0.183,2.0,0.0,48.0,0.0,
2025-11-05,Juanba,20h 41m,R. Mart칤nez,0.179,2.0,4.0,17.0,2.0,
2025-11-05,Juanba,20h 41m,I. Radu,10.17,1.0,57.0,5.0,5.2,doubt
2025-11-05,Libre,20h 41m,A. San Miguel,0.174,1.0,0.0,4.0,0.0,
2025-11-06,Dani,1d 20h,V. Muriqi,12.147,4.0,49.0,408.0,4.9,
2025-11-06,Dani,1d 20h,D. Hancko,7.916,2.0,45.0,2.0,4.1,
2025-11-06,Dani,1d 20h,C. Riedel,3.435,2.0,27.0,8.0,4.5,
2025-11-06,MuchaSalsa,20h 41m,B. Iglesias,12.186,4.0,59.0,5.0,5.4,
2025-11-06,Dani,20h 41m,A. Silva,8.341,4.0,50.0,23.0,5.0,
2025-11-06,Libre,20h 41m,A. Febas,9.107,3.0,49.0,23.0,4.5,
2025-11-06,Libre,20h 41m,T. Almada,7.608,3.0,37.0,2.0,6.2,
2025-11-06,Jotabetrbb,20h 41m,M. Roca,1.466,3.0,14.0,4.0,2.3,
2025-11-06,Maldinillo 游눤,20h 41m,C. da Costa,0.515,3.0,22.0,9.0,2.4,
2025-11-06,Libre,20h 41m,J. Jordan,0.171,3.0,0.0,17.0,0.0,doubt
2025-11-06,Libre,20h 41m,A. Osambela,0.16,3.0,10.0,50.0,2.5,
2025-11-06,Maldinillo 游눤,20h 41m,A. Laporte,9.57,2.0,27.0,1.0,3.9,
2025-11-06,Chamac칩nicos,20h 41m,T. Alexander-Arnold,6.571,2.0,10.0,15.0,2.5,
2025-11-06,Libre,20h 41m,S. G칩mez,6.418,2.0,38.0,16.0,3.5,
2025-11-06,Maldinillo 游눤,20h 41m,P. Maffeo,3.697,2.0,30.0,408.0,4.3,
2025-11-06,Dani,20h 41m,V. Chust,3.456,2.0,30.0,23.0,3.8,
2025-11-06,Libre,20h 41m,N. Vidal,0.778,2.0,21.0,1370.0,2.6,
2025-11-06,Libre,20h 41m,U. Elgezabal,0.491,2.0,20.0,12.0,2.5,
2025-11-06,Libre,20h 41m,I. Balliu,0.179,2.0,12.0,14.0,3.0,
2025-11-06,Libre,20h 41m,Davinchi,0.16,2.0,19.0,9.0,2.7,injury
2025-11-06,Chamac칩nicos,20h 41m,S. Herrera,8.954,1.0,51.0,50.0,4.6,
2025-11-06,Libre,20h 41m,L. J칰nior,4.789,1.0,35.0,20.0,4.4,
2025-11-06,Libre,20h 41m,L. Bergstr칬m,0.51,1.0,4.0,408.0,4.0,
2025-11-07,Dani,20h 41m,V. Muriqi,12.202,4.0,49.0,408.0,4.9,
2025-11-07,Libre,20h 41m,H. Duro,6.724,4.0,34.0,19.0,3.1,
2025-11-07,Libre,20h 41m,R. Bardghji,3.098,4.0,22.0,3.0,3.1,
2025-11-07,Libre,20h 41m,G. Koyalipou,0.492,4.0,22.0,12.0,3.1,
2025-11-07,Libre,20h 41m,A. Liso,5.803,3.0,49.0,9.0,6.1,
2025-11-07,Libre,20h 41m,Pepelu,5.246,3.0,22.0,19.0,2.4,
2025-11-07,Los marinero,20h 41m,칍. Valent칤n,2.011,3.0,28.0,14.0,3.1,
2025-11-07,Libre,20h 41m,Y. Asprilla,1.13,3.0,23.0,222.0,2.6,
2025-11-07,Libre,20h 41m,P. D칤az,0.979,3.0,31.0,14.0,2.8,
2025-11-07,Libre,20h 41m,C. Ejuke,0.55,3.0,18.0,17.0,2.3,
2025-11-07,Maldinillo 游눤,20h 41m,C. da Costa,0.514,3.0,22.0,9.0,2.4,
2025-11-07,Libre,20h 41m,Y. Santiago,0.16,3.0,2.0,23.0,2.0,
2025-11-07,Maldinillo 游눤,20h 41m,A. Laporte,9.734,2.0,27.0,1.0,3.9,
2025-11-07,Dani,20h 41m,D. Hancko,8.043,2.0,45.0,2.0,4.1,
2025-11-07,MuchaSalsa,20h 41m,P. Bigas,7.127,2.0,47.0,23.0,4.7,doubt
2025-11-07,Chamac칩nicos,20h 41m,H. Beller칤n,6.484,2.0,50.0,4.0,4.5,
2025-11-07,Chamac칩nicos,20h 41m,T. Alexander-Arnold,6.675,2.0,10.0,15.0,2.5,
2025-11-07,Maldinillo 游눤,20h 41m,P. Maffeo,3.843,2.0,30.0,408.0,4.3,
2025-11-07,Dani,20h 41m,V. Chust,3.474,2.0,30.0,23.0,3.8,
2025-11-07,Dani,20h 41m,C. Riedel,3.57,2.0,27.0,8.0,4.5,
2025-11-07,De la Guettir FC,20h 41m,A. de la Fuente,1.997,2.0,28.0,12.0,2.8,
2025-11-07,Libre,20h 41m,A. Elustondo,0.183,2.0,4.0,16.0,1.3,
2025-11-07,Libre,20h 41m,D. Alaba,0.16,2.0,6.0,15.0,2.0,doubt
2025-11-07,Chamac칩nicos,20h 41m,S. Herrera,9.055,1.0,51.0,50.0,4.6,
2025-11-07,Libre,20h 41m,C. Rivero,0.183,1.0,0.0,19.0,0.0,
2025-11-07,Libre,20h 41m,A. San Miguel,0.16,1.0,0.0,4.0,0.0,
2025-11-08,Los marinero,1d 20h,칍. Valent칤n,1.985,3.0,28.0,14.0,3.1,
2025-11-08,Maldinillo 游눤,1d 20h,C. da Costa,0.494,3.0,22.0,9.0,2.4,
2025-11-08,Maldinillo 游눤,1d 20h,B. Turrientes,0.16,3.0,20.0,16.0,3.3,
2025-11-08,MuchaSalsa,1d 20h,P. Bigas,7.01,2.0,47.0,23.0,4.7,injury
2025-11-08,Dani,20h 42m,V. Muriqi,12.193,4.0,49.0,408.0,4.9,
2025-11-08,Libre,20h 42m,D. Raba,1.281,4.0,19.0,19.0,2.4,
2025-11-08,Libre,20h 42m,G. Raspadori,0.16,4.0,11.0,2.0,1.6,
2025-11-08,Libre,20h 42m,A. Baena,15.391,3.0,33.0,2.0,5.5,
2025-11-08,Libre,20h 42m,C. 츼lvarez,7.485,3.0,50.0,12.0,4.5,
2025-11-08,Libre,20h 42m,L. Agoum칠,6.741,3.0,40.0,17.0,4.4,injury
2025-11-08,Los marinero,20h 42m,B. Gil,1.334,3.0,18.0,222.0,2.3,
2025-11-08,Libre,20h 42m,Y. Asprilla,1.089,3.0,23.0,222.0,2.6,
2025-11-08,Libre,20h 42m,J. Mu침oz,0.164,3.0,9.0,9.0,2.3,
2025-11-08,Libre,20h 42m,L. Beltr치n,0.16,3.0,11.0,19.0,1.4,
2025-11-08,Libre,20h 42m,Y. Santiago,0.16,3.0,2.0,23.0,2.0,
2025-11-08,Dani,20h 42m,D. Hancko,8.129,2.0,45.0,2.0,4.1,
2025-11-08,Libre,20h 42m,R. Veiga,6.989,2.0,32.0,20.0,3.2,
2025-11-08,Chamac칩nicos,20h 42m,H. Beller칤n,6.57,2.0,50.0,4.0,4.5,
2025-11-08,Dani,20h 42m,C. Riedel,3.68,2.0,27.0,8.0,4.5,
2025-11-08,Dani,20h 42m,M. Ruggeri,0.639,2.0,22.0,2.0,3.1,
2025-11-08,Libre,20h 42m,I. Balliu,0.174,2.0,12.0,14.0,3.0,
2025-11-08,Chamac칩nicos,20h 42m,S. Herrera,9.142,1.0,51.0,50.0,4.6,
2025-11-08,Libre,20h 42m,칒. Nyland,0.301,1.0,12.0,17.0,3.0,
2025-11-09,Dani,1d 20h,V. Muriqi,12.175,4.0,49.0,408.0,4.9,
2025-11-09,Dani,1d 20h,Pepelu,5.32,3.0,22.0,19.0,2.4,
2025-11-09,Dani,1d 20h,D. Hancko,8.223,2.0,49.0,2.0,4.1,
2025-11-09,Dani,1d 20h,C. Riedel,3.796,2.0,27.0,8.0,4.5,
2025-11-09,Dani,1d 20h,M. Ruggeri,0.67,2.0,26.0,2.0,3.3,
2025-11-09,Chamac칩nicos,20h 42m,J. 츼lvarez,20.249,4.0,76.0,2.0,6.3,
2025-11-09,De la Guettir FC,20h 42m,N. P칠p칠,15.023,4.0,67.0,20.0,5.6,
2025-11-09,De la Guettir FC,20h 42m,V. Vanat,5.077,4.0,33.0,222.0,3.7,
2025-11-09,Libre,20h 42m,P. Dur치n,1.571,4.0,36.0,5.0,4.0,
2025-11-09,Libre,20h 42m,U. Izeta,0.16,4.0,5.0,1.0,1.7,
2025-11-09,Chamac칩nicos,20h 42m,G. Lo Celso,15.07,3.0,56.0,4.0,5.6,
2025-11-09,MuchaSalsa,20h 42m,I. Ruiz De Galarreta,9.984,3.0,40.0,1.0,4.0,
2025-11-09,Libre,20h 42m,D. Ceballos,2.732,3.0,26.0,15.0,3.3,
2025-11-09,Los marinero,20h 42m,칍. Valent칤n,1.946,3.0,28.0,14.0,3.1,
2025-11-09,Maldinillo 游눤,20h 42m,C. da Costa,0.427,3.0,22.0,9.0,2.4,
2025-11-09,Maldinillo 游눤,20h 42m,B. Turrientes,0.183,3.0,20.0,16.0,3.3,
2025-11-09,Libre,20h 42m,A. S치nchez,0.16,3.0,12.0,408.0,1.5,
2025-11-09,Libre,20h 42m,R. Ara칰jo,9.266,2.0,48.0,3.0,5.3,
2025-11-09,MuchaSalsa,20h 42m,P. Bigas,6.868,2.0,47.0,23.0,4.7,injury
2025-11-09,De la Guettir FC,20h 42m,S. Cardona,5.777,2.0,37.0,20.0,3.7,
2025-11-09,Libre,20h 42m,D. Blind,3.837,2.0,38.0,222.0,3.2,
2025-11-09,Libre,20h 42m,U. Egiluz,0.16,2.0,0.0,1.0,0.0,injury
2025-11-09,Libre,20h 42m,P. Espino,0.16,2.0,20.0,14.0,2.9,
2025-11-09,Libre,20h 42m,D. Calvo,0.16,2.0,19.0,1370.0,3.2,
2025-11-09,Libre,20h 42m,A. Sivera,7.83,1.0,54.0,48.0,4.5,
2025-11-10,De la Guettir FC,1d 20h,S. Cardona,5.659,2.0,37.0,20.0,3.7,
2025-11-10,Chamac칩nicos,20h 41m,J. 츼lvarez,20.255,4.0,76.0,2.0,6.3,
2025-11-10,Dani,20h 41m,V. Muriqi,12.21,4.0,59.0,408.0,5.4,
2025-11-10,Libre,20h 41m,T. Asano,0.248,4.0,23.0,408.0,3.3,
2025-11-10,Libre,20h 41m,E. 츼vila,0.19,4.0,4.0,4.0,1.0,
2025-11-10,Chamac칩nicos,20h 41m,G. Lo Celso,15.085,3.0,59.0,4.0,5.4,
2025-11-10,Dani,20h 41m,Pepelu,5.362,3.0,27.0,19.0,2.7,
2025-11-10,Libre,20h 41m,M. G칩mez,4.819,3.0,37.0,50.0,3.7,
2025-11-10,Libre,20h 41m,B. Prados,0.181,3.0,4.0,1.0,2.0,injury
2025-11-10,Maldinillo 游눤,20h 41m,B. Turrientes,0.16,3.0,20.0,16.0,3.3,
2025-11-10,Libre,20h 41m,D. van de Beek,0.16,3.0,4.0,222.0,2.0,injury
2025-11-10,Libre,20h 41m,P. Chavarr칤a,10.591,2.0,63.0,14.0,5.3,
2025-11-10,Dani,20h 41m,D. Hancko,8.317,2.0,49.0,2.0,4.1,
2025-11-10,Libre,20h 41m,A. Ra탵iu,6.872,2.0,48.0,14.0,4.0,
2025-11-10,Libre,20h 41m,J. Iglesias,5.642,2.0,49.0,9.0,4.5,
2025-11-10,Dani,20h 41m,C. Riedel,3.895,2.0,27.0,8.0,4.5,
2025-11-10,Libre,20h 41m,J. Rueda,2.691,2.0,38.0,5.0,5.4,injury
2025-11-10,Dani,20h 41m,M. Ruggeri,0.703,2.0,26.0,2.0,3.3,
2025-11-10,Libre,20h 41m,M. Diarra,0.16,2.0,5.0,48.0,1.7,
2025-11-10,De la Guettir FC,20h 41m,I. Pe침a,5.199,1.0,26.0,23.0,4.3,
2025-11-11,De la Guettir FC,1d 20h,N. P칠p칠,14.954,4.0,67.0,20.0,5.6,
2025-11-11,De la Guettir FC,1d 20h,A. Baena,15.537,3.0,40.0,2.0,5.7,
2025-11-11,De la Guettir FC,1d 20h,C. 츼lvarez,7.769,3.0,55.0,12.0,4.6,
2025-11-11,Maldinillo 游눤,1d 20h,A. Liso,5.975,3.0,51.0,9.0,5.7,
2025-11-11,Maldinillo 游눤,1d 20h,M. Mart칤n,2.18,3.0,47.0,9.0,3.9,
2025-11-11,De la Guettir FC,1d 20h,J. Brekalo,0.16,3.0,17.0,1370.0,1.9,doubt
2025-11-11,De la Guettir FC,1d 20h,J. Gal치n,0.16,2.0,12.0,2.0,2.4,
2025-11-11,Jotabetrbb,20h 40m,F. Torres,14.931,4.0,65.0,3.0,5.9,
2025-11-11,Dani,20h 40m,V. Muriqi,12.288,4.0,59.0,408.0,5.4,
2025-11-11,Libre,20h 40m,Rodrygo,5.726,4.0,24.0,15.0,2.4,
2025-11-11,Libre,20h 40m,R. Bardghji,2.729,4.0,22.0,3.0,3.1,
2025-11-11,Libre,20h 40m,J. Luis Morales,1.391,4.0,33.0,12.0,2.8,
2025-11-11,Chamac칩nicos,20h 40m,G. Lo Celso,15.118,3.0,59.0,4.0,5.4,
2025-11-11,Libre,20h 40m,P. Gueye,10.46,3.0,53.0,20.0,4.8,
2025-11-11,Dani,20h 40m,Pepelu,5.425,3.0,27.0,19.0,2.7,
2025-11-11,Libre,20h 40m,P. Lozano,5.115,3.0,46.0,8.0,3.8,
2025-11-11,Libre,20h 40m,L. Rioja,5.075,3.0,46.0,19.0,3.8,
2025-11-11,Libre,20h 40m,J. Guerra,3.202,3.0,36.0,19.0,3.0,
2025-11-11,Chamac칩nicos,20h 40m,P. D칤az,0.816,3.0,33.0,14.0,2.8,doubt
2025-11-11,Libre,20h 40m,A. Rebbach,0.611,3.0,32.0,48.0,3.6,
2025-11-11,Libre,20h 40m,C. Ejuke,0.488,3.0,19.0,17.0,2.1,
2025-11-11,Libre,20h 40m,A. Almeida,0.32,3.0,13.0,19.0,2.2,
2025-11-11,Dani,20h 40m,D. Hancko,8.442,2.0,49.0,2.0,4.1,
2025-11-11,MuchaSalsa,20h 40m,P. Bigas,6.618,2.0,47.0,23.0,4.7,doubt
2025-11-11,Dani,20h 40m,C. Riedel,3.998,2.0,27.0,8.0,4.5,
2025-11-11,Libre,20h 40m,Y. Enr칤quez,1.692,2.0,30.0,48.0,3.3,
2025-11-11,Libre,20h 40m,F. Calero,1.693,2.0,34.0,8.0,4.3,
2025-11-11,Libre,20h 40m,V. Rosier,1.569,2.0,28.0,50.0,3.5,injury
2025-11-11,Libre,20h 40m,J. Rodr칤guez,1.108,2.0,28.0,5.0,2.8,
2025-11-11,Jotabetrbb,20h 40m,A. Abqar,0.895,2.0,19.0,9.0,2.7,
2025-11-11,Dani,20h 40m,M. Ruggeri,0.745,2.0,26.0,2.0,3.3,
2025-11-11,Libre,20h 40m,V. Parada,0.555,2.0,22.0,48.0,2.2,
2025-11-12,Chamac칩nicos,20h 41m,J. 츼lvarez,20.306,4.0,76.0,2.0,6.3,
2025-11-12,Jotabetrbb,20h 41m,F. Torres,14.875,4.0,65.0,3.0,5.9,
2025-11-12,De la Guettir FC,20h 41m,N. P칠p칠,14.951,4.0,67.0,20.0,5.6,
2025-11-12,Dani,20h 41m,V. Muriqi,12.366,4.0,59.0,408.0,5.4,
2025-11-12,Libre,20h 41m,G. Mikautadze,9.801,4.0,33.0,20.0,4.7,doubt
2025-11-12,Libre,20h 41m,R. Garc칤a de Haro,1.066,4.0,34.0,50.0,2.8,
2025-11-12,Chamac칩nicos,20h 41m,G. Lo Celso,15.136,3.0,59.0,4.0,5.4,
2025-11-12,De la Guettir FC,20h 41m,A. Baena,15.585,3.0,40.0,2.0,5.7,
2025-11-12,De la Guettir FC,20h 41m,C. 츼lvarez,7.894,3.0,55.0,12.0,4.6,
2025-11-12,Maldinillo 游눤,20h 41m,A. Liso,6.028,3.0,51.0,9.0,5.7,
2025-11-12,Chamac칩nicos,20h 41m,M. G칩mez,5.153,3.0,37.0,50.0,3.7,
2025-11-12,Dani,20h 41m,Pepelu,5.493,3.0,27.0,19.0,2.7,
2025-11-12,Libre,20h 41m,V. Tsygankov,4.533,3.0,24.0,222.0,4.0,
2025-11-12,Maldinillo 游눤,20h 41m,M. Mart칤n,2.248,3.0,47.0,9.0,3.9,
2025-11-12,Chamac칩nicos,20h 41m,D. Sow,1.782,3.0,28.0,17.0,3.5,
2025-11-12,Libre,20h 41m,D. van de Beek,0.181,3.0,4.0,222.0,2.0,injury
2025-11-12,Libre,20h 41m,A. Osambela,0.16,3.0,10.0,50.0,2.5,
2025-11-12,De la Guettir FC,20h 41m,J. Brekalo,0.16,3.0,17.0,1370.0,1.9,doubt
2025-11-12,Libre,20h 41m,츼. Carreras,12.263,2.0,61.0,15.0,5.1,
2025-11-12,Dani,20h 41m,R. Ara칰jo,9.764,2.0,53.0,3.0,5.3,
2025-11-12,Dani,20h 41m,D. Hancko,8.565,2.0,49.0,2.0,4.1,
2025-11-12,Dani,20h 41m,C. Riedel,4.133,2.0,27.0,8.0,4.5,
2025-11-12,Libre,20h 41m,J. Aramburu,2.267,2.0,31.0,16.0,2.8,
2025-11-12,Libre,20h 41m,C. Lenglet,1.262,2.0,12.0,2.0,2.4,
2025-11-12,Jotabetrbb,20h 41m,A. Abqar,0.872,2.0,19.0,9.0,2.7,
2025-11-12,Libre,20h 41m,A. Elustondo,0.192,2.0,4.0,16.0,1.0,
2025-11-12,Libre,20h 41m,Davinchi,0.191,2.0,19.0,9.0,2.7,injury
2025-11-12,De la Guettir FC,20h 41m,J. Gal치n,0.16,2.0,12.0,2.0,2.4,
2025-11-12,Chamac칩nicos,20h 41m,S. Herrera,9.71,1.0,58.0,50.0,4.8,
2025-11-12,Libre,20h 41m,I. Villar,0.179,1.0,0.0,5.0,0.0,
2025-11-12,Libre,20h 41m,A. San Miguel,0.196,1.0,0.0,4.0,0.0,
2025-11-13,Dani,1d 20h,V. Muriqi,12.443,4.0,59.0,408.0,5.4,
2025-11-13,Maldinillo 游눤,1d 20h,A. Liso,6.083,3.0,51.0,9.0,5.7,
2025-11-13,Dani,1d 20h,Pepelu,5.568,3.0,27.0,19.0,2.7,
2025-11-13,Maldinillo 游눤,1d 20h,M. Mart칤n,2.32,3.0,47.0,9.0,3.9,
2025-11-13,Dani,1d 20h,R. Ara칰jo,9.932,2.0,53.0,3.0,5.3,
2025-11-13,Dani,1d 20h,D. Hancko,8.687,2.0,49.0,2.0,4.1,
2025-11-13,Dani,1d 20h,C. Riedel,4.273,2.0,27.0,8.0,4.5,
2025-11-13,Chamac칩nicos,20h 40m,J. 츼lvarez,20.319,4.0,76.0,2.0,6.3,
2025-11-13,Libre,20h 40m,T. Asano,0.186,4.0,23.0,408.0,3.3,
2025-11-13,Chamac칩nicos,20h 40m,G. Lo Celso,15.156,3.0,59.0,4.0,5.4,
2025-11-13,Libre,20h 40m,F. L칩pez,12.66,3.0,57.0,3.0,7.1,
2025-11-13,Chamac칩nicos,20h 40m,M. G칩mez,5.228,3.0,37.0,50.0,3.7,
2025-11-13,Libre,20h 40m,H. 츼lvarez,1.419,3.0,25.0,5.0,3.6,doubt
2025-11-13,Libre,20h 40m,C. Ejuke,0.413,3.0,19.0,17.0,2.1,
2025-11-13,Libre,20h 40m,N. Tenaglia,10.315,2.0,58.0,48.0,5.3,
2025-11-13,Los marinero,20h 40m,A. Balde,9.973,2.0,31.0,3.0,3.9,
2025-11-13,Chamac칩nicos,20h 40m,H. Beller칤n,7.015,2.0,52.0,4.0,4.3,
2025-11-13,MuchaSalsa,20h 40m,P. Bigas,6.398,2.0,47.0,23.0,4.7,doubt
2025-11-13,Libre,20h 40m,Y. Enr칤quez,1.677,2.0,30.0,48.0,3.3,
2025-11-13,Libre,20h 40m,V. Rosier,1.419,2.0,28.0,50.0,3.5,injury
2025-11-13,Libre,20h 40m,J. Pacheco,1.037,2.0,22.0,48.0,3.7,
2025-11-13,Libre,20h 40m,J. Copete,0.354,2.0,14.0,19.0,1.6,
2025-11-13,Libre,20h 40m,츼. Odriozola,0.202,2.0,14.0,16.0,14.0,
2025-11-13,Libre,20h 40m,I. Balliu,0.16,2.0,12.0,14.0,3.0,
2025-11-13,Libre,20h 40m,J. Cruz,0.167,2.0,15.0,50.0,1.9,
2025-11-13,Libre,20h 40m,M. Rubio,0.16,2.0,24.0,8.0,4.8,
2025-11-13,Chamac칩nicos,20h 40m,S. Herrera,9.868,1.0,58.0,50.0,4.8,
2025-11-14,Dani,1d 20h,V. Muriqi,12.508,4.0,59.0,408.0,5.4,
2025-11-14,Dani,1d 20h,Pepelu,5.643,3.0,27.0,19.0,2.7,
2025-11-14,Dani,1d 20h,R. Ara칰jo,10.095,2.0,53.0,3.0,5.3,
2025-11-14,Dani,1d 20h,D. Hancko,8.798,2.0,49.0,2.0,4.1,
2025-11-14,Dani,1d 20h,C. Riedel,4.392,2.0,27.0,8.0,4.5,
2025-11-14,Chamac칩nicos,20h 41m,J. 츼lvarez,20.321,4.0,76.0,2.0,6.3,
2025-11-14,Libre,20h 41m,S. Rond칩n,2.055,4.0,32.0,1370.0,2.9,
2025-11-14,Chamac칩nicos,20h 41m,G. Lo Celso,15.166,3.0,59.0,4.0,5.4,
2025-11-14,Maldinillo 游눤,20h 41m,A. Liso,6.133,3.0,51.0,9.0,5.7,
2025-11-14,Chamac칩nicos,20h 41m,M. G칩mez,5.283,3.0,37.0,50.0,3.7,
2025-11-14,Libre,20h 41m,A. Blanco,5.412,3.0,46.0,48.0,4.2,
2025-11-14,Maldinillo 游눤,20h 41m,M. Mart칤n,2.388,3.0,47.0,9.0,3.9,
2025-11-14,Libre,20h 41m,S. Colombatto,1.71,3.0,27.0,1370.0,3.4,
2025-11-14,Libre,20h 41m,M. Rom치n,0.16,3.0,18.0,5.0,4.5,
2025-11-14,Libre,20h 41m,F. Ugrinic,0.16,3.0,8.0,19.0,2.0,doubt
2025-11-14,Los marinero,20h 41m,A. Balde,9.934,2.0,31.0,3.0,3.9,
2025-11-14,Chamac칩nicos,20h 41m,H. Beller칤n,7.089,2.0,52.0,4.0,4.3,
2025-11-14,Libre,20h 41m,A. Pedrosa,0.578,2.0,27.0,23.0,3.4,
2025-11-14,Libre,20h 41m,V. Parada,0.506,2.0,22.0,48.0,2.2,
2025-11-14,Libre,20h 41m,D. L칩pez,0.191,2.0,2.0,408.0,2.0,
2025-11-14,Libre,20h 41m,J. Donald,0.183,2.0,20.0,23.0,2.5,
2025-11-14,Libre,20h 41m,B. Diaby,0.16,2.0,3.0,23.0,1.5,
2025-11-14,Chamac칩nicos,20h 41m,S. Herrera,10.017,1.0,58.0,50.0,4.8,
2025-11-14,Libre,20h 41m,J. Musso,0.16,1.0,0.0,2.0,0.0,
2025-11-15,Los marinero,1d 20h,N. Gudelj,1.67,3.0,35.0,17.0,3.5,
2025-11-15,Los marinero,1d 20h,A. Balde,9.836,2.0,31.0,3.0,3.9,
2025-11-15,Chamac칩nicos,20h 43m,J. 츼lvarez,20.318,4.0,76.0,2.0,6.3,
2025-11-15,Jotabetrbb,20h 43m,F. Torres,14.665,4.0,65.0,3.0,5.9,
2025-11-15,Dani,20h 43m,V. Muriqi,12.561,4.0,59.0,408.0,5.4,
2025-11-15,Libre,20h 43m,A. Budimir,11.358,4.0,50.0,50.0,4.5,doubt
2025-11-15,Libre,20h 43m,B. Mayoral,9.348,4.0,42.0,9.0,4.7,
2025-11-15,Libre,20h 43m,J. Puado,4.658,4.0,35.0,8.0,4.4,doubt
2025-11-15,Libre,20h 43m,R. Garc칤a de Haro,1.01,4.0,34.0,50.0,2.8,
2025-11-15,Libre,20h 43m,M. Dom칟nech,0.16,4.0,15.0,408.0,2.1,
2025-11-15,Chamac칩nicos,20h 43m,G. Lo Celso,15.17,3.0,59.0,4.0,5.4,
2025-11-15,Maldinillo 游눤,20h 43m,A. Liso,6.173,3.0,51.0,9.0,5.7,
2025-11-15,Chamac칩nicos,20h 43m,M. G칩mez,5.307,3.0,37.0,50.0,3.7,
2025-11-15,Dani,20h 43m,Pepelu,5.706,3.0,27.0,19.0,2.7,
2025-11-15,Maldinillo 游눤,20h 43m,M. Mart칤n,2.458,3.0,47.0,9.0,3.9,
2025-11-15,Libre,20h 43m,A. Dadie,0.16,3.0,0.0,16.0,0.0,
2025-11-15,Maldinillo 游눤,20h 43m,A. Laporte,10.38,2.0,33.0,1.0,4.1,
2025-11-15,Dani,20h 43m,R. Ara칰jo,10.137,2.0,53.0,3.0,5.3,
2025-11-15,Chamac칩nicos,20h 43m,H. Beller칤n,7.158,2.0,52.0,4.0,4.3,
2025-11-15,Dani,20h 43m,D. Hancko,8.904,2.0,49.0,2.0,4.1,
2025-11-15,Dani,20h 43m,C. Riedel,4.519,2.0,27.0,8.0,4.5,
2025-11-15,Libre,20h 43m,U. Elgezabal,0.316,2.0,22.0,12.0,2.4,
2025-11-15,Libre,20h 43m,D. Calvo,0.171,2.0,19.0,1370.0,3.2,
2025-11-15,Libre,20h 43m,A. Nyom,0.16,2.0,-6.0,9.0,-2.0,
2025-11-15,Chamac칩nicos,20h 43m,S. Herrera,10.052,1.0,58.0,50.0,4.8,
2025-11-15,Libre,20h 43m,A. Padilla,0.163,1.0,0.0,1.0,0.0,
2025-11-16,Chamac칩nicos,20h 43m,J. 츼lvarez,20.315,4.0,76.0,2.0,6.3,
2025-11-16,Dani,20h 43m,V. Muriqi,12.604,4.0,59.0,408.0,5.4,
2025-11-16,Libre,20h 43m,T. Mart칤nez,5.905,4.0,56.0,48.0,4.7,
2025-11-16,Chamac칩nicos,20h 43m,G. Lo Celso,15.171,3.0,59.0,4.0,5.4,
2025-11-16,Libre,20h 43m,J. Moncayola,8.694,3.0,51.0,50.0,4.3,injury
2025-11-16,Libre,20h 43m,S. Amrabat,8.734,3.0,39.0,4.0,5.6,
2025-11-16,Maldinillo 游눤,20h 43m,A. Liso,6.21,3.0,51.0,9.0,5.7,
2025-11-16,Chamac칩nicos,20h 43m,M. G칩mez,5.327,3.0,37.0,50.0,3.7,
2025-11-16,Dani,20h 43m,Pepelu,5.764,3.0,27.0,19.0,2.7,
2025-11-16,Maldinillo 游눤,20h 43m,M. Mart칤n,2.526,3.0,47.0,9.0,3.9,
2025-11-16,Los marinero,20h 43m,N. Gudelj,1.647,3.0,35.0,17.0,3.5,
2025-11-16,Libre,20h 43m,B. Santamaria,1.521,3.0,31.0,19.0,2.6,
2025-11-16,Libre,20h 43m,I. Mu침oz,0.302,3.0,11.0,50.0,2.8,
2025-11-16,Libre,20h 43m,G. Diangana,0.161,3.0,8.0,23.0,2.0,
2025-11-16,Libre,20h 43m,츼. Sancris,0.16,3.0,16.0,9.0,2.3,
2025-11-16,Los marinero,20h 43m,A. Balde,9.769,2.0,31.0,3.0,3.9,
2025-11-16,Dani,20h 43m,R. Ara칰jo,10.163,2.0,53.0,3.0,5.3,
2025-11-16,Chamac칩nicos,20h 43m,H. Beller칤n,7.212,2.0,52.0,4.0,4.3,
2025-11-16,Dani,20h 43m,D. Hancko,9.0,2.0,49.0,2.0,4.1,
2025-11-16,Dani,20h 43m,C. Riedel,4.626,2.0,27.0,8.0,4.5,
2025-11-16,Libre,20h 43m,Y. Enr칤quez,1.627,2.0,30.0,48.0,3.3,
2025-11-16,Libre,20h 43m,V. Rosier,1.222,2.0,28.0,50.0,3.5,injury
2025-11-16,Libre,20h 43m,J. Cruz,0.16,2.0,15.0,50.0,1.9,
2025-11-16,Libre,20h 43m,J. Agirrezabala,9.943,1.0,51.0,19.0,4.3,
2025-11-16,Chamac칩nicos,20h 43m,S. Herrera,10.057,1.0,58.0,50.0,4.8,
2025-11-16,Libre,20h 43m,A. Remiro,6.901,1.0,42.0,16.0,3.5,
2025-11-17,Chamac칩nicos,20h 41m,J. 츼lvarez,20.307,4.0,76.0,2.0,6.3,
2025-11-17,Libre,20h 41m,B. Iglesias,12.637,4.0,69.0,5.0,5.8,
2025-11-17,Libre,20h 41m,P. Milla,10.088,4.0,56.0,8.0,5.6,
2025-11-17,Libre,20h 41m,S. Rond칩n,1.9,4.0,32.0,1370.0,2.9,
2025-11-17,Chamac칩nicos,20h 41m,G. Lo Celso,15.177,3.0,59.0,4.0,5.4,
2025-11-17,Chamac칩nicos,20h 41m,V. Tsygankov,5.213,3.0,24.0,222.0,4.0,
2025-11-17,Dani,20h 41m,Pepelu,5.813,3.0,27.0,19.0,2.7,
2025-11-17,Libre,20h 41m,츼. Berenguer,4.84,3.0,32.0,1.0,3.2,
2025-11-17,Chamac칩nicos,20h 41m,D. Sow,1.595,3.0,28.0,17.0,3.5,
2025-11-17,Los marinero,20h 41m,N. Gudelj,1.613,3.0,35.0,17.0,3.5,
2025-11-17,Libre,20h 41m,A. Almeida,0.534,3.0,13.0,19.0,2.2,
2025-11-17,Dani,20h 41m,M. Bartra,10.057,2.0,39.0,4.0,4.9,
2025-11-17,Los marinero,20h 41m,A. Balde,9.709,2.0,31.0,3.0,3.9,
2025-11-17,Dani,20h 41m,R. Ara칰jo,10.166,2.0,53.0,3.0,5.3,
2025-11-17,Libre,20h 41m,J. Mojica,8.881,2.0,47.0,408.0,3.9,
2025-11-17,Chamac칩nicos,20h 41m,H. Beller칤n,7.245,2.0,52.0,4.0,4.3,
2025-11-17,Dani,20h 41m,D. Hancko,9.098,2.0,49.0,2.0,4.1,
2025-11-17,Libre,20h 41m,S. G칩mez,5.884,2.0,40.0,16.0,3.3,
2025-11-17,Dani,20h 41m,C. Riedel,4.74,2.0,27.0,8.0,4.5,
2025-11-17,Libre,20h 41m,M. Morey,0.164,2.0,30.0,408.0,3.3,
2025-11-17,Libre,20h 41m,J. Carlos Mart칤n,0.199,1.0,0.0,222.0,0.0,injury
2025-11-17,Libre,20h 41m,S. Dimitrievski,0.16,1.0,0.0,19.0,0.0,
2025-11-18,Chamac칩nicos,1d 20h,V. Tsygankov,5.258,3.0,24.0,222.0,4.0,
2025-11-18,Chamac칩nicos,20h 41m,J. 츼lvarez,20.292,4.0,76.0,2.0,6.3,
2025-11-18,Libre,20h 41m,R. Fern치ndez,10.007,4.0,56.0,8.0,4.7,
2025-11-18,Dani,20h 41m,B. Mayoral,9.803,4.0,42.0,9.0,4.7,
2025-11-18,Libre,20h 41m,H. Duro,5.548,4.0,36.0,19.0,3.0,
2025-11-18,Chamac칩nicos,20h 41m,G. Lo Celso,15.182,3.0,59.0,4.0,5.4,
2025-11-18,Libre,20h 41m,A. Tchouam칠ni,12.067,3.0,56.0,15.0,5.1,doubt
2025-11-18,Libre,20h 41m,Isco,11.371,3.0,0.0,4.0,0.0,doubt
2025-11-18,Libre,20h 41m,J. Moncayola,8.283,3.0,51.0,50.0,4.3,injury
2025-11-18,Libre,20h 41m,M. Arambarri,8.259,3.0,53.0,9.0,4.4,
2025-11-18,Dani,20h 41m,Pepelu,5.844,3.0,27.0,19.0,2.7,
2025-11-18,Libre,20h 41m,I. Benito,0.16,3.0,25.0,50.0,5.0,injury
2025-11-18,Libre,20h 41m,츼. Carreras,12.712,2.0,61.0,15.0,5.1,
2025-11-18,Libre,20h 41m,N. Tenaglia,10.447,2.0,58.0,48.0,5.3,
2025-11-18,Dani,20h 41m,M. Bartra,9.989,2.0,39.0,4.0,4.9,
2025-11-18,Chamac칩nicos,20h 41m,H. Beller칤n,7.264,2.0,52.0,4.0,4.3,
2025-11-18,Dani,20h 41m,D. Hancko,9.173,2.0,49.0,2.0,4.1,
2025-11-18,Libre,20h 41m,S. G칩mez,5.781,2.0,40.0,16.0,3.3,
2025-11-18,Dani,20h 41m,C. Riedel,4.859,2.0,27.0,8.0,4.5,
2025-11-18,Libre,20h 41m,J. Luis Gay,2.258,2.0,15.0,19.0,1.5,
2025-11-18,Libre,20h 41m,Y. Enr칤quez,1.603,2.0,30.0,48.0,3.3,
2025-11-18,Libre,20h 41m,V. Parada,0.369,2.0,22.0,48.0,2.2,
2025-11-18,Libre,20h 41m,M. Kumbulla,0.198,2.0,10.0,408.0,2.5,doubt
2025-12-23,Maldinillo 游눤,1d 11h,R. Lewandowski,17.723,4.0,80.0,3.0,6.2,
2025-12-23,MuchaSalsa,1d 11h,A. Ezzalzouli,11.468,4.0,74.0,4.0,6.7,other
2025-12-23,Los marinero,1d 11h,R. Fern치ndez,10.661,4.0,88.0,8.0,5.2,
2025-12-23,Libre,1d 11h,M. Arambarri,10.858,3.0,77.0,9.0,4.5,
2025-12-23,Los marinero,1d 11h,O. Sancet,7.22,3.0,22.0,1.0,1.7,
2025-12-23,Dani,1d 11h,M. Dmitrovi캖,9.904,1.0,87.0,8.0,5.1,
2025-12-23,Libre,1d 11h,M. Ryan,8.431,1.0,65.0,12.0,4.6,
2025-12-23,Libre,1d 11h,A. Sivera,5.782,1.0,77.0,48.0,4.5,
2025-12-23,Libre,11h 11m,S. Becker,0.193,4.0,19.0,50.0,2.1,
2025-12-23,Libre,11h 11m,T. Fern치ndez,0.16,4.0,3.0,3.0,3.0,
2025-12-23,Maldinillo 游눤,11h 11m,F. L칩pez,14.984,3.0,78.0,3.0,6.5,
2025-12-23,Libre,11h 11m,V. Tsygankov,6.373,3.0,50.0,222.0,4.5,
2025-12-23,Libre,11h 11m,F. Mastantuono,4.174,3.0,35.0,15.0,3.5,
2025-12-23,Libre,11h 11m,C. Gallagher,1.626,3.0,63.0,2.0,3.5,
2025-12-23,Maldinillo 游눤,11h 11m,P. Cubarsi,11.835,2.0,62.0,3.0,4.4,
2025-12-23,Libre,11h 11m,칍. Mingueza,9.895,2.0,62.0,5.0,4.4,
2025-12-23,Libre,11h 11m,A. Mart칤nez,5.057,2.0,52.0,222.0,3.5,
2025-12-23,Libre,11h 11m,A. Bretones,4.503,2.0,54.0,50.0,3.6,five
2025-12-23,Libre,11h 11m,C. Lenglet,1.424,2.0,29.0,2.0,3.2,doubt
2025-12-23,Libre,11h 11m,J. Donald,0.16,2.0,29.0,23.0,2.6,
2025-12-23,Libre,11h 11m,C. Rivero,0.187,1.0,0.0,19.0,0.0,
2025-12-24,Maldinillo 游눤,20h 37m,R. Lewandowski,17.681,4.0,80.0,3.0,6.2,
2025-12-24,MuchaSalsa,20h 37m,A. Ezzalzouli,11.402,4.0,74.0,4.0,6.7,other
2025-12-24,Los marinero,20h 37m,R. Fern치ndez,10.687,4.0,88.0,8.0,5.2,
2025-12-24,Libre,20h 37m,L. Boy칠,4.996,4.0,54.0,48.0,4.5,doubt
2025-12-24,Libre,20h 37m,J. Arango,0.191,4.0,0.0,222.0,0.0,
2025-12-24,Libre,20h 37m,M. Arambarri,10.797,3.0,77.0,9.0,4.5,
2025-12-24,Libre,20h 37m,C. 츼lvarez,7.831,3.0,69.0,12.0,4.3,
2025-12-24,Los marinero,20h 37m,O. Sancet,7.274,3.0,22.0,1.0,1.7,
2025-12-24,Libre,20h 37m,B. Santamaria,0.19,3.0,36.0,19.0,2.4,
2025-12-24,Libre,20h 37m,D. Ferna패ndez,0.168,3.0,13.0,3.0,3.3,
2025-12-24,Los marinero,20h 37m,D. Hancko,9.949,2.0,76.0,2.0,4.2,
2025-12-24,Libre,20h 37m,D. Rico,1.2,2.0,44.0,9.0,2.8,
2025-12-24,Libre,20h 37m,J. S치nchez,0.734,2.0,34.0,17.0,2.6,
2025-12-24,Libre,20h 37m,M. Diakhaby,0.523,2.0,33.0,19.0,4.7,
2025-12-24,Dani,20h 37m,M. Dmitrovi캖,10.05,1.0,87.0,8.0,5.1,
2025-12-24,Libre,20h 37m,M. Ryan,8.389,1.0,65.0,12.0,4.6,
2025-12-24,Libre,20h 37m,J. Agirrezabala,6.949,1.0,74.0,19.0,4.4,
2025-12-24,Libre,20h 37m,A. Sivera,5.792,1.0,77.0,48.0,4.5,
2025-12-24,Libre,20h 37m,P. Campos,0.16,1.0,11.0,12.0,5.5,
2025-12-25,Jotabetrbb,20h 38m,V. J칰nior,20.022,4.0,92.0,15.0,5.1,
2025-12-25,Maldinillo 游눤,20h 38m,R. Lewandowski,17.64,4.0,80.0,3.0,6.2,
2025-12-25,Libre,20h 38m,츼. For칠s,0.174,4.0,22.0,1370.0,2.2,
2025-12-25,Libre,20h 38m,M. Jauregizar,6.432,3.0,67.0,1.0,3.7,
2025-12-25,Jotabetrbb,20h 38m,L. Rioja,5.343,3.0,63.0,19.0,3.9,
2025-12-25,Jotabetrbb,20h 38m,I. Mart칤n,4.919,3.0,52.0,222.0,3.5,
2025-12-25,Libre,20h 38m,S. Colombatto,0.627,3.0,40.0,1370.0,3.1,
2025-12-25,Libre,20h 38m,B. D칤az,0.41,3.0,25.0,15.0,2.1,other
2025-12-25,Libre,20h 38m,D. Vivian,6.527,2.0,44.0,1.0,2.8,
2025-12-25,Libre,20h 38m,R. Ara칰jo,5.697,2.0,58.0,3.0,5.3,doubt
2025-12-25,Libre,20h 38m,D. Rico,1.16,2.0,44.0,9.0,2.8,
2025-12-25,Libre,20h 38m,A. de la Fuente,0.343,2.0,42.0,12.0,3.2,
2025-12-25,Libre,20h 38m,F. Garc칤a,0.27,2.0,7.0,15.0,1.2,
2025-12-25,Libre,20h 38m,D. Foulquier,0.16,2.0,23.0,19.0,2.3,
2025-12-25,Dani,20h 38m,M. Dmitrovi캖,10.107,1.0,87.0,8.0,5.1,
2025-12-26,Maldinillo 游눤,1d 20h,R. Lewandowski,17.6,4.0,80.0,3.0,6.2,
2025-12-26,Maldinillo 游눤,1d 20h,F. L칩pez,15.012,3.0,78.0,3.0,6.5,
2025-12-26,Jotabetrbb,1d 20h,L. Rioja,5.403,3.0,63.0,19.0,3.9,
2025-12-26,Maldinillo 游눤,1d 20h,L. J칰nior,8.09,1.0,57.0,20.0,4.4,
2025-12-26,Libre,20h 38m,S. Amrabat,7.606,3.0,45.0,4.0,5.6,other
2025-12-26,Los marinero,20h 38m,O. Sancet,7.391,3.0,22.0,1.0,1.7,
2025-12-26,Libre,20h 38m,B. Mendy,2.191,3.0,51.0,17.0,3.9,
2025-12-26,Libre,20h 38m,H. Sotelo,1.184,3.0,46.0,5.0,3.8,doubt
2025-12-26,Libre,20h 38m,L. Astiazaran,0.197,3.0,0.0,16.0,0.0,
2025-12-26,Libre,20h 38m,F. Beltr치n,0.192,3.0,22.0,5.0,2.2,
2025-12-26,Libre,20h 38m,H. 츼lvarez,0.163,3.0,28.0,5.0,3.1,
2025-12-26,Libre,20h 38m,A. Catena,10.229,2.0,75.0,50.0,4.7,
2025-12-26,Maldinillo 游눤,20h 38m,A. Bretones,4.59,2.0,54.0,50.0,3.6,five
2025-12-26,Libre,20h 38m,N. Molina,0.864,2.0,28.0,2.0,2.2,
2025-12-26,Libre,20h 38m,J. Cabello,0.165,2.0,11.0,12.0,2.2,
2025-12-26,Libre,20h 38m,D. Calvo,0.16,2.0,29.0,1370.0,3.2,
2025-12-26,Dani,20h 38m,M. Dmitrovi캖,10.151,1.0,87.0,8.0,5.1,
2025-12-27,Maldinillo 游눤,20h 41m,R. Lewandowski,17.558,4.0,80.0,3.0,6.2,
2025-12-27,Libre,20h 41m,A. S칮rloth,6.454,4.0,49.0,2.0,2.9,
2025-12-27,Maldinillo 游눤,20h 41m,I. Williams,5.404,4.0,26.0,1.0,2.4,
2025-12-27,Libre,20h 41m,G. Guruzeta,2.094,4.0,32.0,1.0,2.0,
2025-12-27,Libre,20h 41m,J. Arango,0.166,4.0,0.0,222.0,0.0,
2025-12-27,Libre,20h 41m,A. Barrenetxea,11.208,3.0,89.0,16.0,5.9,doubt
2025-12-27,Maldinillo 游눤,20h 41m,V. Tsygankov,6.747,3.0,50.0,222.0,4.5,
2025-12-27,Maldinillo 游눤,20h 41m,M. Jauregizar,6.512,3.0,67.0,1.0,3.7,
2025-12-27,Jotabetrbb,20h 41m,L. Rioja,5.451,3.0,63.0,19.0,3.9,
2025-12-27,Libre,20h 41m,C. Mart칤n,0.194,3.0,0.0,2.0,0.0,
2025-12-27,Libre,20h 41m,P. D칤az,0.16,3.0,37.0,14.0,2.6,
2025-12-27,Libre,20h 41m,J. Hernandez,0.16,3.0,0.0,8.0,0.0,
2025-12-27,Libre,20h 41m,A. Matturro,0.181,2.0,9.0,12.0,1.8,
2025-12-27,Libre,20h 41m,H. Rinc칩n,0.16,2.0,31.0,222.0,2.1,
2025-12-27,Libre,20h 41m,J. Aidoo,0.16,2.0,4.0,5.0,2.0,
2025-12-27,Maldinillo 游눤,20h 41m,L. J칰nior,8.118,1.0,57.0,20.0,4.4,
2025-12-28,Los marinero,20h 40m,N. Williams,15.185,4.0,65.0,1.0,4.6,
2025-12-28,MuchaSalsa,20h 40m,A. Ezzalzouli,11.135,4.0,74.0,4.0,6.7,other
2025-12-28,Libre,20h 40m,G. Koyalipou,0.172,4.0,27.0,12.0,2.5,doubt
2025-12-28,Libre,20h 40m,M. Arambarri,10.51,3.0,77.0,9.0,4.5,
2025-12-28,Libre,20h 40m,츼. Berenguer,6.958,3.0,68.0,1.0,4.3,
2025-12-28,Libre,20h 40m,P. Gueye,5.101,3.0,58.0,20.0,4.5,other
2025-12-28,Libre,20h 40m,A. Liso,2.914,3.0,59.0,9.0,4.2,
2025-12-28,Libre,20h 40m,O. Ejaria,0.2,3.0,17.0,1370.0,2.4,doubt
2025-12-28,Libre,20h 40m,R. Brugu칠,0.168,3.0,31.0,12.0,2.1,injury
2025-12-28,Libre,20h 40m,H. 츼lvarez,0.16,3.0,28.0,5.0,3.1,
2025-12-28,Dani,20h 40m,A. Catena,10.312,2.0,75.0,50.0,4.7,
2025-12-28,Los marinero,20h 40m,D. Hancko,10.061,2.0,76.0,2.0,4.2,
2025-12-28,Libre,20h 40m,R. Veiga,8.564,2.0,37.0,20.0,2.6,red
2025-12-28,Libre,20h 40m,M. Ruggeri,1.252,2.0,40.0,2.0,3.3,
2025-12-28,Libre,20h 40m,I. Balliu,0.187,2.0,18.0,14.0,2.3,doubt
2025-12-28,Libre,20h 40m,V. Parada,0.16,2.0,29.0,48.0,2.1,five
2025-12-28,Libre,20h 40m,M. Morey,0.16,2.0,32.0,408.0,2.9,
2025-12-28,Libre,20h 40m,M. Ryan,8.172,1.0,65.0,12.0,4.6,
2025-12-28,Maldinillo 游눤,20h 40m,L. J칰nior,8.127,1.0,57.0,20.0,4.4,
2025-12-29,Maldinillo 游눤,1d 20h,M. Jauregizar,6.582,3.0,67.0,1.0,3.7,
2025-12-29,Maldinillo 游눤,1d 20h,L. J칰nior,8.098,1.0,57.0,20.0,4.4,
2025-12-29,Jotabetrbb,20h 34m,V. J칰nior,20.002,4.0,92.0,15.0,5.1,
2025-12-29,Libre,20h 34m,B. Iglesias,13.427,4.0,85.0,5.0,5.3,doubt
2025-12-29,Libre,20h 34m,A. Budimir,10.919,4.0,75.0,50.0,4.7,
2025-12-29,Maldinillo 游눤,20h 34m,K. Garc칤a,2.64,4.0,60.0,8.0,3.8,
2025-12-29,Libre,20h 34m,G. Garc칤a,0.177,4.0,16.0,15.0,1.2,
2025-12-29,Libre,20h 34m,A. Boayar,0.16,4.0,3.0,23.0,1.5,
2025-12-29,Los marinero,20h 34m,O. Sancet,7.519,3.0,22.0,1.0,1.7,
2025-12-29,Jotabetrbb,20h 34m,L. Rioja,5.541,3.0,63.0,19.0,3.9,
2025-12-29,Jotabetrbb,20h 34m,A. Almeida,2.482,3.0,34.0,19.0,3.1,
2025-12-29,Jotabetrbb,20h 34m,C. Gallagher,1.863,3.0,63.0,2.0,3.5,
2025-12-29,Libre,20h 34m,M. Bueno,0.184,3.0,7.0,17.0,2.3,
2025-12-29,Libre,20h 34m,H. Soloz치bal,0.16,3.0,2.0,9.0,2.0,
2025-12-29,Libre,20h 34m,U. G칩mez,0.16,3.0,20.0,1.0,1.8,
2025-12-29,Dani,20h 34m,A. Catena,10.32,2.0,75.0,50.0,4.7,
2025-12-29,Libre,20h 34m,S. Mouri침o,5.509,2.0,38.0,20.0,3.8,doubt
2025-12-29,Chamac칩nicos,20h 34m,J. Rueda,4.087,2.0,55.0,5.0,4.6,
2025-12-29,Jotabetrbb,20h 34m,C. Azpilicueta,1.046,2.0,34.0,17.0,3.8,doubt
2025-12-29,Libre,20h 34m,A. Franc칠s,0.194,2.0,13.0,222.0,1.6,
2025-12-29,Libre,20h 34m,W. Szcz캧sny,0.96,1.0,34.0,3.0,5.7,
2025-12-30,Maldinillo 游눤,1d 20h,Isco,13.087,3.0,5.0,4.0,5.0,injury
2025-12-30,Maldinillo 游눤,1d 20h,L. J칰nior,8.002,1.0,57.0,20.0,4.4,
2025-12-30,Chamac칩nicos,20h 37m,츼. Rodr칤guez,5.095,4.0,69.0,23.0,4.9,
2025-12-30,Libre,20h 37m,A. S치nchez,5.088,4.0,50.0,17.0,4.2,
2025-12-30,Los marinero,20h 37m,Pedri,22.522,3.0,117.0,3.0,8.4,doubt
2025-12-30,Libre,20h 37m,M. Arambarri,10.356,3.0,77.0,9.0,4.5,
2025-12-30,Libre,20h 37m,U. L칩pez,1.534,3.0,43.0,14.0,2.9,
2025-12-30,Libre,20h 37m,A. Rebbach,0.281,3.0,46.0,48.0,3.3,
2025-12-30,Libre,20h 37m,A. Balde,11.416,2.0,58.0,3.0,4.1,
2025-12-30,Dani,20h 37m,A. Catena,10.336,2.0,75.0,50.0,4.7,
2025-12-30,Libre,20h 37m,R. Mar칤n,8.361,2.0,58.0,20.0,4.8,
2025-12-30,Libre,20h 37m,D. Vivian,6.06,2.0,44.0,1.0,2.8,
2025-12-30,Libre,20h 37m,J. 츼ngel Carmona,4.96,2.0,60.0,17.0,4.0,
2025-12-30,Libre,20h 37m,A. Mart칤nez,4.635,2.0,52.0,222.0,3.5,
2025-12-30,Chamac칩nicos,20h 37m,J. Rueda,4.197,2.0,55.0,5.0,4.6,
2025-12-30,Los marinero,20h 37m,G. Suazo,3.677,2.0,45.0,17.0,3.8,
2025-12-30,Los marinero,20h 37m,J. Luis Gay,3.015,2.0,32.0,19.0,2.1,
2025-12-30,Los marinero,20h 37m,H. Fort,2.214,2.0,45.0,23.0,5.0,doubt
2025-12-30,Libre,20h 37m,V. Chust,1.836,2.0,40.0,23.0,3.3,
2025-12-30,Libre,20h 37m,D. Duarte,0.903,2.0,43.0,9.0,2.9,
2025-12-30,Libre,20h 37m,O. Luengo,0.178,2.0,5.0,1370.0,2.5,
2025-12-30,Libre,20h 37m,I. Balliu,0.193,2.0,18.0,14.0,2.3,doubt
2025-12-30,Libre,20h 37m,M. Ryan,8.002,1.0,65.0,12.0,4.6,
2025-12-30,Los marinero,20h 37m,O. Vlachodimos,5.397,1.0,63.0,17.0,4.8,
2025-12-31,Los marinero,1d 20h,G. Suazo,3.757,2.0,45.0,17.0,3.8,
2025-12-31,Chamac칩nicos,20h 37m,츼. Rodr칤guez,5.192,4.0,69.0,23.0,4.9,
2025-12-31,Maldinillo 游눤,20h 37m,K. Garc칤a,2.693,4.0,60.0,8.0,3.8,
2025-12-31,Libre,20h 37m,D. Morcillo,0.16,4.0,1.0,48.0,1.0,
2025-12-31,Maldinillo 游눤,20h 37m,Isco,12.957,3.0,5.0,4.0,5.0,injury
2025-12-31,Libre,20h 37m,S. Darder,7.075,3.0,64.0,408.0,3.8,
2025-12-31,Maldinillo 游눤,20h 37m,V. Tsygankov,7.077,3.0,50.0,222.0,4.5,
2025-12-31,Libre,20h 37m,T. Almada,5.89,3.0,47.0,2.0,4.3,
2025-12-31,Dani,20h 37m,A. Catena,10.351,2.0,75.0,50.0,4.7,
2025-12-31,Libre,20h 37m,T. Alexander-Arnold,5.026,2.0,22.0,15.0,2.8,injury
2025-12-31,Chamac칩nicos,20h 37m,J. Rueda,4.295,2.0,55.0,5.0,4.6,
2025-12-31,Los marinero,20h 37m,H. Fort,2.261,2.0,45.0,23.0,5.0,injury
2025-12-31,Libre,20h 37m,A. Alhassane,0.291,2.0,41.0,1370.0,2.6,
2025-12-31,Libre,20h 37m,D. 캕aleta-Car,0.208,2.0,28.0,16.0,2.8,
2025-12-31,Libre,20h 37m,J. L칩pez,0.16,2.0,18.0,1370.0,3.0,
2025-12-31,Libre,20h 37m,M. Diarra,0.16,2.0,5.0,48.0,1.7,
2025-12-31,Libre,20h 37m,I. Bekhoucha,0.16,2.0,7.0,9.0,2.3,
2025-12-31,Libre,20h 37m,O. Luengo,0.16,2.0,5.0,1370.0,2.5,
2025-12-31,Maldinillo 游눤,20h 37m,L. J칰nior,7.851,1.0,57.0,20.0,4.4,
2025-12-31,Libre,20h 37m,츼. Valles,4.945,1.0,40.0,4.0,4.0,
2026-01-01,Libre,20h 38m,U. Izeta,0.189,4.0,8.0,1.0,1.3,
2026-01-01,Libre,20h 38m,R. Vargas,7.812,3.0,66.0,17.0,5.5,doubt
2026-01-01,Libre,20h 38m,Y. Neyou,0.16,3.0,3.0,9.0,0.6,
2026-01-01,Libre,20h 38m,M. Llorente,12.903,2.0,68.0,2.0,4.9,
2026-01-01,Dani,20h 38m,A. Balde,11.454,2.0,58.0,3.0,4.1,
2026-01-01,Dani,20h 38m,A. Catena,10.375,2.0,75.0,50.0,4.7,
2026-01-01,Libre,20h 38m,칍. Mingueza,10.027,2.0,62.0,5.0,4.4,
2026-01-01,Los marinero,20h 38m,G. Suazo,3.781,2.0,45.0,17.0,3.8,injury
2026-01-01,Libre,20h 38m,A. Christensen,0.203,2.0,30.0,3.0,2.5,injury
2026-01-01,Libre,20h 38m,A. Nyom,0.163,2.0,6.0,9.0,1.0,
2026-01-01,Libre,20h 38m,J. Donald,0.161,2.0,29.0,23.0,2.6,
2026-01-01,Libre,20h 38m,J. Cabello,0.16,2.0,11.0,12.0,2.2,
2026-01-01,Libre,20h 38m,M. Ryan,7.886,1.0,65.0,12.0,4.6,
2026-01-01,Libre,20h 38m,츼. Valles,5.066,1.0,40.0,4.0,4.0,
2026-01-01,Libre,20h 38m,A. Lunin,0.196,1.0,0.0,15.0,0.0,
2026-01-02,Maldinillo 游눤,20h 36m,K. Garc칤a,2.773,4.0,60.0,8.0,3.8,
2026-01-02,Libre,20h 36m,R. Nteka,0.16,4.0,7.0,14.0,1.8,
2026-01-02,Maldinillo 游눤,20h 36m,Isco,12.678,3.0,5.0,4.0,5.0,injury
2026-01-02,Libre,20h 36m,M. Arambarri,10.17,3.0,77.0,9.0,4.5,
2026-01-02,Libre,20h 36m,N. Gonz치lez,7.851,3.0,63.0,2.0,4.2,doubt
2026-01-02,Maldinillo 游눤,20h 36m,V. Tsygankov,7.229,3.0,50.0,222.0,4.5,
2026-01-02,Libre,20h 36m,J. Guerra,1.834,3.0,48.0,19.0,2.8,
2026-01-02,Libre,20h 36m,P. Ciss,1.583,3.0,47.0,14.0,3.4,other
2026-01-02,Los marinero,20h 36m,A. Rebbach,0.263,3.0,46.0,48.0,3.3,
2026-01-02,Libre,20h 36m,P. Mart칤nez,0.184,3.0,30.0,12.0,3.0,
2026-01-02,Libre,20h 36m,A. S치nchez,0.168,3.0,24.0,408.0,1.8,
2026-01-02,Libre,20h 36m,K. Barja,0.16,3.0,20.0,50.0,1.7,
2026-01-02,Dani,20h 36m,A. Balde,11.485,2.0,58.0,3.0,4.1,
2026-01-02,Dani,20h 36m,A. Catena,10.406,2.0,75.0,50.0,4.7,
2026-01-02,Dani,20h 36m,M. Valjent,5.082,2.0,52.0,408.0,3.1,
2026-01-02,Libre,20h 36m,A. Mart칤nez,4.5,2.0,52.0,222.0,3.5,
2026-01-02,Dani,20h 36m,J. Copete,2.465,2.0,37.0,19.0,2.6,
2026-01-02,Los marinero,20h 36m,H. Fort,2.166,2.0,45.0,23.0,5.0,injury
2026-01-02,Maldinillo 游눤,20h 36m,M. Ruggeri,1.35,2.0,40.0,2.0,3.3,
2026-01-02,Libre,20h 36m,P. Espino,0.244,2.0,29.0,14.0,2.6,
2026-01-02,Libre,20h 36m,F. Mendy,0.169,2.0,0.0,15.0,0.0,
2026-01-02,Libre,20h 36m,J. L칩pez,0.16,2.0,18.0,1370.0,3.0,
2026-01-02,Libre,20h 36m,U. Sim칩n,8.712,1.0,66.0,1.0,3.7,
2026-01-02,Libre,20h 36m,M. Ryan,7.889,1.0,65.0,12.0,4.6,
2026-01-02,Maldinillo 游눤,20h 36m,L. J칰nior,7.692,1.0,57.0,20.0,4.4,
2026-01-03,Maldinillo 游눤,1d 20h,M. Ruggeri,1.343,2.0,40.0,2.0,3.3,
2026-01-03,Maldinillo 游눤,1d 20h,L. J칰nior,7.578,1.0,57.0,20.0,4.4,
2026-01-03,Libre,20h 40m,S. Becker,0.16,4.0,19.0,50.0,2.1,
2026-01-03,Libre,20h 40m,C. 츼lvarez,7.166,3.0,69.0,12.0,4.3,
2026-01-03,Libre,20h 40m,W. Swedberg,1.614,3.0,39.0,5.0,3.9,
2026-01-03,Libre,20h 40m,A. Reina,0.282,3.0,46.0,1370.0,2.9,
2026-01-03,Libre,20h 40m,C. Pickel,0.198,3.0,26.0,8.0,2.6,other
2026-01-03,Dani,20h 40m,Y. Neyou,0.18,3.0,3.0,9.0,0.6,
2026-01-03,Dani,20h 40m,A. Catena,10.395,2.0,75.0,50.0,4.7,
2026-01-03,Libre,20h 40m,R. Ara칰jo,4.934,2.0,58.0,3.0,5.3,other
2026-01-03,Libre,20h 40m,J. Gal치n,0.7,2.0,12.0,50.0,2.4,
2026-01-03,Dani,20h 40m,J. Donald,0.19,2.0,29.0,23.0,2.6,
2026-01-03,Dani,20h 40m,J. Cabello,0.173,2.0,11.0,12.0,2.2,
2026-01-03,Dani,20h 40m,A. Nyom,0.16,2.0,6.0,9.0,1.0,
2026-01-03,Libre,20h 40m,Y. Enr칤quez,0.16,2.0,33.0,48.0,2.8,
2026-01-03,Libre,20h 40m,T. Courtois,12.069,1.0,91.0,15.0,5.1,
2026-01-03,Libre,20h 40m,L. Rom치n,5.13,1.0,57.0,408.0,4.8,
2026-01-04,Maldinillo 游눤,20h 37m,A. Budimir,11.231,4.0,77.0,50.0,4.5,
2026-01-04,Libre,20h 37m,H. Duro,9.604,4.0,77.0,19.0,4.3,
2026-01-04,Maldinillo 游눤,20h 37m,I. Williams,5.713,4.0,27.0,1.0,2.3,
2026-01-04,Libre,20h 37m,J. Bellingham,20.587,3.0,79.0,15.0,5.6,
2026-01-04,Libre,20h 37m,A. Tchouam칠ni,15.008,3.0,76.0,15.0,4.8,
2026-01-04,Dani,20h 37m,S. Comesa침a,12.367,3.0,76.0,20.0,4.8,
2026-01-04,Maldinillo 游눤,20h 37m,츼. Berenguer,7.778,3.0,73.0,1.0,4.3,
2026-01-04,Libre,20h 37m,S. Amrabat,6.656,3.0,45.0,4.0,5.6,other
2026-01-04,Libre,20h 37m,S. S치nchez,0.16,3.0,8.0,1.0,2.0,
2026-01-04,Dani,20h 37m,A. Balde,11.484,2.0,64.0,3.0,4.3,
2026-01-04,Dani,20h 37m,A. Catena,10.418,2.0,81.0,50.0,4.8,
2026-01-04,Dani,20h 37m,M. Valjent,5.068,2.0,52.0,408.0,3.1,
2026-01-04,Libre,20h 37m,R. Ara칰jo,4.798,2.0,58.0,3.0,5.3,other
2026-01-04,Libre,20h 37m,R. Asencio,4.772,2.0,43.0,15.0,3.6,
2026-01-04,Los marinero,20h 37m,J. Luis Gay,2.716,2.0,32.0,19.0,2.1,
2026-01-04,Dani,20h 37m,J. Copete,2.517,2.0,36.0,19.0,2.4,
2026-01-04,Jotabetrbb,20h 37m,C. Starfelt,2.507,2.0,28.0,5.0,2.5,injury
2026-01-04,Libre,20h 37m,M. S치nchez,2.353,2.0,62.0,12.0,4.1,five
2026-01-04,Libre,20h 37m,H. Fort,2.013,2.0,45.0,23.0,5.0,injury
2026-01-04,Maldinillo 游눤,20h 37m,M. Ruggeri,1.304,2.0,40.0,2.0,3.3,
2026-01-04,Los marinero,20h 37m,C. Azpilicueta,0.937,2.0,34.0,17.0,3.8,injury
2026-01-04,Libre,20h 37m,I. Balliu,0.164,2.0,18.0,14.0,2.3,injury
2026-01-04,Libre,20h 37m,M. Kumbulla,0.16,2.0,12.0,408.0,2.4,
2026-01-04,Libre,20h 37m,M. Morey,0.16,2.0,32.0,408.0,2.9,
2026-01-04,Maldinillo 游눤,20h 37m,L. J칰nior,7.473,1.0,61.0,20.0,4.4,
2026-01-04,MuchaSalsa,20h 37m,D. Soria,7.344,1.0,77.0,9.0,4.3,
2026-01-04,Libre,20h 37m,A. Remiro,3.477,1.0,55.0,16.0,3.2,
2026-01-05,Jotabetrbb,1d 20h,J. 츼lvarez,19.935,4.0,84.0,2.0,4.4,
2026-01-05,Dani,1d 20h,H. Duro,9.703,4.0,77.0,19.0,4.3,
2026-01-05,Dani,1d 20h,S. Comesa침a,12.329,3.0,76.0,20.0,4.8,
2026-01-05,Jotabetrbb,1d 20h,C. Gallagher,1.973,3.0,62.0,2.0,3.3,
2026-01-05,Dani,1d 20h,A. Balde,11.541,2.0,64.0,3.0,4.3,
2026-01-05,Dani,1d 20h,A. Catena,10.472,2.0,81.0,50.0,4.8,
2026-01-05,Dani,1d 20h,M. Valjent,5.008,2.0,55.0,408.0,3.1,
2026-01-05,Jotabetrbb,1d 20h,C. Starfelt,2.475,2.0,28.0,5.0,2.5,injury
2026-01-05,Libre,20h 30m,A. Santos,17.821,4.0,67.0,4.0,5.2,
2026-01-05,Maldinillo 游눤,20h 30m,A. Budimir,11.234,4.0,77.0,50.0,4.5,
2026-01-05,Maldinillo 游눤,20h 30m,I. Williams,5.688,4.0,26.0,1.0,2.2,
2026-01-05,Maldinillo 游눤,20h 30m,K. Garc칤a,2.698,4.0,62.0,8.0,3.6,
2026-01-05,Libre,20h 30m,R. Bardghji,0.726,4.0,34.0,3.0,3.8,
2026-01-05,Maldinillo 游눤,20h 30m,츼. Berenguer,7.854,3.0,73.0,1.0,4.3,
2026-01-05,Libre,20h 30m,C. 츼lvarez,7.111,3.0,80.0,12.0,4.7,
2026-01-05,Chamac칩nicos,20h 30m,A. Blanco,5.073,3.0,65.0,48.0,4.1,
2026-01-05,Libre,20h 30m,J. Cardoso,1.63,3.0,15.0,2.0,3.0,
2026-01-05,Libre,20h 30m,C. Pickel,0.16,3.0,26.0,8.0,2.6,other
2026-01-05,Libre,20h 30m,S. S치nchez,0.16,3.0,8.0,1.0,2.0,
2026-01-05,Libre,20h 30m,칄. Milit칚o,10.264,2.0,81.0,15.0,6.2,injury
2026-01-05,Chamac칩nicos,20h 30m,J. Rueda,4.518,2.0,55.0,5.0,4.6,
2026-01-05,Libre,20h 30m,Y. 츼lvarez,0.169,2.0,0.0,1.0,0.0,other
2026-01-05,Libre,20h 30m,V. Parada,0.173,2.0,29.0,48.0,2.1,five
2026-01-05,Libre,20h 30m,A. Mumin,0.16,2.0,0.0,14.0,0.0,injury
2026-01-05,Libre,20h 30m,츼. Valles,5.075,1.0,42.0,4.0,3.8,
2026-01-05,Libre,20h 30m,J. Letacek,0.16,1.0,0.0,9.0,0.0,
2026-01-06,Jotabetrbb,20h 33m,J. 츼lvarez,19.903,4.0,84.0,2.0,4.4,
2026-01-06,Maldinillo 游눤,20h 33m,A. Budimir,11.277,4.0,77.0,50.0,4.5,
2026-01-06,Libre,20h 33m,R. Mir,9.9,4.0,90.0,23.0,5.0,
2026-01-06,Dani,20h 33m,H. Duro,9.799,4.0,77.0,19.0,4.3,five
2026-01-06,Libre,20h 33m,F. Vi침as,0.937,4.0,40.0,1370.0,2.7,double
2026-01-06,Libre,20h 33m,T. Fern치ndez,0.187,4.0,3.0,3.0,3.0,
2026-01-06,Dani,20h 33m,S. Comesa침a,12.289,3.0,76.0,20.0,4.8,
2026-01-06,Maldinillo 游눤,20h 33m,츼. Berenguer,7.961,3.0,73.0,1.0,4.3,
2026-01-06,Libre,20h 33m,N. Gonz치lez,7.225,3.0,63.0,2.0,4.2,doubt
2026-01-06,Jotabetrbb,20h 33m,C. Gallagher,1.978,3.0,62.0,2.0,3.3,
2026-01-06,Libre,20h 33m,P. Cabanes,0.176,3.0,0.0,20.0,0.0,injury
2026-01-06,Libre,20h 33m,L. Su캜i캖,0.162,3.0,4.0,16.0,0.7,
2026-01-06,Libre,20h 33m,O. Ejaria,0.16,3.0,17.0,1370.0,2.4,doubt
2026-01-06,Libre,20h 33m,E. Garc칤a,16.166,2.0,116.0,3.0,6.1,
2026-01-06,Dani,20h 33m,A. Balde,11.601,2.0,64.0,3.0,4.3,
2026-01-06,Dani,20h 33m,A. Catena,10.546,2.0,81.0,50.0,4.8,
2026-01-06,Libre,20h 33m,R. Veiga,7.081,2.0,37.0,20.0,2.6,
2026-01-06,Dani,20h 33m,M. Valjent,4.938,2.0,55.0,408.0,3.1,
2026-01-06,Libre,20h 33m,A. Laporte,4.979,2.0,40.0,1.0,3.6,injury
2026-01-06,Jotabetrbb,20h 33m,C. Starfelt,2.421,2.0,28.0,5.0,2.5,doubt
2026-01-07,Dani,1d 20h,H. Duro,9.826,4.0,77.0,19.0,4.3,five
2026-01-07,Dani,1d 20h,S. Comesa침a,12.266,3.0,76.0,20.0,4.8,
2026-01-07,Dani,1d 20h,A. Balde,11.654,2.0,64.0,3.0,4.3,
2026-01-07,Dani,1d 20h,A. Catena,10.602,2.0,81.0,50.0,4.8,
2026-01-07,Libre,20h 34m,M. Rashford,14.79,4.0,87.0,3.0,4.8,
2026-01-07,Maldinillo 游눤,20h 34m,A. Budimir,11.319,4.0,77.0,50.0,4.5,
2026-01-07,Libre,20h 34m,A. S치nchez,5.309,4.0,50.0,17.0,3.8,
2026-01-07,Libre,20h 34m,T. Borbas,0.634,4.0,0.0,1370.0,0.0,
2026-01-07,Libre,20h 34m,Alem칚o,0.186,4.0,30.0,14.0,2.7,doubt
2026-01-07,Maldinillo 游눤,20h 34m,츼. Berenguer,8.06,3.0,73.0,1.0,4.3,
2026-01-07,Libre,20h 34m,L. Kourouma,0.204,3.0,4.0,222.0,1.0,
2026-01-07,Libre,20h 34m,칍. Trejo,0.16,3.0,9.0,14.0,2.3,
2026-01-07,Libre,20h 34m,D. Huijsen,13.47,2.0,43.0,15.0,3.3,
2026-01-07,Libre,20h 34m,J. 츼ngel Carmona,4.079,2.0,60.0,17.0,3.8,
2026-01-07,Libre,20h 34m,M. Morey,0.206,2.0,32.0,408.0,2.9,
2026-01-07,Libre,20h 34m,V. Parada,0.16,2.0,29.0,48.0,2.1,
2026-01-07,Libre,20h 34m,P. Espino,0.16,2.0,31.0,14.0,2.6,
2026-01-07,Libre,20h 34m,B. Diaby,0.16,2.0,5.0,23.0,1.7,
2026-01-07,Libre,20h 34m,A. Sivera,6.541,1.0,84.0,48.0,4.7,
2026-01-07,Libre,20h 34m,P. Gazzaniga,6.325,1.0,63.0,222.0,3.7,
2026-01-08,Maldinillo 游눤,1d 20h,M. Rashford,14.738,4.0,87.0,3.0,4.8,
2026-01-08,Maldinillo 游눤,1d 20h,A. Budimir,11.361,4.0,77.0,50.0,4.5,
2026-01-08,Dani,1d 20h,H. Duro,9.795,4.0,77.0,19.0,4.3,five
2026-01-08,Dani,1d 20h,S. Comesa침a,12.224,3.0,76.0,20.0,4.8,
2026-01-08,Maldinillo 游눤,1d 20h,츼. Berenguer,8.167,3.0,73.0,1.0,4.3,
2026-01-08,Jotabetrbb,1d 20h,C. Gallagher,1.946,3.0,62.0,2.0,3.3,
2026-01-08,Dani,1d 20h,A. Balde,11.697,2.0,64.0,3.0,4.3,
2026-01-08,Dani,1d 20h,A. Catena,10.661,2.0,81.0,50.0,4.8,
2026-01-08,Jotabetrbb,1d 20h,C. Starfelt,2.362,2.0,28.0,5.0,2.5,doubt
2026-01-08,Libre,20h 34m,A. Danjuma,5.086,4.0,61.0,19.0,3.6,
2026-01-08,Libre,20h 34m,O. 칍skarsson,0.207,4.0,11.0,16.0,2.8,
2026-01-08,Libre,20h 34m,J. Karrikaburu,0.179,4.0,11.0,16.0,1.8,
2026-01-08,Libre,20h 34m,A. Witsel,2.076,3.0,52.0,222.0,3.5,
2026-01-08,Libre,20h 34m,P. D칤az,0.204,3.0,38.0,14.0,2.5,
2026-01-08,Libre,20h 34m,A. Guevara,0.173,3.0,32.0,48.0,2.9,
2026-01-08,Libre,20h 34m,P. Mar칤n,0.165,3.0,30.0,16.0,1.9,
2026-01-08,Libre,20h 34m,S. Becerra,0.16,3.0,1.0,14.0,0.3,
2026-01-08,Los marinero,20h 34m,T. Correia,1.22,2.0,31.0,19.0,2.4,
2026-01-08,Libre,20h 34m,J. Rodr칤guez,1.205,2.0,48.0,5.0,3.2,
2026-01-08,Libre,20h 34m,L. Felipe,0.162,2.0,16.0,14.0,2.3,
2026-01-09,Dani,1d 20h,S. Comesa침a,12.192,3.0,76.0,20.0,4.8,
2026-01-09,Dani,1d 20h,A. Balde,11.729,2.0,64.0,3.0,4.3,
2026-01-09,Dani,1d 20h,A. Catena,10.709,2.0,81.0,50.0,4.8,
2026-01-09,Los marinero,1d 20h,T. Correia,1.18,2.0,31.0,19.0,2.4,
2026-01-09,Maldinillo 游눤,20h 33m,M. Rashford,14.685,4.0,87.0,3.0,4.8,
2026-01-09,Libre,20h 33m,B. Iglesias,13.502,4.0,102.0,5.0,6.0,
2026-01-09,Libre,20h 33m,G. Moreno,11.985,4.0,59.0,20.0,7.4,
2026-01-09,Maldinillo 游눤,20h 33m,A. Budimir,11.398,4.0,77.0,50.0,4.5,
2026-01-09,Libre,20h 33m,A. S치nchez,5.202,4.0,50.0,17.0,3.8,
2026-01-09,Libre,20h 33m,M. Joseph,1.322,4.0,53.0,408.0,3.1,
2026-01-09,Libre,20h 33m,G. Raspadori,0.199,4.0,23.0,2.0,1.9,
2026-01-09,Maldinillo 游눤,20h 33m,츼. Berenguer,8.26,3.0,73.0,1.0,4.3,
2026-01-09,Jotabetrbb,20h 33m,B. Mendy,2.404,3.0,53.0,17.0,3.8,
2026-01-09,Jotabetrbb,20h 33m,C. Gallagher,1.905,3.0,62.0,2.0,3.3,
2026-01-09,Libre,20h 33m,A. Osambela,0.16,3.0,12.0,50.0,2.0,
2026-01-09,Libre,20h 33m,츼. Sancris,0.16,3.0,26.0,9.0,2.0,
2026-01-09,Libre,20h 33m,R. Veiga,6.858,2.0,37.0,20.0,2.6,
2026-01-09,Libre,20h 33m,S. G칩mez,4.215,2.0,58.0,16.0,3.2,
2026-01-09,Libre,20h 33m,J. Gim칠nez,3.505,2.0,32.0,2.0,4.6,
2026-01-09,Jotabetrbb,20h 33m,C. Starfelt,2.387,2.0,28.0,5.0,2.5,
2026-01-09,Libre,20h 33m,M. S치nchez,1.977,2.0,62.0,12.0,4.1,
2026-01-09,Libre,20h 33m,L. P칠trot,0.208,2.0,24.0,23.0,1.6,
2026-01-09,Libre,20h 33m,D. Calvo,0.16,2.0,29.0,1370.0,3.2,
2026-01-09,Libre,20h 33m,A. Sivera,6.743,1.0,84.0,48.0,4.7,
2026-01-09,Libre,20h 33m,J. Musso,0.16,1.0,4.0,2.0,4.0,
2026-01-10,Libre,20h 39m,A. Gonz치lez,0.2,4.0,27.0,17.0,2.7,injury
2026-01-10,Libre,20h 39m,C. Bakambu,0.177,4.0,13.0,4.0,1.9,other
2026-01-10,Libre,20h 39m,P. Garc칤a,0.162,4.0,28.0,4.0,2.5,
2026-01-10,Dani,20h 39m,S. Comesa침a,12.12,3.0,76.0,20.0,4.8,
2026-01-10,Maldinillo 游눤,20h 39m,츼. Berenguer,8.341,3.0,73.0,1.0,4.3,
2026-01-10,Libre,20h 39m,S. Amrabat,6.397,3.0,45.0,4.0,5.6,other
2026-01-10,Libre,20h 39m,D. L칩pez,2.989,3.0,63.0,19.0,3.5,
2026-01-10,Jotabetrbb,20h 39m,B. Mendy,2.34,3.0,53.0,17.0,3.8,
2026-01-10,Jotabetrbb,20h 39m,C. Gallagher,1.876,3.0,62.0,2.0,3.3,
2026-01-10,Libre,20h 39m,B. Turrientes,0.369,3.0,36.0,16.0,3.6,
2026-01-10,Libre,20h 39m,J. Carreras,0.216,3.0,31.0,8.0,2.8,
2026-01-10,Libre,20h 39m,D. Huijsen,13.218,2.0,43.0,15.0,3.3,other
2026-01-10,Dani,20h 39m,A. Balde,11.756,2.0,64.0,3.0,4.3,
2026-01-10,Dani,20h 39m,A. Catena,10.759,2.0,81.0,50.0,4.8,
2026-01-10,Libre,20h 39m,D. Blind,3.471,2.0,49.0,222.0,3.1,
2026-01-10,Jotabetrbb,20h 39m,C. Starfelt,2.449,2.0,28.0,5.0,2.5,
2026-01-10,Los marinero,20h 39m,T. Correia,1.147,2.0,31.0,19.0,2.4,
2026-01-10,Libre,20h 39m,C. Riedel,0.457,2.0,31.0,8.0,3.9,
2026-01-11,Libre,20h 37m,G. Koyalipou,0.16,4.0,27.0,12.0,2.5,doubt
2026-01-11,Libre,20h 37m,A. Kamara,0.16,4.0,13.0,9.0,1.4,injury
2026-01-11,Dani,20h 37m,P. Barrios,15.534,3.0,99.0,2.0,5.5,doubt
2026-01-11,Dani,20h 37m,S. Comesa침a,12.039,3.0,79.0,20.0,4.6,
2026-01-11,Maldinillo 游눤,20h 37m,츼. Berenguer,8.41,3.0,73.0,1.0,4.3,
2026-01-11,Jotabetrbb,20h 37m,B. Mendy,2.286,3.0,53.0,17.0,3.8,
2026-01-11,Libre,20h 37m,B. Turrientes,0.393,3.0,36.0,16.0,3.6,
2026-01-11,Libre,20h 37m,B. D칤az,0.329,3.0,25.0,15.0,2.1,other
2026-01-11,Dani,20h 37m,A. Balde,11.775,2.0,64.0,3.0,4.3,
2026-01-11,Dani,20h 37m,A. Catena,10.821,2.0,85.0,50.0,4.7,
2026-01-11,Dani,20h 37m,J. Gim칠nez,3.686,2.0,32.0,2.0,4.6,
2026-01-11,Jotabetrbb,20h 37m,C. Starfelt,2.511,2.0,28.0,5.0,2.5,
2026-01-11,Libre,20h 37m,H. Fort,1.513,2.0,45.0,23.0,5.0,injury
2026-01-11,Libre,20h 37m,J. Cruz,0.184,2.0,23.0,50.0,1.9,
2026-01-11,Libre,20h 37m,T. Lato,0.16,2.0,7.0,408.0,1.8,
2026-01-11,Libre,20h 37m,M. Dmitrovi캖,10.282,1.0,93.0,8.0,5.2,
2026-01-11,Libre,20h 37m,P. Gazzaniga,5.984,1.0,66.0,222.0,3.7,
2026-01-11,Libre,20h 37m,A. Remiro,3.891,1.0,61.0,16.0,3.2,
2026-01-12,Libre,20h 31m,I. Romero,6.63,4.0,74.0,12.0,4.9,
2026-01-12,Libre,20h 31m,I. Aspas,5.857,4.0,59.0,5.0,3.7,
2026-01-12,Libre,20h 31m,T. Asano,0.174,4.0,32.0,408.0,2.5,
2026-01-12,Libre,20h 31m,C. Bakambu,0.169,4.0,13.0,4.0,1.9,other
2026-01-12,Libre,20h 31m,D. Olmo,11.124,3.0,89.0,3.0,6.4,
2026-01-12,Maldinillo 游눤,20h 31m,츼. Berenguer,8.483,3.0,73.0,1.0,4.3,
2026-01-12,Libre,20h 31m,M. Roca,3.634,3.0,44.0,4.0,3.1,
2026-01-12,Maldinillo 游눤,20h 31m,C. da Costa,0.186,3.0,30.0,9.0,2.3,
2026-01-12,Dani,20h 31m,E. Garc칤a,16.307,2.0,116.0,3.0,6.1,
2026-01-12,Dani,20h 31m,A. Balde,11.8,2.0,64.0,3.0,4.3,
2026-01-12,Dani,20h 31m,A. Catena,10.897,2.0,85.0,50.0,4.7,
2026-01-12,Dani,20h 31m,J. Gim칠nez,3.777,2.0,32.0,2.0,4.6,
2026-01-12,Dani,20h 31m,D. Blind,3.655,2.0,56.0,222.0,3.3,
2026-01-12,Los marinero,20h 31m,T. Correia,1.073,2.0,33.0,19.0,2.4,
2026-01-12,Maldinillo 游눤,20h 31m,R. Rodr칤guez,0.296,2.0,27.0,4.0,2.1,
2026-01-12,Libre,20h 31m,J. S치nchez,0.252,2.0,36.0,17.0,2.6,
2026-01-12,Libre,20h 31m,J. Vertrouwd,0.179,2.0,6.0,14.0,1.5,
2026-01-12,Libre,20h 31m,D. L칩pez,0.171,2.0,2.0,408.0,2.0,
2026-01-12,Maldinillo 游눤,20h 31m,R. S치nchez,0.16,2.0,23.0,8.0,2.3,
2026-01-12,Libre,20h 31m,P. Gazzaniga,5.898,1.0,66.0,222.0,3.7,
2026-01-13,Libre,20h 34m,Isco,11.387,3.0,5.0,4.0,5.0,injury
2026-01-13,Maldinillo 游눤,20h 34m,V. Tsygankov,8.598,3.0,66.0,222.0,5.1,
2026-01-13,Libre,20h 34m,L. Rioja,4.853,3.0,69.0,19.0,3.8,
2026-01-13,Libre,20h 34m,A. Zakharyan,0.188,3.0,22.0,16.0,1.8,
2026-01-13,Libre,20h 34m,L. Ilic,0.16,3.0,22.0,1370.0,1.7,
2026-01-13,Dani,20h 34m,E. Garc칤a,16.336,2.0,116.0,3.0,6.1,
2026-01-13,Dani,20h 34m,A. Balde,11.833,2.0,64.0,3.0,4.3,
2026-01-13,Dani,20h 34m,A. Catena,10.977,2.0,85.0,50.0,4.7,
2026-01-13,Libre,20h 34m,S. Mouri침o,5.403,2.0,47.0,20.0,3.9,
2026-01-13,Dani,20h 34m,J. Gim칠nez,3.869,2.0,32.0,2.0,4.6,
2026-01-13,Dani,20h 34m,D. Blind,3.77,2.0,56.0,222.0,3.3,
2026-01-13,Libre,20h 34m,S. Cardona,2.832,2.0,49.0,20.0,3.3,
2026-01-13,Libre,20h 34m,H. Beller칤n,2.028,2.0,58.0,4.0,3.6,
2026-01-13,Libre,20h 34m,J. Torrents,0.173,2.0,7.0,3.0,2.3,
2026-01-13,Libre,20h 34m,V. Parada,0.199,2.0,31.0,48.0,2.1,
2026-01-13,Libre,20h 34m,D. L칩pez,0.16,2.0,2.0,408.0,2.0,
2026-01-13,Libre,20h 34m,M. Ryan,9.007,1.0,81.0,12.0,5.1,
2026-01-13,Libre,20h 34m,A. Sivera,7.016,1.0,86.0,48.0,4.5,
2026-01-13,Libre,20h 34m,츼. Fortu침o,0.203,1.0,0.0,8.0,0.0,
2026-01-14,Libre,20h 33m,R. Garc칤a de Haro,1.641,4.0,63.0,50.0,3.5,
2026-01-14,Libre,20h 33m,U. Sadiq,0.599,4.0,11.0,19.0,1.8,
2026-01-14,Dani,20h 33m,C. Bakambu,0.246,4.0,13.0,4.0,1.9,
2026-01-14,Libre,20h 33m,A. G칲ler,16.866,3.0,91.0,15.0,4.8,
2026-01-14,Jotabetrbb,20h 33m,R. Vargas,8.107,3.0,67.0,17.0,5.2,doubt
2026-01-14,Jotabetrbb,20h 33m,N. Gonz치lez,6.06,3.0,63.0,2.0,4.2,doubt
2026-01-14,Libre,20h 33m,M. Jauregizar,5.774,3.0,72.0,1.0,3.8,
2026-01-14,Jotabetrbb,20h 33m,A. Almeida,3.236,3.0,39.0,19.0,3.0,
2026-01-14,Libre,20h 33m,M. Bueno,0.16,3.0,7.0,17.0,2.3,
2026-01-14,Dani,20h 33m,A. Balde,11.888,2.0,64.0,3.0,4.3,
2026-01-14,Dani,20h 33m,A. Catena,11.071,2.0,85.0,50.0,4.7,
2026-01-14,Jotabetrbb,20h 33m,G. Mart칤n,9.703,2.0,73.0,3.0,4.3,
2026-01-14,Libre,20h 33m,R. Mar칤n,6.952,2.0,62.0,20.0,4.8,
2026-01-14,Jotabetrbb,20h 33m,D. Costas,3.963,2.0,52.0,1370.0,3.7,
2026-01-14,Dani,20h 33m,J. Gim칠nez,3.981,2.0,32.0,2.0,4.6,
2026-01-14,Dani,20h 33m,D. Blind,3.902,2.0,56.0,222.0,3.3,
2026-01-14,Libre,20h 33m,J. Iglesias,2.37,2.0,67.0,9.0,3.7,
2026-01-14,Libre,20h 33m,J. Toljan,1.174,2.0,64.0,12.0,3.6,
2026-01-14,Libre,20h 33m,L. Felipe,0.185,2.0,16.0,14.0,2.3,injury
2026-01-14,Libre,20h 33m,J. Garcia,15.754,1.0,92.0,3.0,7.1,
2026-01-14,Libre,20h 33m,M. Ryan,9.156,1.0,81.0,12.0,5.1,
2026-01-14,Libre,20h 33m,A. Sivera,7.079,1.0,86.0,48.0,4.5,
2026-01-15,Libre,20h 33m,G. Mikautadze,10.951,4.0,70.0,20.0,5.4,
2026-01-15,Chamac칩nicos,20h 33m,츼. Rodr칤guez,6.417,4.0,76.0,23.0,4.8,
2026-01-15,Libre,20h 33m,V. Vanat,3.296,4.0,61.0,222.0,3.8,
2026-01-15,Dani,20h 33m,C. Bakambu,0.318,4.0,13.0,4.0,1.9,
2026-01-15,Chamac칩nicos,20h 33m,A. Oroz,9.614,3.0,51.0,50.0,3.9,
2026-01-15,Libre,20h 33m,I. Mart칤n,3.457,3.0,58.0,222.0,3.4,
2026-01-15,Jotabetrbb,20h 33m,A. Almeida,3.265,3.0,39.0,19.0,3.0,
2026-01-15,Libre,20h 33m,B. Mendy,2.197,3.0,56.0,17.0,3.7,
2026-01-15,Maldinillo 游눤,20h 33m,B. D칤az,0.457,3.0,25.0,15.0,2.1,other
2026-01-15,Maldinillo 游눤,20h 33m,M. Bernal,0.219,3.0,19.0,3.0,2.7,
2026-01-15,Maldinillo 游눤,20h 33m,Y. Asprilla,0.199,3.0,33.0,222.0,2.4,
2026-01-15,Libre,20h 33m,U. G칩mez,0.171,3.0,20.0,1.0,1.8,
2026-01-15,Dani,20h 33m,A. Balde,11.936,2.0,64.0,3.0,4.3,
2026-01-15,Jotabetrbb,20h 33m,G. Mart칤n,9.882,2.0,73.0,3.0,4.3,
2026-01-15,Chamac칩nicos,20h 33m,N. Mendy,5.492,2.0,47.0,14.0,4.3,
2026-01-15,Chamac칩nicos,20h 33m,S. Carreira,5.067,2.0,59.0,5.0,3.7,
2026-01-15,Libre,20h 33m,J. Mojica,5.504,2.0,67.0,408.0,3.5,
2026-01-15,Jotabetrbb,20h 33m,D. Costas,4.073,2.0,52.0,1370.0,3.7,
2026-01-15,Dani,20h 33m,J. Gim칠nez,4.106,2.0,32.0,2.0,4.6,
2026-01-15,Dani,20h 33m,D. Blind,4.039,2.0,56.0,222.0,3.3,
2026-01-15,Libre,20h 33m,J. Cancelo,2.706,2.0,0.0,3.0,0.0,
2026-01-15,Libre,20h 33m,Oso,1.82,2.0,20.0,17.0,4.0,
2026-01-15,Maldinillo 游눤,20h 33m,R. Rodr칤guez,0.245,2.0,27.0,4.0,2.1,
2026-01-15,Libre,20h 33m,M. Morey,0.216,2.0,32.0,408.0,2.9,
2026-01-15,Libre,20h 33m,L. Laso,0.201,2.0,0.0,9.0,0.0,
2026-01-15,Maldinillo 游눤,20h 33m,T. Courtois,12.936,1.0,96.0,15.0,5.1,
2026-01-15,Chamac칩nicos,20h 33m,S. Herrera,11.294,1.0,97.0,50.0,5.1,
2026-01-15,Libre,20h 33m,M. Ryan,9.31,1.0,81.0,12.0,5.1,
2026-01-15,Libre,20h 33m,A. Sivera,7.164,1.0,86.0,48.0,4.5,
2026-01-16,Chamac칩nicos,20h 34m,츼. Rodr칤guez,6.538,4.0,76.0,23.0,4.8,
2026-01-16,Dani,20h 34m,U. Sadiq,0.692,4.0,11.0,19.0,1.8,
2026-01-16,Dani,20h 34m,C. Bakambu,0.364,4.0,13.0,4.0,1.9,
2026-01-16,Libre,20h 34m,G. Raspadori,0.16,4.0,23.0,0.0,1.9,
2026-01-16,Libre,20h 34m,A. Ruiz,0.16,4.0,5.0,222.0,1.7,injury
2026-01-16,Libre,20h 34m,Alem칚o,0.16,4.0,30.0,14.0,2.7,
2026-01-16,Chamac칩nicos,20h 34m,A. Oroz,9.729,3.0,51.0,50.0,3.9,
2026-01-16,Los marinero,20h 34m,D. Sow,1.237,3.0,47.0,17.0,3.1,doubt
2026-01-16,Libre,20h 34m,J. Guerra,1.199,3.0,51.0,19.0,2.7,
2026-01-16,Libre,20h 34m,K. Barja,0.16,3.0,23.0,50.0,1.6,
2026-01-16,Libre,20h 34m,P. Agud칤n,0.16,3.0,5.0,1370.0,1.3,
2026-01-16,Libre,20h 34m,F. P칠rez,0.16,3.0,40.0,14.0,2.5,
2026-01-16,Libre,20h 34m,츼. Carreras,12.748,2.0,69.0,15.0,4.1,
2026-01-16,Dani,20h 34m,A. Balde,11.983,2.0,64.0,3.0,4.3,
2026-01-16,Chamac칩nicos,20h 34m,N. Mendy,5.42,2.0,47.0,14.0,4.3,
2026-01-16,Libre,20h 34m,R. Veiga,6.33,2.0,39.0,20.0,2.6,
2026-01-16,Chamac칩nicos,20h 34m,S. Carreira,5.039,2.0,59.0,5.0,3.7,
2026-01-16,Dani,20h 34m,J. Gim칠nez,4.22,2.0,32.0,2.0,4.6,
2026-01-16,Dani,20h 34m,D. Blind,4.184,2.0,56.0,222.0,3.3,
2026-01-16,Libre,20h 34m,J. Herrando,1.06,2.0,34.0,50.0,2.3,
2026-01-16,Libre,20h 34m,K. Femen칤a,0.535,2.0,43.0,9.0,2.9,
2026-01-16,Libre,20h 34m,J. Garcia,15.826,1.0,92.0,3.0,7.1,
2026-01-16,Chamac칩nicos,20h 34m,S. Herrera,11.338,1.0,97.0,50.0,5.1,
2026-01-16,Libre,20h 34m,M. Ryan,9.456,1.0,81.0,12.0,5.1,
2026-01-16,Libre,20h 34m,L. J칰nior,6.879,1.0,63.0,20.0,4.2,
2026-01-17,Dani,1d 20h,C. Bakambu,0.397,4.0,13.0,4.0,1.9,
2026-01-17,Chamac칩nicos,20h 39m,츼. Rodr칤guez,6.605,4.0,76.0,23.0,4.8,
2026-01-17,Libre,20h 39m,C. Stuani,0.182,4.0,36.0,222.0,3.6,injury
2026-01-17,Libre,20h 39m,A. Ruiz,0.16,4.0,5.0,222.0,1.7,injury
2026-01-17,Chamac칩nicos,20h 39m,A. Oroz,9.793,3.0,51.0,50.0,3.9,
2026-01-17,Libre,20h 39m,I. Chaira,0.591,3.0,52.0,1370.0,3.1,
2026-01-17,Chamac칩nicos,20h 39m,N. Mendy,5.35,2.0,47.0,14.0,4.3,
2026-01-17,Chamac칩nicos,20h 39m,S. Carreira,4.96,2.0,59.0,5.0,3.7,
2026-01-17,Libre,20h 39m,F. Boyomo,4.59,2.0,69.0,50.0,4.3,
2026-01-17,Libre,20h 39m,A. Mart칤nez,4.153,2.0,66.0,222.0,3.7,
2026-01-17,Libre,20h 39m,G. Suazo,1.93,2.0,45.0,17.0,3.8,doubt
2026-01-17,Libre,20h 39m,K. Salas,0.741,2.0,29.0,17.0,3.6,
2026-01-17,Libre,20h 39m,O. Luengo,0.208,2.0,5.0,1370.0,2.5,
2026-01-17,Libre,20h 39m,J. L칩pez,0.185,2.0,21.0,1370.0,2.6,
2026-01-17,Libre,20h 39m,T. Nianzou,0.186,2.0,14.0,17.0,2.3,
2026-01-17,Libre,20h 39m,A. Matturro,0.16,2.0,12.0,12.0,2.0,
2026-01-17,Chamac칩nicos,20h 39m,S. Herrera,11.347,1.0,97.0,50.0,5.1,
2026-01-17,Libre,20h 39m,A. San Miguel,0.18,1.0,0.0,4.0,0.0,
2026-01-17,Libre,20h 39m,H. Moldovan,0.16,1.0,0.0,1370.0,0.0,
2026-01-18,Jotabetrbb,20h 38m,A. P칠rez,10.868,4.0,40.0,20.0,3.3,
2026-01-18,Libre,20h 38m,Rodrygo,10.225,4.0,51.0,15.0,3.0,injury
2026-01-18,Chamac칩nicos,20h 38m,츼. Rodr칤guez,6.676,4.0,76.0,23.0,4.8,
2026-01-18,Dani,20h 38m,C. Bakambu,0.418,4.0,13.0,4.0,1.9,
2026-01-18,Chamac칩nicos,20h 38m,A. Oroz,9.82,3.0,55.0,50.0,3.9,
2026-01-18,Libre,20h 38m,O. Mascarell,1.12,3.0,52.0,408.0,4.0,
2026-01-18,Libre,20h 38m,F. Ugrinic,0.55,3.0,29.0,19.0,3.2,
2026-01-18,Libre,20h 38m,D. Ferna패ndez,0.16,3.0,13.0,3.0,3.3,
2026-01-18,Libre,20h 38m,J. Foyth,10.093,2.0,54.0,20.0,4.5,
2026-01-18,Chamac칩nicos,20h 38m,A. R칲diger,5.902,2.0,24.0,15.0,3.4,injury
2026-01-18,Chamac칩nicos,20h 38m,N. Mendy,5.258,2.0,47.0,14.0,4.3,
2026-01-18,Chamac칩nicos,20h 38m,S. Carreira,4.8,2.0,59.0,5.0,3.7,
2026-01-18,Libre,20h 38m,A. Gorosabel,0.208,2.0,20.0,1.0,2.0,
2026-01-18,Libre,20h 38m,칈. Arguibide,0.208,2.0,8.0,50.0,1.6,
2026-01-18,Libre,20h 38m,A. Franc칠s,0.179,2.0,20.0,222.0,1.8,
2026-01-18,Libre,20h 38m,Davinchi,0.16,2.0,19.0,9.0,2.7,injury
2026-01-18,Libre,20h 38m,J. Musso,0.16,1.0,4.0,2.0,4.0,
2026-01-19,Jotabetrbb,1d 20h,J. 츼lvarez,19.391,4.0,88.0,2.0,4.4,
2026-01-19,Maldinillo 游눤,1d 20h,B. Iglesias,14.089,4.0,103.0,5.0,5.7,
2026-01-19,Maldinillo 游눤,1d 20h,V. Tsygankov,9.593,3.0,70.0,222.0,5.0,
2026-01-19,Jotabetrbb,1d 20h,G. Mart칤n,10.134,2.0,76.0,3.0,4.2,
2026-01-19,Dani,1d 20h,A. Mart칤nez,4.31,2.0,66.0,222.0,3.7,
2026-01-19,Dani,1d 20h,J. Cancelo,3.167,2.0,2.0,3.0,2.0,
2026-01-19,Libre,20h 29m,V. Mu침oz,10.091,4.0,106.0,50.0,5.3,
2026-01-19,Libre,20h 29m,T. Asano,0.209,4.0,32.0,408.0,2.5,
2026-01-19,Libre,20h 29m,E. Camavinga,10.278,3.0,50.0,15.0,3.6,
2026-01-19,Libre,20h 29m,R. Garc칤a,6.482,3.0,68.0,50.0,3.8,
2026-01-19,Libre,20h 29m,H. 츼lvarez,0.45,3.0,45.0,5.0,3.8,
2026-01-19,Libre,20h 29m,K. Sibo,0.164,3.0,25.0,1370.0,2.3,
2026-01-19,Libre,20h 29m,P. Mar칤n,0.16,3.0,31.0,16.0,1.8,
2026-01-19,Libre,20h 29m,R. Ara칰jo,4.348,2.0,58.0,3.0,5.3,
2026-01-19,Los marinero,20h 29m,S. Cardona,2.752,2.0,50.0,20.0,3.1,
2026-01-19,Libre,20h 29m,I. Balliu,0.298,2.0,22.0,14.0,2.4,injury
2026-01-19,Libre,20h 29m,J. Vertrouwd,0.179,2.0,8.0,14.0,1.6,
2026-01-19,Libre,20h 29m,C. Riedel,0.173,2.0,31.0,8.0,3.9,
2026-01-20,Dani,1d 20h,V. Mu침oz,10.143,4.0,106.0,50.0,5.3,
2026-01-20,Dani,1d 20h,A. Mart칤nez,4.426,2.0,66.0,222.0,3.7,
2026-01-20,Dani,1d 20h,J. Cancelo,3.291,2.0,2.0,3.0,2.0,
2026-01-20,Jotabetrbb,20h 31m,J. 츼lvarez,19.353,4.0,88.0,2.0,4.4,
2026-01-20,Maldinillo 游눤,20h 31m,B. Iglesias,14.082,4.0,103.0,5.0,5.7,
2026-01-20,Libre,20h 31m,K. Garc칤a,2.206,4.0,66.0,8.0,3.5,
2026-01-20,Maldinillo 游눤,20h 31m,V. Tsygankov,9.757,3.0,70.0,222.0,5.0,
2026-01-20,Libre,20h 31m,C. Mart칤n,0.629,3.0,7.0,14.0,3.5,
2026-01-20,Libre,20h 31m,G. Diangana,0.314,3.0,30.0,23.0,3.0,
2026-01-20,Libre,20h 31m,S. Becerra,0.21,3.0,1.0,14.0,0.3,
2026-01-20,Libre,20h 31m,A. Osambela,0.164,3.0,13.0,50.0,1.9,
2026-01-20,Libre,20h 31m,L. Astiazaran,0.16,3.0,0.0,16.0,0.0,other
2026-01-20,Libre,20h 31m,츼. Carreras,12.673,2.0,73.0,15.0,4.1,
2026-01-20,Libre,20h 31m,칍. Mingueza,10.559,2.0,78.0,5.0,4.6,
2026-01-20,Jotabetrbb,20h 31m,G. Mart칤n,10.146,2.0,76.0,3.0,4.2,
2026-01-20,Libre,20h 31m,K. Femen칤a,0.534,2.0,43.0,9.0,2.9,
2026-01-20,Libre,20h 31m,H. Rinc칩n,0.512,2.0,38.0,222.0,2.2,
2026-01-20,Libre,20h 31m,A. Matturro,0.16,2.0,13.0,12.0,1.9,
2026-01-20,Libre,20h 31m,J. Musso,0.181,1.0,4.0,2.0,4.0,
2026-01-20,Libre,20h 31m,D. C치rdenas,0.171,1.0,0.0,14.0,0.0,
2026-01-21,Jotabetrbb,20h 31m,J. 츼lvarez,19.351,4.0,88.0,2.0,4.4,
2026-01-21,Libre,20h 31m,E. Eyong,11.889,4.0,85.0,12.0,5.0,
2026-01-21,Dani,20h 31m,V. Mu침oz,10.202,4.0,106.0,50.0,5.3,
2026-01-21,Libre,20h 31m,I. Losada,0.907,4.0,26.0,12.0,3.3,
2026-01-21,Los marinero,20h 31m,C. Soler,8.189,3.0,59.0,16.0,3.5,red
2026-01-21,Libre,20h 31m,O. Ejaria,0.16,3.0,17.0,1370.0,2.4,doubt
2026-01-21,Jotabetrbb,20h 31m,G. Mart칤n,10.179,2.0,76.0,3.0,4.2,
2026-01-21,Libre,20h 31m,J. Foyth,10.036,2.0,54.0,20.0,4.5,
2026-01-21,Dani,20h 31m,A. Mart칤nez,4.495,2.0,66.0,222.0,3.7,five
2026-01-21,Libre,20h 31m,J. 츼ngel Carmona,3.252,2.0,66.0,17.0,3.7,
2026-01-21,Dani,20h 31m,J. Cancelo,3.428,2.0,2.0,3.0,2.0,
2026-01-21,Libre,20h 31m,Y. Berchiche,2.803,2.0,54.0,1.0,3.2,doubt
2026-01-21,Libre,20h 31m,K. Femen칤a,0.522,2.0,43.0,9.0,2.9,
2026-01-21,Libre,20h 31m,A. Christensen,0.174,2.0,30.0,3.0,2.5,injury
2026-01-21,Libre,20h 31m,T. Nianzou,0.16,2.0,14.0,17.0,2.0,
2026-01-21,Libre,20h 31m,O. Luengo,0.16,2.0,7.0,1370.0,2.3,
2026-01-21,Libre,20h 31m,J. Cruz,0.16,2.0,23.0,50.0,1.9,
2026-01-21,Maldinillo 游눤,20h 31m,T. Courtois,13.102,1.0,99.0,15.0,5.0,
2026-01-22,Dani,1d 20h,J. Cancelo,3.568,2.0,2.0,3.0,2.0,
2026-01-22,Dani,20h 31m,V. Mu침oz,10.265,4.0,106.0,50.0,5.3,
2026-01-22,Libre,20h 31m,F. Vi침as,1.003,4.0,51.0,1370.0,3.2,
2026-01-22,Libre,20h 31m,A. G칲ler,16.728,3.0,98.0,15.0,4.9,
2026-01-22,Libre,20h 31m,A. Tchouam칠ni,15.108,3.0,84.0,15.0,4.7,five
2026-01-22,Libre,20h 31m,P. Fern치ndez,1.34,3.0,44.0,17.0,2.8,
2026-01-22,Libre,20h 31m,M. Mart칤n,0.893,3.0,63.0,9.0,3.3,
2026-01-22,Libre,20h 31m,A. Catena,10.874,2.0,80.0,50.0,4.2,red
2026-01-22,Los marinero,20h 31m,칍. Mingueza,10.723,2.0,78.0,5.0,4.6,
2026-01-22,Libre,20h 31m,J. Areso,1.225,2.0,55.0,1.0,3.2,
2026-01-22,Libre,20h 31m,M. Morey,0.175,2.0,35.0,408.0,2.9,
2026-01-22,Libre,20h 31m,D. Jim칠nez,0.169,2.0,0.0,15.0,0.0,
2026-01-22,Libre,20h 31m,P. Espino,0.16,2.0,32.0,14.0,2.3,
2026-01-22,Libre,20h 31m,A. Matturro,0.161,2.0,13.0,12.0,1.9,
2026-01-22,Libre,20h 31m,I. Bekhoucha,0.16,2.0,8.0,9.0,2.0,
2026-01-27,Dani,1d 13h,V. Mu침oz,10.526,4.0,113.0,50.0,5.4,
2026-01-27,Jotabetrbb,1d 13h,U. Sadiq,1.147,4.0,16.0,19.0,2.0,
2026-01-27,Dani,1d 13h,F. Vi침as,1.085,4.0,52.0,1370.0,3.1,
2026-01-27,Libre,1d 13h,M. Aguado,4.003,3.0,65.0,23.0,3.3,
2026-01-27,Jotabetrbb,1d 13h,F. Ugrinic,1.051,3.0,41.0,19.0,3.7,
2026-01-27,Jotabetrbb,1d 13h,G. Mart칤n,10.301,2.0,79.0,3.0,4.2,
2026-01-27,Libre,1d 13h,A. Ruibal,5.234,2.0,86.0,4.0,5.4,doubt
2026-01-27,Dani,1d 13h,J. Gim칠nez,4.662,2.0,37.0,2.0,4.6,
2026-01-27,Dani,1d 13h,J. Cancelo,4.295,2.0,6.0,3.0,3.0,
2026-01-27,Libre,13h 36m,A. Budimir,12.465,4.0,103.0,50.0,5.2,
2026-01-27,Libre,13h 36m,J. Virgili,5.233,3.0,64.0,408.0,4.0,
2026-01-27,Libre,13h 36m,L. Torr칩,4.492,3.0,71.0,50.0,3.6,
2026-01-27,Libre,13h 36m,J. El-Abdellaoui,1.173,3.0,47.0,5.0,3.9,
2026-01-27,Los marinero,13h 36m,D. Sow,1.032,3.0,51.0,17.0,3.0,
2026-01-27,Libre,13h 36m,C. Pickel,0.165,3.0,30.0,8.0,2.5,
2026-01-27,Libre,13h 36m,J. Mojica,4.482,2.0,73.0,408.0,3.5,
2026-01-27,Libre,13h 36m,G. Suazo,2.004,2.0,50.0,17.0,3.6,
2026-01-27,Libre,13h 36m,A. de la Fuente,1.566,2.0,67.0,12.0,3.9,
2026-01-27,Los marinero,13h 36m,A. Mumin,0.16,2.0,0.0,14.0,0.0,injury
2026-01-27,Libre,13h 36m,J. Salinas,0.194,2.0,16.0,8.0,2.0,
2026-01-27,Libre,13h 36m,M. Morey,0.171,2.0,34.0,408.0,2.6,
2026-01-28,Maldinillo 游눤,1d 20h,T. Courtois,13.302,1.0,103.0,15.0,4.9,
2026-01-28,De la Guettir FC,20h 32m,A. Griezmann,12.404,4.0,95.0,2.0,4.8,doubt
2026-01-28,Dani,20h 32m,V. Mu침oz,10.606,4.0,113.0,50.0,5.4,
2026-01-28,Chamac칩nicos,20h 32m,츼. Rodr칤guez,8.093,4.0,88.0,23.0,4.9,
2026-01-28,Jotabetrbb,20h 32m,U. Sadiq,1.164,4.0,16.0,19.0,2.0,
2026-01-28,Dani,20h 32m,F. Vi침as,1.106,4.0,52.0,1370.0,3.1,
2026-01-28,Libre,20h 32m,J. Llabr칠s,0.205,4.0,12.0,408.0,1.1,
2026-01-28,De la Guettir FC,20h 32m,츼. Garc칤a,8.458,3.0,93.0,14.0,4.4,
2026-01-28,Libre,20h 32m,M. Aguado,3.892,3.0,65.0,23.0,3.3,
2026-01-28,Libre,20h 32m,M. Rom치n,2.173,3.0,51.0,5.0,3.9,
2026-01-28,Jotabetrbb,20h 32m,F. Ugrinic,1.092,3.0,41.0,19.0,3.7,
2026-01-28,Libre,20h 32m,L. Dendoncker,0.178,3.0,53.0,1370.0,3.1,
2026-01-28,Jotabetrbb,20h 32m,G. Mart칤n,10.288,2.0,79.0,3.0,4.2,
2026-01-28,De la Guettir FC,20h 32m,P. Chavarr칤a,9.484,2.0,88.0,14.0,4.2,
2026-01-28,De la Guettir FC,20h 32m,D. Affengruber,7.638,2.0,71.0,23.0,3.6,
2026-01-28,Libre,20h 32m,A. Ruibal,5.229,2.0,86.0,4.0,5.4,doubt
2026-01-28,Dani,20h 32m,J. Gim칠nez,4.838,2.0,37.0,2.0,4.6,
2026-01-28,Dani,20h 32m,J. Cancelo,4.468,2.0,6.0,3.0,3.0,
2026-01-28,Libre,20h 32m,J. Rueda,4.189,2.0,68.0,5.0,4.9,
2026-01-28,Libre,20h 32m,A. Bretones,1.741,2.0,58.0,50.0,3.4,
2026-01-28,Libre,20h 32m,V. Rosier,1.644,2.0,44.0,50.0,3.1,
2026-01-28,Libre,20h 32m,F. Garc칠s,0.181,2.0,26.0,48.0,4.3,
2026-01-28,Libre,20h 32m,칈. Lekue,0.16,2.0,5.0,1.0,0.8,red
2026-01-28,Libre,20h 32m,A. Gorosabel,0.16,2.0,20.0,1.0,2.0,
2026-01-28,Libre,20h 32m,P. Campos,0.189,1.0,11.0,12.0,5.5,
2026-01-29,Maldinillo 游눤,1d 20h,T. Courtois,13.348,1.0,103.0,15,4.9,
2026-01-29,Los marinero,20h 18m,N. Williams,13.881,4.0,76.0,1,4.5,doubt
2026-01-29,Dani,20h 18m,V. Mu침oz,10.679,4.0,113.0,50,5.4,
2026-01-29,Chamac칩nicos,20h 18m,츼. Rodr칤guez,8.259,4.0,88.0,23,4.9,
2026-01-29,Jotabetrbb,20h 18m,U. Sadiq,1.185,4.0,16.0,19,2.0,
2026-01-29,Dani,20h 18m,F. Vi침as,1.133,4.0,52.0,1370,3.1,
2026-01-29,Libre,20h 18m,K. Tunde,0.16,4.0,8.0,12,2.0,
2026-01-29,Libre,20h 18m,A. Blanco,5.112,3.0,76.0,48,4.0,
2026-01-29,Libre,20h 18m,M. Casad칩,1.219,3.0,43.0,3,3.1,
2026-01-29,Jotabetrbb,20h 18m,F. Ugrinic,1.132,3.0,41.0,19,3.7,
2026-01-29,Los marinero,20h 18m,D. Sow,0.993,3.0,51.0,17,3.0,
2026-01-29,Libre,20h 18m,K. Sibo,0.176,3.0,29.0,1370,2.4,
2026-01-29,Libre,20h 18m,M. Morlanes,0.168,3.0,37.0,408,2.5,doubt
2026-01-29,De la Guettir FC,20h 18m,J. Brekalo,0.16,3.0,30.0,1370,2.1,
2026-01-29,Libre,20h 18m,A. Ruibal,5.265,2.0,86.0,4,5.4,
2026-01-29,Dani,20h 18m,J. Gim칠nez,5.016,2.0,37.0,2,4.6,
2026-01-29,Libre,20h 18m,J. Mojica,4.352,2.0,73.0,408,3.5,
2026-01-29,Dani,20h 18m,J. Cancelo,4.644,2.0,6.0,3,3.0,
2026-01-29,Libre,20h 18m,I. Zubeldia,1.503,2.0,52.0,16,3.3,
2026-01-29,Libre,20h 18m,A. Elustondo,0.166,2.0,8.0,16,1.0,
2026-01-29,Libre,20h 18m,F. Cardoso,0.16,2.0,9.0,17,3.0,
2026-01-29,Libre,20h 18m,A. Batalla,7.136,1.0,93.0,14,4.4,
2026-01-29,De la Guettir FC,20h 18m,R. Fern치ndez,0.16,1.0,0.0,48,0.0,
